{"type":"FeatureCollection","features":[{"type":"Feature","geometry":{"bbox":[-68.0500526597679,82.27740713167283,-65.8361567857356,82.59247833935639],"type":"Polygon","coordinates":[[[-67.5073209296225,82.27740713167283],[-67.5073209296225,82.27740713167283],[-67.5073209296225,82.27740713167283],[-67.88083818222816,82.33135732698555],[-68.0500526597679,82.41579661735047],[-67.96016150579618,82.49305288362682],[-67.5302135891278,82.5295364448249],[-67.11507097031102,82.50589447705137],[-66.94304012721139,82.58333161084073],[-66.80136918808321,82.56881053336672],[-66.69501909042654,82.59247833935639],[-66.56580217148071,82.59092804638765],[-66.46188086614175,82.56415965446045],[-66.39682023788627,82.51181142854877],[-66.2195959133413,82.48385447867888],[-65.93976803248081,82.47873851188199],[-65.8361567857356,82.4299301215823],[-66.08244666203866,82.4061331245119],[-66.34571224634962,82.35275136995439],[-66.41314999049051,82.31001496044901],[-66.63553951685859,82.28794912386037],[-67.21741614446509,82.30841299104797],[-67.5073209296225,82.27740713167283]]]},"properties":{"scalerank":4,"featurecla":"Glaciated Areas","min_zoom":3}},{"type":"Feature","geometry":{"bbox":[-81.017452358713,82.16671621370365,-80.39503556997353,82.48685171175181],"type":"Polygon","coordinates":[[[-80.49572709829425,82.32396759716782],[-80.49572709829425,82.32396759716782],[-80.49572709829425,82.32396759716782],[-80.44324968130185,82.32711985953765],[-80.39503556997353,82.27655447054003],[-80.4571764798045,82.16671621370365],[-80.71114030630292,82.25720164664672],[-80.9821315172415,82.31275381136048],[-81.017452358713,82.39295563427747],[-80.94332251659031,82.40551300732439],[-80.71891760936285,82.38659943310556],[-80.62352291535205,82.48685171175181],[-80.55055579295592,82.45863637972043],[-80.5701153225784,82.36742747672527],[-80.49572709829425,82.32396759716782]]]},"properties":{"scalerank":4,"featurecla":"Glaciated Areas","min_zoom":3}},{"type":"Feature","geometry":{"bbox":[-85.26218034538363,82.26707184521446,-84.7621850247436,82.43088613557971],"type":"Polygon","coordinates":[[[-84.97144873730954,82.29042959261038],[-84.97144873730954,82.29042959261038],[-84.97144873730954,82.29042959261038],[-85.26143103711539,82.40044871695979],[-85.26218034538363,82.4068049181317],[-85.14381547721908,82.4206283637698],[-84.9039851549525,82.43088613557971],[-84.7621850247436,82.40070709912125],[-84.81375810417089,82.26707184521446],[-84.97144873730954,82.29042959261038]]]},"properties":{"scalerank":4,"featurecla":"Glaciated Areas","min_zoom":3}},{"type":"Feature","geometry":{"bbox":[-83.83490312369823,82.07589488395068,-83.34746517610513,82.30391714143856],"type":"Polygon","coordinates":[[[-83.60148067903583,82.19462148714125],[-83.60148067903583,82.19462148714125],[-83.60148067903583,82.19462148714125],[-83.8134574042971,82.26629669873007],[-83.83490312369823,82.28758738883434],[-83.79273515494806,82.30391714143856],[-83.61452897818953,82.29544220654272],[-83.41841691764188,82.23978668896434],[-83.34844702831867,82.18847199169853],[-83.34746517610513,82.1194322781566],[-83.41386939160019,82.07589488395068],[-83.48208228222546,82.08064911572153],[-83.52009029817614,82.13788076448479],[-83.60148067903583,82.19462148714125]]]},"properties":{"scalerank":4,"featurecla":"Glaciated Areas","min_zoom":3}},{"type":"Feature","geometry":{"bbox":[-85.43883622917339,80.94779836701908,-77.84516537139564,81.9356192084944],"type":"Polygon","coordinates":[[[-85.31421851270154,81.61202138948268],[-85.31421851270154,81.61202138948268],[-85.31421851270154,81.61202138948268],[-85.43511552604838,81.64354401318072],[-85.43883622917339,81.689096788246],[-85.30003333203743,81.71155019807684],[-84.80303524447032,81.73495962190505],[-84.41820085319276,81.69434194612363],[-84.26580705436402,81.58003367789402],[-83.97964881054776,81.63171011018589],[-83.70700395377584,81.63083161083692],[-83.66325985384077,81.67599681266002],[-83.65364803743448,81.71064586051172],[-83.50047909212137,81.76888519970466],[-83.20832638215927,81.79934845654073],[-82.97273352734061,81.80761668570743],[-82.80592200390245,81.79402578401466],[-82.72099178743075,81.7498424344051],[-82.74303178580323,81.70018138297262],[-82.6564479234982,81.64052094189165],[-82.56642757844575,81.63584422476923],[-82.35073015005948,81.66700511344122],[-82.28874426952538,81.64158030875363],[-81.85282772492728,81.68162954377983],[-81.78288367382024,81.78203685172294],[-81.68991777212715,81.79366404898862],[-81.60289466014763,81.70930227327212],[-81.53530188670986,81.66891714143604],[-81.45910498729549,81.66891714143604],[-81.39590471060254,81.700956529457],[-81.37613847525088,81.72901683219148],[-81.21537309439087,81.7934831814756],[-81.0607572089736,81.88001536734832],[-80.86219051789206,81.88482127555149],[-80.39234839549435,81.9356192084944],[-80.16698747426949,81.88688833284316],[-80.08802588572752,81.82929494905385],[-80.08701819529782,81.76265818961348],[-79.9834586249849,81.7302570665665],[-79.79264339874716,81.71919831005603],[-79.17994177927856,81.7476461860327],[-79.03341325551496,81.73242747672275],[-78.81544206410783,81.79500763622819],[-78.74312089711536,81.78017650016044],[-78.77492774119101,81.7339260932592],[-78.74839189320915,81.64134776480832],[-78.69038509796151,81.59713857698263],[-78.61560930043515,81.57636465120127],[-78.50261878122899,81.59269440380552],[-78.45843543161942,81.65496450471723],[-78.32970943878037,81.6538792996391],[-78.03140723337553,81.5628771023731],[-77.98538937041963,81.52634186474275],[-77.87914262562754,81.49603363720358],[-77.84805925160396,81.48045319286756],[-77.84516537139564,81.41921662060169],[-77.99507870147434,81.38960602489844],[-78.08091325551115,81.40224091259383],[-78.24700130889723,81.37051158316662],[-78.62702979197167,81.40224091259383],[-78.72397477895122,81.35376841910404],[-78.80797481964166,81.33870473909097],[-79.11614722361425,81.32369273551016],[-79.55410498728787,81.35141714143477],[-79.62722713898087,81.38769399690365],[-79.69060828318686,81.39032949495054],[-79.78272152374711,81.36412954377856],[-79.90969051788825,81.40224091259383],[-80.11965186229014,81.34511261669515],[-80.17481645376171,81.37591177034112],[-80.35397864451764,81.38195791291925],[-80.41475012889288,81.36710093863535],[-80.35687252472599,81.27436758088758],[-80.31245663117112,81.2410879584916],[-80.24612993032449,81.22413808869989],[-80.08800004751137,81.22739370393425],[-80.02942481150853,81.1801097683872],[-79.97322669139112,81.1609378120069],[-79.83755021840881,81.14243764924642],[-80.1347672187355,81.10453298616032],[-80.26850582550688,81.07164093700656],[-80.43381873240858,81.08975352652486],[-80.69586992056067,81.04606110302207],[-80.87265499543116,80.99154246695416],[-81.4536014472564,80.94779836701908],[-81.5280155097567,81.00301463492298],[-81.55039140493909,81.0599103868763],[-81.50876603872798,81.09763418244937],[-81.51204749217852,81.15424571402512],[-81.67301957876771,81.28077545849176],[-81.73399776887211,81.2963817410439],[-81.8390042792892,81.24896861441611],[-81.87931189647686,81.2760729031532],[-81.98031348339133,81.25124237743695],[-82.26696265331435,81.24617808707235],[-82.3608070543564,81.28790680614806],[-82.44565975617965,81.26472992626513],[-82.55213904491706,81.27348908153863],[-83.33870602083167,81.21173574494982],[-83.42402381054555,81.23514516877803],[-83.59065446647068,81.2140870226191],[-84.0753535631523,81.23478343375201],[-84.23340593131701,81.20377757437687],[-84.35598242871333,81.21129649527533],[-84.47424394401328,81.29511566845277],[-84.53225073926092,81.31240143505438],[-84.54483395052398,81.35601634390873],[-84.50354448112277,81.40503143993759],[-84.42755428743757,81.40647838004175],[-84.3212041897809,81.35803172476811],[-84.18813737662933,81.34490591096598],[-84.04442521842563,81.35823843049728],[-84.00251563183693,81.45311636018518],[-84.06434648307415,81.47830862092745],[-84.25407650423375,81.4782827827113],[-84.38970130078378,81.51667837190418],[-84.48429501009406,81.45585521109665],[-84.58532243522467,81.49771312125306],[-84.62286536328472,81.54029450146156],[-84.67350826693075,81.56515086539396],[-85.31421851270154,81.61202138948268]]]},"properties":{"scalerank":3,"featurecla":"Glaciated Areas","min_zoom":2.1}},{"type":"Feature","geometry":{"bbox":[-84.2480820380879,80.86134369579479,-81.85435217967989,81.13897532828288],"type":"Polygon","coordinates":[[[-82.00808956574821,81.10910635041817],[-82.00808956574821,81.10910635041817],[-82.00808956574821,81.10910635041817],[-81.91812089712806,81.13897532828288],[-81.85435217967989,81.12926015901199],[-81.8730848863857,81.04781810172001],[-81.94101355663335,80.98963043895937],[-82.10681738964183,80.97040680614678],[-82.20368486197296,80.93185618765703],[-82.26486975780654,80.92668854442785],[-82.32817338736407,80.9403311225529],[-82.75450395377203,80.94503367789146],[-83.06166866731493,80.93635203726645],[-83.18631222200293,80.90694814729238],[-83.30085303417788,80.93769562450602],[-83.50409644238181,80.91358856884186],[-83.67894365104135,80.86134369579479],[-83.73899166536451,80.89594106721421],[-83.93582719596427,80.93299306916747],[-84.222605556968,80.92684357372472],[-84.2480820380879,80.99019887971457],[-84.01936214876406,80.99045726187602],[-83.93636979850332,81.0078722195584],[-83.3581363593734,81.0385421821236],[-83.22470781119578,81.02632070588659],[-83.11011532258856,81.04662954377729],[-82.91961015494456,81.03391714143349],[-82.00808956574821,81.10910635041817]]]},"properties":{"scalerank":4,"featurecla":"Glaciated Areas","min_zoom":3}},{"type":"Feature","geometry":{"bbox":[-74.70900021025025,79.65224437124567,-74.06945268420603,79.74417674429291],"type":"Polygon","coordinates":[[[-74.64011552600519,79.66376821564675],[-74.64011552600519,79.66376821564675],[-74.64011552600519,79.66376821564675],[-74.70900021025025,79.70448924429276],[-74.62264889189055,79.73947418895436],[-74.25063025582133,79.74417674429291],[-74.11521216500049,79.73471995718349],[-74.06945268420603,79.68660919871978],[-74.12655514188856,79.66149445262592],[-74.26969885933704,79.65224437124567],[-74.64011552600519,79.66376821564675]]]},"properties":{"scalerank":5,"featurecla":"Glaciated Areas","min_zoom":5}},{"type":"Feature","geometry":{"bbox":[-94.31038774288075,79.50393301056799,-93.54002132848966,79.644337877105],"type":"Polygon","coordinates":[[[-94.08290808793194,79.53535228140144],[-94.08290808793194,79.53535228140144],[-94.08290808793194,79.53535228140144],[-94.27529944535458,79.52388011343267],[-94.31038774288075,79.57612498647974],[-94.12417171911699,79.62743968374558],[-93.90426266149893,79.644337877105],[-93.54002132848966,79.59643382437044],[-93.54878048376312,79.51390656200032],[-93.63719885941453,79.50393301056799],[-94.08290808793194,79.53535228140144]]]},"properties":{"scalerank":4,"featurecla":"Glaciated Areas","min_zoom":3}},{"type":"Feature","geometry":{"bbox":[-80.19228308787636,79.24265696890028,-77.44413041859454,79.62619944937056],"type":"Polygon","coordinates":[[[-78.50938839385921,79.62619944937056],[-78.50938839385921,79.62619944937056],[-78.50938839385921,79.62619944937056],[-77.72904842803578,79.59547781037305],[-77.44413041859454,79.50982412384927],[-77.45890987823,79.44362661408339],[-77.62373185902494,79.44641714142716],[-77.7171886868248,79.41295665151814],[-77.79540096709854,79.40750478791135],[-77.92851945668241,79.42104401317182],[-78.14442359079786,79.37024608022891],[-78.42378638376772,79.40833161082803],[-78.55806759307816,79.34130727814546],[-78.94233354360054,79.37210643179144],[-79.11278825551528,79.3540455187054],[-79.2112318590313,79.26865021434308],[-79.39476070831589,79.24265696890028],[-79.65032650421534,79.254645901192],[-79.73939083527038,79.27976064728584],[-80.0878450182145,79.3055471869995],[-80.19228308787636,79.36461334910909],[-80.1297546048032,79.43416982697396],[-79.89858008494551,79.50605174429195],[-79.24784461131009,79.56201732046405],[-79.09524410675218,79.55121694611505],[-78.96899858266315,79.5706989610891],[-78.89463619659514,79.60154979116733],[-78.69054012725837,79.59886261668815],[-78.50938839385921,79.62619944937056]]]},"properties":{"scalerank":4,"featurecla":"Glaciated Areas","min_zoom":3}},{"type":"Feature","geometry":{"bbox":[-81.23302059601855,76.23012767201324,-78.11866288930037,77.21156647410048],"type":"Polygon","coordinates":[[[-81.15139767121353,76.70286367461928],[-81.15139767121353,76.70286367461928],[-81.15139767121353,76.70286367461928],[-81.22824052603156,76.6850353054786],[-81.23302059601855,76.8008421902447],[-81.03646928579641,76.84567149525789],[-80.9408420478403,76.91181732859148],[-80.98195064972849,76.95163401967237],[-80.99083899608269,77.00088165964651],[-80.86219051789206,77.17311920847534],[-80.67827409536528,77.21156647410048],[-80.47872555207022,77.17544464792847],[-80.4336637031117,77.15735789662632],[-80.3936661445178,77.11389801706885],[-80.35452124705671,77.07410716420411],[-80.2546307034365,77.06640737579262],[-80.00454260935999,77.13717824981633],[-79.85783321808336,77.1589857042435],[-79.63141292999651,77.13808258738145],[-79.55852332224883,77.11720530873554],[-79.4549637519359,77.05271312123527],[-79.38788774282106,76.95452789988072],[-79.29109778513839,76.89644358998466],[-79.00943539093153,76.8839895698023],[-78.95083431671254,76.86869334584391],[-78.88933936228521,76.80761180287493],[-78.772447272441,76.79673391387747],[-78.38639848500455,76.94574290639109],[-78.29844519724378,76.96062571889117],[-78.22180904815494,76.93287547475042],[-78.1661535305766,76.8890021837346],[-78.1222285631285,76.82745555287501],[-78.11866288930037,76.77288524037478],[-78.13344234893583,76.71418081329121],[-78.17478349476934,76.66808543568685],[-78.32407670766057,76.60664215769181],[-78.51982703318217,76.56620534942346],[-78.58282060414597,76.57480947540002],[-78.69614702016204,76.63235118275703],[-78.81270321319636,76.61909617787417],[-78.94961992055369,76.52757721628525],[-79.07602047393961,76.46659902618086],[-79.30856441925303,76.39210744903211],[-79.42917721222227,76.39451040313368],[-79.54573340525658,76.3561664903731],[-79.73355139842141,76.33234365508655],[-79.95333126495873,76.33895823841992],[-80.00896094432093,76.3098644070396],[-80.36692359080675,76.30955434844584],[-80.69878963898516,76.23012767201324],[-80.77974077017038,76.29482656524264],[-80.4212871975778,76.48918162709238],[-80.39234839549435,76.55083161081659],[-80.45322323273419,76.6042133653741],[-80.57652320018258,76.61677073842104],[-80.64651892772193,76.60323151316058],[-80.76656327993597,76.64113617624663],[-80.9201973131397,76.73939891224965],[-81.07946407746324,76.74730540639031],[-81.15139767121353,76.70286367461928]]]},"properties":{"scalerank":3,"featurecla":"Glaciated Areas","min_zoom":2.1}},{"type":"Feature","geometry":{"bbox":[-83.99949256054785,76.89026825632577,-83.52605892610585,77.030182196756],"type":"Polygon","coordinates":[[[-83.70506608756489,76.97220123972453],[-83.70506608756489,76.97220123972453],[-83.70506608756489,76.97220123972453],[-83.55771074088462,76.97654206003706],[-83.52605892610585,76.91515045847432],[-83.64000545930944,76.89189606394295],[-83.77991939973967,76.89026825632577],[-83.93851437044346,76.94439931915151],[-83.99949256054785,77.00405976023247],[-83.932416551433,77.030182196756],[-83.70506608756489,76.97220123972453]]]},"properties":{"scalerank":4,"featurecla":"Glaciated Areas","min_zoom":3}},{"type":"Feature","geometry":{"bbox":[-86.59352027051915,76.40866974558166,-84.1049383206394,77.0207254096466],"type":"Polygon","coordinates":[[[-84.24309526237172,76.84218333607818],[-84.24309526237172,76.84218333607818],[-84.24309526237172,76.84218333607818],[-84.11077775748839,76.84972809519279],[-84.1049383206394,76.76301504180704],[-84.17570919466316,76.756813869932],[-84.38094214551032,76.78074005808314],[-84.47328793001589,76.73469635691107],[-84.56299821647457,76.72017527943707],[-84.65048641634472,76.74322296823924],[-84.73244523795964,76.73658254668975],[-84.82461015495218,76.69053884551768],[-85.11156938346896,76.74311961537465],[-85.20345008008391,76.67454498972334],[-85.14425472689356,76.6254782172622],[-85.13407446973207,76.55478485788693],[-85.1847173733781,76.46417023386313],[-85.2594673326883,76.40866974558166],[-85.81904557976085,76.54530223256135],[-85.95852027051662,76.60436839467097],[-86.01203121615485,76.66539826120767],[-86.14956804069968,76.70177846954117],[-86.36578223340888,76.69340688750988],[-86.51802100294074,76.72105377878601],[-86.59352027051915,76.79882680938529],[-86.43190222852633,76.89995758738048],[-86.26563330762721,76.9597472195422],[-85.84276506218282,77.01653961863097],[-85.777110154956,77.0207254096466],[-85.60249549024175,76.96687856719846],[-85.41550431999362,76.95204743113071],[-84.84241268587674,77.0105968289174],[-84.63454423698268,76.97587026641727],[-84.24309526237172,76.84218333607818]]]},"properties":{"scalerank":4,"featurecla":"Glaciated Areas","min_zoom":3}},{"type":"Feature","geometry":{"bbox":[-79.95519161652125,72.9567357449168,-76.81078406442533,73.56328786894268],"type":"Polygon","coordinates":[[[-76.93718461781125,73.12256541614143],[-76.93718461781125,73.12256541614143],[-76.93718461781125,73.12256541614143],[-76.81398800322742,73.03577484810721],[-76.81078406442533,72.97482249621895],[-76.84974809437342,72.96862132434394],[-76.91271582712105,72.98753489856277],[-77.07828711618421,72.9701199408804],[-77.28171139190118,72.97539093697416],[-77.4078277249095,72.9567357449168],[-77.53484839548292,73.03290680611504],[-77.81268673370018,72.9935293647086],[-78.03011532256824,73.04561920845883],[-78.12613013376654,72.99725006783363],[-78.21015601267312,72.99285757108883],[-78.31805640329856,73.01228790963056],[-78.83112586130842,72.97629527453928],[-78.89370602081388,73.03753184680515],[-78.9762849596163,73.05833161080263],[-79.06516842315831,73.05833161080263],[-79.1527858141092,73.09137868925329],[-79.21172278513806,73.18524892851146],[-79.29435340037277,73.2458395453737],[-79.48542700877198,73.27061839465763],[-79.57947811554318,73.21072540963137],[-79.95519161652125,73.3281342637985],[-79.93511532257585,73.37593496366848],[-79.86633399119538,73.43748159452811],[-79.74101864288758,73.47577383085637],[-79.45289669464424,73.45303620064796],[-79.43760047068585,73.51153392200236],[-79.32192277700048,73.56328786894268],[-79.11805925160907,73.51163727486694],[-79.00506873240286,73.44691254342136],[-78.98558671742883,73.3809475776008],[-78.93068050811871,73.34787466093398],[-78.8655940416471,73.36898448352521],[-78.83164262563133,73.42063507760095],[-78.81675981313128,73.48461050077829],[-78.76978593617797,73.47985626900744],[-78.77764075388633,73.40497711861653],[-78.71924638539652,73.37996572538724],[-78.61431738962787,73.4012047390592],[-78.50215369333836,73.33020132109017],[-78.3772517564889,73.31113271757447],[-78.22661495635808,73.32782420520475],[-78.16139929880575,73.3917479519498],[-78.15493974476925,73.45050405546566],[-78.04192338734693,73.487039293096],[-77.83170366078359,73.47784088814807],[-77.67013729522304,73.45042654081722],[-77.4967628648838,73.29955719674109],[-77.47126054554778,73.24891429309504],[-77.42327897816477,73.20938182239176],[-77.28080705433607,73.19803884550373],[-77.14482052276,73.15088410103736],[-76.93718461781125,73.12256541614143]]]},"properties":{"scalerank":3,"featurecla":"Glaciated Areas","min_zoom":2.1}},{"type":"Feature","geometry":{"bbox":[-75.73777462431687,72.198461615682,-75.30338253447138,72.44674103462832],"type":"Polygon","coordinates":[[[-75.6062839423502,72.198461615682],[-75.6062839423502,72.198461615682],[-75.6062839423502,72.198461615682],[-75.68697669137396,72.26334137642444],[-75.73777462431687,72.42622549100842],[-75.69705359567088,72.44674103462832],[-75.6461523098634,72.42932607694594],[-75.59122026233712,72.39191233996662],[-75.32183102079958,72.28861115181518],[-75.30338253447138,72.24370433215354],[-75.34379350452363,72.21076060656746],[-75.6062839423502,72.198461615682]]]},"properties":{"scalerank":4,"featurecla":"Glaciated Areas","min_zoom":3}},{"type":"Feature","geometry":{"bbox":[-76.21635006377193,71.76533559842765,-75.65850297718114,72.06774608019971],"type":"Polygon","coordinates":[[[-75.79490292021555,71.88992747668335],[-75.79490292021555,71.88992747668335],[-75.79490292021555,71.88992747668335],[-75.86833513050229,71.80709015571951],[-76.0371361965837,71.76533559842765],[-76.2085210842797,71.79184560819338],[-76.21635006377193,71.85315969510769],[-76.18100338408428,71.8823052029203],[-75.91652340361446,72.02123729113701],[-75.69648515491568,72.06774608019971],[-75.65850297718114,72.05335419380641],[-75.70377153186882,71.94400686307681],[-75.75681738961643,71.88992747668335],[-75.79490292021555,71.88992747668335]]]},"properties":{"scalerank":4,"featurecla":"Glaciated Areas","min_zoom":3}},{"type":"Feature","geometry":{"bbox":[-75.34511125354707,71.75003937446927,-74.64835791695575,72.06213918729604],"type":"Polygon","coordinates":[[[-74.80935584176109,71.8111984320867],[-74.80935584176109,71.8111984320867],[-74.80935584176109,71.8111984320867],[-74.92735897489958,71.77169179959957],[-75.26299740263529,71.75003937446927],[-75.33221798369026,71.79039866808922],[-75.34511125354707,71.84874136014675],[-75.29811153837761,71.91062388781627],[-75.24196509469249,71.94863190376692],[-75.04345008004327,72.04676544868921],[-74.95430823433978,72.06213918729604],[-74.69608110217729,72.02356273059014],[-74.65760799833599,72.00433909777759],[-74.64835791695575,71.93912344022523],[-74.80935584176109,71.8111984320867]]]},"properties":{"scalerank":4,"featurecla":"Glaciated Areas","min_zoom":3}},{"type":"Feature","geometry":{"bbox":[-73.27022498237991,70.80146678331964,-72.86123185900591,71.15333161079501],"type":"Polygon","coordinates":[[[-73.00750200060804,70.80146678331964],[-73.00750200060804,70.80146678331964],[-73.00750200060804,70.80146678331964],[-73.26154334175489,70.86166982693966],[-73.27022498237991,70.97305837674483],[-73.13705481636376,71.0992263861854],[-73.0326684231342,71.15333161079501],[-72.96915808784746,71.15333161079501],[-72.87086951362832,71.1241344265501],[-72.86123185900591,71.1025336778521],[-72.90177202013886,71.03512177192734],[-72.93409562853743,71.01147980415381],[-72.95037370470936,70.9390294460806],[-72.92151241727436,70.88409739855435],[-72.92742936877178,70.83872549100208],[-72.9612515937068,70.81237051053323],[-73.00750200060804,70.80146678331964]]]},"properties":{"scalerank":4,"featurecla":"Glaciated Areas","min_zoom":3}},{"type":"Feature","geometry":{"bbox":[-72.73366858589341,70.84906077746045,-72.3835865953321,71.12790680610739],"type":"Polygon","coordinates":[[[-72.63506995308052,71.0732331407426],[-72.63506995308052,71.0732331407426],[-72.63506995308052,71.0732331407426],[-72.55641842313227,71.12790680610739],[-72.50562049018936,71.12790680610739],[-72.41218950060565,71.08165639920618],[-72.3835865953321,71.04630971951853],[-72.39322424995454,70.95006236437492],[-72.43645158556669,70.91908234321595],[-72.71000077990372,70.84906077746045],[-72.73366858589341,70.95086334907545],[-72.63506995308052,71.0732331407426]]]},"properties":{"scalerank":4,"featurecla":"Glaciated Areas","min_zoom":3}},{"type":"Feature","geometry":{"bbox":[-72.27330908882125,70.48231313748504,-71.5319331529459,70.80606598579361],"type":"Polygon","coordinates":[[[-71.90506283230935,70.48562042915172],[-71.90506283230935,70.48562042915172],[-71.90506283230935,70.48562042915172],[-72.19716386583917,70.48231313748504],[-72.27330908882125,70.53615997993317],[-72.20204728869075,70.67129385037641],[-72.15300635444576,70.71731171333234],[-71.90777584500468,70.71881032986879],[-71.61066219754255,70.80606598579361],[-71.5319331529459,70.7674120144393],[-71.613220180941,70.66708222114461],[-71.73261857775137,70.60703420682147],[-71.75982621935304,70.5569339057145],[-71.85553097195759,70.50045156521948],[-71.90506283230935,70.48562042915172]]]},"properties":{"scalerank":4,"featurecla":"Glaciated Areas","min_zoom":3}},{"type":"Feature","geometry":{"bbox":[-74.7234179348597,69.5792416449684,-71.93392411974438,70.46732697212038],"type":"Polygon","coordinates":[[[-72.93275204129785,70.13450490994457],[-72.93275204129785,70.13450490994457],[-72.93275204129785,70.13450490994457],[-72.68126868354945,70.00864695909773],[-72.51293270535866,69.89216828071183],[-72.35870439318356,69.82664256456574],[-71.96374142117678,69.75538076443526],[-71.93392411974438,69.66355174425259],[-72.014771898065,69.59208323839293],[-72.16266984728435,69.5792416449684],[-72.3660941230013,69.60296112739037],[-72.5258259752155,69.64003896755979],[-72.63902320015083,69.69326569282042],[-72.87128292508666,69.73866343858883],[-73.45755204943796,69.70975047472153],[-73.63591325549336,69.74365021430499],[-73.8010194566659,69.83253367784702],[-74.01692359078135,69.80716054959171],[-74.21737647164153,69.87589020453989],[-74.64556738961198,70.16786204698899],[-74.70778581409141,70.26617645942427],[-74.7234179348597,70.37534292264085],[-74.65427486845317,70.45094554308388],[-74.2776053534777,70.46732697212038],[-73.64927161324081,70.35053823514075],[-72.93275204129785,70.13450490994457]]]},"properties":{"scalerank":3,"featurecla":"Glaciated Areas","min_zoom":2.1}},{"type":"Feature","geometry":{"bbox":[-70.59338578966089,70.04750763618121,-70.23945390489385,70.33343333605215],"type":"Polygon","coordinates":[[[-70.49447709825424,70.06016836209271],[-70.49447709825424,70.06016836209271],[-70.49447709825424,70.06016836209271],[-70.55421505398364,70.04750763618121],[-70.59338578966089,70.10435171170228],[-70.4933918931761,70.2758141140467],[-70.38347612169129,70.32619863553127],[-70.28720292833154,70.33343333605215],[-70.25785071478975,70.31498484972397],[-70.23945390489385,70.28563263618217],[-70.26397437201634,70.20749787055685],[-70.49447709825424,70.06016836209271]]]},"properties":{"scalerank":4,"featurecla":"Glaciated Areas","min_zoom":3}},{"type":"Feature","geometry":{"bbox":[-69.63481380886277,69.88514028592014,-69.2944211493562,70.08595490180635],"type":"Polygon","coordinates":[[[-69.5243554348389,69.88514028592014],[-69.5243554348389,69.88514028592014],[-69.5243554348389,69.88514028592014],[-69.61354895697467,69.92152049425361],[-69.63481380886277,69.97531566026946],[-69.62052527533407,70.00549469672792],[-69.45903642442197,70.07406932237923],[-69.3739511786534,70.08595490180635],[-69.2944211493562,70.02466665310818],[-69.44252580430472,69.89800771756082],[-69.5243554348389,69.88514028592014]]]},"properties":{"scalerank":4,"featurecla":"Glaciated Areas","min_zoom":3}},{"type":"Feature","geometry":{"bbox":[-69.86771948920224,69.3280425075976,-69.04009558783176,69.47524282498101],"type":"Polygon","coordinates":[[[-69.79880896674103,69.35103851996747],[-69.79880896674103,69.35103851996747],[-69.79880896674103,69.35103851996747],[-69.84591203477507,69.36408681912117],[-69.86771948920224,69.42847565375685],[-69.60969906276893,69.47524282498101],[-69.54174455430511,69.44842275662153],[-69.14660071478531,69.46098012966844],[-69.04009558783176,69.4193289252412],[-69.2451993475982,69.34786041938153],[-69.42433570013797,69.3280425075976],[-69.63323767767787,69.3522270779102],[-69.79880896674103,69.35103851996747]]]},"properties":{"scalerank":4,"featurecla":"Glaciated Areas","min_zoom":3}},{"type":"Feature","geometry":{"bbox":[-67.50114559596362,66.56870189072457,-64.85427873397386,67.58522899033804],"type":"Polygon","coordinates":[[[-67.2876702541659,67.318759467225],[-67.2876702541659,67.318759467225],[-67.2876702541659,67.318759467225],[-67.3464521958979,67.3869981960664],[-67.50114559596362,67.41914093695193],[-67.46830522324213,67.51820465765546],[-67.09018876816249,67.55634186468687],[-66.72271765813498,67.55153595648373],[-66.66553768580403,67.53220897080656],[-66.47733211939702,67.51639598252525],[-66.00539710149148,67.36795543076686],[-65.90178585474628,67.4022944200248],[-65.8615299139909,67.47156667751206],[-65.87718787297534,67.54269928656181],[-65.82437455917305,67.58522899033804],[-65.74045203313105,67.57933787705674],[-65.67420284693287,67.53024526637948],[-65.61079586451073,67.45888011338438],[-65.5910296291591,67.3355284695037],[-65.52059465194527,67.27982127549306],[-65.46424150253098,67.32508983018074],[-65.45522396509605,67.3662501085012],[-65.40899939641098,67.41526520453006],[-65.33329342310338,67.43262848578011],[-65.24136105005614,67.40921906195192],[-65.06664303247732,67.29925161403479],[-65.00928219263334,67.24380280218561],[-65.10493526880559,67.203856920024],[-65.29267574732197,67.21796458603968],[-65.34750444198365,67.13486888291435],[-65.31073666040798,67.08644806585686],[-65.27280615910574,66.98805613877313],[-65.20580766463932,66.97916779241892],[-65.02661963566726,67.0626252305703],[-64.99225480819317,67.12256989202889],[-64.93223263208615,67.15832998317485],[-64.85471798364834,67.15688304307069],[-64.85427873397386,67.08218476019279],[-65.07679745142266,66.98976146103875],[-65.13992021346719,66.83537811956678],[-65.2177190822826,66.76305695257433],[-65.34282772486124,66.78450267197543],[-65.4184045070881,66.71936452907154],[-65.46873735214038,66.58027741155796],[-65.52413448755726,66.56870189072457],[-65.60952979191958,66.61944814723519],[-65.59976294621643,66.64218577744363],[-65.50496253117699,66.67071116806873],[-65.48356848820815,66.70577362737878],[-65.47739315454928,66.74998281520446],[-65.50852820500512,66.7976284857776],[-65.58113359237521,66.79985057236614],[-65.63255164250562,66.72006216090749],[-65.6949767727142,66.68874624293859],[-65.74848771835244,66.72853709580333],[-65.78869198267552,66.84920156520487],[-65.84912757024087,66.9322972683302],[-65.94710608586625,66.97529205999705],[-66.0756512111923,66.9788577338252],[-66.15303666854936,66.87400625270497],[-66.23013790552885,66.87839874944977],[-66.33757320826365,66.93844676377294],[-66.41110877141499,67.03285960557018],[-66.47038163925376,67.15032013616961],[-66.54185014511343,67.23021190049285],[-66.76139746770545,67.17631338161243],[-66.99133175318813,67.21243520778445],[-67.04982947454253,67.17391042751085],[-67.14140011256374,67.17719188096139],[-67.24862870956937,67.21827464463344],[-67.30066687688729,67.26865916611801],[-67.2876702541659,67.318759467225]]]},"properties":{"scalerank":3,"featurecla":"Glaciated Areas","min_zoom":2.1}},{"type":"Feature","geometry":{"bbox":[-62.62573259138682,66.48431427679195,-62.2408723618931,66.68799693467038],"type":"Polygon","coordinates":[[[-62.47726620141226,66.48431427679195],[-62.47726620141226,66.48431427679195],[-62.47726620141226,66.48431427679195],[-62.59609615746743,66.51867910426604],[-62.62573259138682,66.60435862900597],[-62.56875932478503,66.68120148382398],[-62.48752397322221,66.68799693467038],[-62.39644426130778,66.63216054957901],[-62.261904669835886,66.63877513291236],[-62.2408723618931,66.58466990830276],[-62.27515967471875,66.53604238551613],[-62.3641723293415,66.49816356064618],[-62.47726620141226,66.48431427679195]]]},"properties":{"scalerank":4,"featurecla":"Glaciated Areas","min_zoom":3}},{"type":"Feature","geometry":{"bbox":[-65.30543982609807,66.27585154892652,-64.45014319523527,66.65081574163638],"type":"Polygon","coordinates":[[[-64.99563961450828,66.63717316351132],[-64.99563961450828,66.63717316351132],[-64.99563961450828,66.63717316351132],[-64.91287980819284,66.64895539007385],[-64.79185360376528,66.65081574163638],[-64.7122718980358,66.63404673935766],[-64.45763627791759,66.54534414332865],[-64.45014319523527,66.48617462835445],[-64.61077938501455,66.46793284775542],[-64.69278988306175,66.50131582301599],[-64.82846635604407,66.51785228134939],[-65.06341325545907,66.46700267197419],[-65.11258338078478,66.40090851507286],[-65.11465043807647,66.31626251897877],[-65.16570675318084,66.27585154892652],[-65.20100175643618,66.29135447861411],[-65.30543982609807,66.41114044866667],[-65.26663082544687,66.5088089056983],[-65.1949297756419,66.55410329860213],[-64.99563961450828,66.63717316351132]]]},"properties":{"scalerank":4,"featurecla":"Glaciated Areas","min_zoom":3}},{"type":"Feature","geometry":{"bbox":[-63.3771854315591,66.21272878688201,-63.09115637882359,66.37791250270298],"type":"Polygon","coordinates":[[[-63.23848588728771,66.21399485947317],[-63.23848588728771,66.21399485947317],[-63.23848588728771,66.21399485947317],[-63.36628170434552,66.21272878688201],[-63.3771854315591,66.29481679957765],[-63.311349656819246,66.34690664332787],[-63.21202755395427,66.37791250270298],[-63.10547075056843,66.36225454371855],[-63.09115637882359,66.28944245061929],[-63.14350460473524,66.23621572535866],[-63.23848588728771,66.21399485947317]]]},"properties":{"scalerank":4,"featurecla":"Glaciated Areas","min_zoom":3}},{"type":"Feature","geometry":{"bbox":[-64.04120174829353,65.80458832464079,-63.69287675643015,66.1189619004884],"type":"Polygon","coordinates":[[[-63.710963507732295,65.90378123642505],[-63.710963507732295,65.90378123642505],[-63.710963507732295,65.90378123642505],[-63.960018073162985,65.80458832464079],[-64.04120174829353,65.84176951767479],[-64.01086768253819,65.88409251572183],[-63.996604987225645,66.01302521429007],[-63.950948859295764,66.08056631129556],[-63.83478023950364,66.1189619004884],[-63.75271806502414,66.07271149358719],[-63.69287675643015,65.98946076116498],[-63.710963507732295,65.90378123642505]]]},"properties":{"scalerank":4,"featurecla":"Glaciated Areas","min_zoom":3}},{"type":"Feature","geometry":{"bbox":[-79.43163184275613,81.49719635693013,-68.68575029160637,82.83525421826361],"type":"Polygon","coordinates":[[[-79.38628577342001,82.16785309521406],[-79.38628577342001,82.16785309521406],[-79.38628577342001,82.16785309521406],[-79.41269243032117,82.16211701122968],[-79.43163184275613,82.21306997346944],[-79.3221036445135,82.33714508740225],[-79.20810543487764,82.38654775667327],[-79.1759110175598,82.44917959261103],[-79.10857662628348,82.49093414990286],[-79.00630896677788,82.50685049104875],[-78.87404313832681,82.4964118517258],[-78.7101771715293,82.44163483349642],[-78.58220048695847,82.42760468212917],[-78.48716752797371,82.4429267443037],[-78.2732529365015,82.4144013536786],[-78.20478166371477,82.45873973258502],[-78.19395545114962,82.53020823844467],[-78.10964535186542,82.56948232698652],[-77.96893042673466,82.48214915641323],[-77.86082333038006,82.48959056266328],[-77.8567925686613,82.56736359326253],[-77.67517574737151,82.63862539339304],[-77.48257768421969,82.638263658367],[-77.01371741403553,82.62699819612736],[-76.91579057484242,82.57377147086673],[-76.68833675810974,82.56534821240315],[-76.61206234404693,82.54100861279368],[-76.4956095038772,82.43827586539744],[-76.4962296210647,82.37112234163415],[-76.56516598174207,82.29924042431615],[-76.55397803415087,82.1942597521152],[-76.48917578805685,82.17774913199797],[-76.31531043161085,82.19839386669857],[-76.25159339059498,82.14392690706292],[-76.15366655140187,82.12615021435452],[-75.97272152373188,82.12615021435452],[-75.84161841500739,82.08155345328666],[-75.76270850289771,82.13183462190663],[-75.76203670927791,82.20015086539648],[-75.69330705432972,82.30391714143856],[-75.63168290882166,82.26397125927694],[-75.61581824410806,82.23022654899036],[-75.45701656767513,82.13583954540924],[-75.37304236520083,82.11643504508368],[-75.29847327340366,82.14253164339105],[-75.20279435901526,82.1465624051098],[-75.02022152372807,82.12615021435452],[-74.97376441109768,82.18128896760994],[-74.96317074247784,82.21921946891219],[-74.87707780627957,82.24208629020136],[-74.74426937528946,82.21335419384705],[-74.59032528349198,82.21306997346944],[-74.43377153186374,82.249811916829],[-74.41594316272304,82.36520539013672],[-74.71980058459926,82.40127553987647],[-74.80434322782877,82.48057302522834],[-74.80354224312825,82.56162750927815],[-74.63510291207288,82.61064260530698],[-74.54464331734596,82.62317414013778],[-74.35984839547021,82.60870473909604],[-74.26393693713649,82.638263658367],[-73.82466142443943,82.62043528922631],[-73.52178585477677,82.55186066357497],[-73.45091162788846,82.50840078401752],[-73.42525427925554,82.4525902371423],[-73.46243547228954,82.40732168245462],[-73.38525672066163,82.31538930940737],[-73.27596106636432,82.30148834912085],[-73.15054236519194,82.30991160758443],[-72.97954505073812,82.35760895458982],[-72.91301164416234,82.44416697867872],[-72.83133704292504,82.45129832633499],[-72.77614661323733,82.36070954052734],[-72.69248246935678,82.32983287223296],[-72.61499365913511,82.3299103868814],[-72.56995764839274,82.37667755810553],[-72.55982906766354,82.45362376578812],[-72.52251868354881,82.47956533479864],[-72.4421359931188,82.40553884554053],[-72.35048784044916,82.40915619580097],[-72.27702979194626,82.43093781201202],[-72.22134843615177,82.52607412386133],[-72.00802812365092,82.60232269970798],[-71.96012407091635,82.66963125276816],[-71.98978634305189,82.73019603141422],[-71.95123572456214,82.79833140739107],[-71.89397823758276,82.81626312939635],[-71.7003466457851,82.82538401969589],[-71.60417680528992,82.76766144482583],[-71.51394975450832,82.7513833686539],[-71.43850216336219,82.76874664990397],[-70.95475908067795,82.74854116487784],[-70.86584977891978,82.8072455919614],[-70.79890296088568,82.7971686876645],[-70.81270056830759,82.72719879834129],[-70.70777157253895,82.70146393505995],[-70.5732578192832,82.77621389437014],[-69.97802283392926,82.83525421826361],[-69.76384986029558,82.8068321805031],[-69.53996171739104,82.71688935009907],[-69.6153059556726,82.65743561474729],[-69.71067481146724,82.6342845730805],[-69.92750912136395,82.62141714143984],[-70.10566362169018,82.67087148714317],[-70.1781139797634,82.64947744417434],[-70.29919186062324,82.56855215120525],[-70.53705847846274,82.46308055289755],[-70.55834916856699,82.4104739448244],[-70.54483578152266,82.37264679638677],[-70.46331620958225,82.31993683544904],[-69.93978227403326,82.30350372998024],[-69.65752560085505,82.32903188753242],[-69.5364477199952,82.31187531201151],[-69.35074846055434,82.33735179313142],[-69.30237931992914,82.37414541292323],[-68.81375281439334,82.46845490185592],[-68.70525814479656,82.44855947542352],[-68.68575029160637,82.38543671337901],[-68.88199154323476,82.31435578076152],[-68.93382300482351,82.2624209663082],[-69.06794918483706,82.19317454703709],[-69.25393266465554,82.17886017529223],[-69.54213212754729,82.18568146435477],[-70.00639319525749,82.13335907665923],[-70.35562252468597,82.1440819363598],[-70.42311194525917,82.11565989859928],[-70.63059282091103,82.15508901643797],[-70.69265621609357,82.21141632763612],[-70.63880937364544,82.27544342724575],[-70.65379553901008,82.3082062853188],[-70.78234066433612,82.22089895296166],[-70.80091834174505,82.17224559195888],[-70.8521296861463,82.14888784456296],[-70.90964555528714,82.17224559195888],[-71.00607377794378,82.08258698193247],[-71.1280301581526,82.06677399365115],[-71.27951961941622,82.1097171088857],[-71.39028805203387,82.09974355745338],[-71.46454708523729,82.13638214794831],[-71.56288733588872,82.14123973258374],[-71.61818111844102,82.11498810497947],[-71.65458716499064,82.06925446240116],[-71.80473303901468,81.99995636669776],[-72.24336259630812,81.97907908805185],[-72.32782772488918,81.9356192084944],[-72.65881527371863,81.90918671337708],[-72.93985755073797,81.83676219352004],[-73.00902645536064,81.86740631786911],[-72.98820085314702,81.9483316108382],[-73.04990251330354,81.995925604979],[-73.09602372912403,81.99825104443214],[-73.155865037718,81.96212921826013],[-73.14945716011381,81.90285635042135],[-73.30991248238008,81.84906118440551],[-73.8264442613535,81.79593781200946],[-73.91023759631477,81.71764801708726],[-74.01570919462249,81.70046560335024],[-74.24554012724059,81.73242747672275],[-74.33961707222795,81.67253449169645],[-74.40638302274905,81.65780670849328],[-74.46904069690297,81.67504079866261],[-75.07016679553817,81.66473135042038],[-75.26695064970562,81.60876577424828],[-75.28240190296088,81.55233511018555],[-75.44089352080007,81.49719635693013],[-75.70444332548863,81.51864207633128],[-75.66873491077493,81.54094045686521],[-75.45099626331313,81.56695954052417],[-75.39712358264885,81.68705556917048],[-75.46241675484963,81.74255605745195],[-75.7887534247728,81.75800731070721],[-76.03623185901859,81.7197409125951],[-76.13369361032107,81.58923208284197],[-76.2119575670271,81.55373037385745],[-76.27582963733987,81.56809642203457],[-76.30073767770455,81.61403677034205],[-76.25024980335539,81.6767719591444],[-76.25164506702727,81.75862742789472],[-76.27601050485288,81.79108022737402],[-76.36644426136365,81.80865021435325],[-76.4402640448926,81.74278860139727],[-76.4619164700229,81.69622813590227],[-76.58314938017963,81.67266368277718],[-76.76828019886527,81.68317983674858],[-76.95868201364468,81.6652997911756],[-77.05474850127527,81.63336375601922],[-77.28080705433607,81.6054068061493],[-77.59197669138159,81.65620473909222],[-77.72532772491076,81.65620473909222],[-77.85402787953367,81.6784514431939],[-77.91074276397401,81.66695343700893],[-78.1190246243264,81.73242747672275],[-78.19519568552462,81.73242747672275],[-78.34981157094191,81.79712636995218],[-78.33482540557728,81.84198151318152],[-78.26793026397544,81.87125621207487],[-78.28612036814219,81.93189850536938],[-78.47463599314293,81.9483316108382],[-78.52954220245304,81.88939463980931],[-78.60775448272679,81.88122976350719],[-78.76934668650348,81.99701081005712],[-78.85213233103507,82.01512339957544],[-78.92003516306659,82.05326060660683],[-78.96029110382196,82.12116343863836],[-79.02064917673886,82.13379832633372],[-79.06506507029373,82.11374787060448],[-79.07744157582763,82.06512034781782],[-79.05612504750724,81.99008616813002],[-79.13847144236435,81.92337189404121],[-79.29879757354988,81.93339712190583],[-79.34029374868024,82.03850698518751],[-79.25952348500806,82.14671743440668],[-79.23244503448711,82.22159658479761],[-79.31192338735201,82.24774485953729],[-79.35145585805529,82.22154490836532],[-79.38628577342001,82.16785309521406]]]},"properties":{"scalerank":3,"featurecla":"Glaciated Areas","min_zoom":2.1}},{"type":"Feature","geometry":{"bbox":[-80.86903764517074,79.58186107046414,-69.54655046250826,81.13396271435055],"type":"Polygon","coordinates":[[[-69.69651546901927,80.87759593375058],[-69.69651546901927,80.87759593375058],[-69.69651546901927,80.87759593375058],[-69.6216104804122,80.83341258414102],[-69.54655046250826,80.81754791942741],[-69.56471472845885,80.73708771434897],[-69.80054012722282,80.69104401317692],[-69.89286007351225,80.59322052684838],[-70.01006222195022,80.56402334260348],[-70.17516842312276,80.56402334260348],[-70.29154374864405,80.58311778433533],[-70.37202979193864,80.6656192084893],[-70.47362565782447,80.5894481472911],[-70.6514442613408,80.62753367789018],[-70.76983496772151,80.61895539012976],[-70.82458614773472,80.60836172150994],[-70.88499589708393,80.56516022411391],[-70.82169226752637,80.51319957144442],[-70.90706173367255,80.4577249213791],[-70.98491227892026,80.44030996369675],[-71.2120560370592,80.42320506460813],[-71.38804012722917,80.50053884553292],[-71.46777686225553,80.49774831818915],[-71.57172400581064,80.47322785106665],[-71.61683753120144,80.42139638947792],[-71.74086096870192,80.39214752880072],[-72.25338782417273,80.33703461376143],[-72.522906256791,80.25727204051891],[-72.66612748888792,80.30515025503733],[-72.81945146349791,80.4135674099857],[-72.88719926623256,80.42573720979043],[-72.95256995308178,80.36083161083185],[-72.9298581610895,80.29261872020656],[-72.94158871121975,80.20776601838331],[-72.96342200386307,80.15823415803156],[-73.03899878608993,80.07190867788798],[-73.03899878608993,80.02746694611697],[-73.14679582385078,79.97920115835636],[-73.36499955920323,79.94504303661144],[-73.6435872056887,79.93026357697595],[-73.99346249052084,79.9471100939031],[-74.48183061389518,80.07082347280983],[-74.60750769722902,80.12172475861733],[-74.70145545113564,80.08821259227607],[-74.74481197782853,79.93871267365567],[-74.79157914905267,79.84360220002249],[-74.8479581366831,79.80810049103796],[-74.9341802639621,79.85285228140272],[-75.01784440784265,79.86008698192357],[-75.0791326565408,79.82851268179324],[-75.32405310738814,79.86344595002255],[-75.42337521025311,79.8363674995016],[-75.48246721057887,79.71373932567299],[-75.43505408395109,79.64335602489147],[-75.49993384469353,79.58408315705269],[-75.65170752633476,79.62816315379764],[-75.81730465361409,79.63203888621955],[-76.1980049303083,79.62552765575077],[-76.41853410511388,79.58186107046414],[-76.56821489124728,79.58307546662299],[-76.63720292835694,79.61100657827676],[-77.18838375518206,79.63767161733936],[-77.26809465199227,79.7385440131731],[-78.27792965362391,79.7767845730691],[-78.48734839548673,79.76391714142842],[-78.63969051788317,79.7258316108293],[-78.79404802113899,79.78226227489203],[-78.89370602081388,79.79324351675406],[-79.001373867494,79.77554433869408],[-79.40018673370653,79.85223216421521],[-79.9217569648284,79.7900654161681],[-80.1011775377458,79.79652497020457],[-80.21447811554572,79.76391714142842],[-80.32994910350192,79.79306264924104],[-80.84278601756647,79.77918752717066],[-80.86903764517074,79.83057973908494],[-80.51629431834641,79.9057172716373],[-80.44503251821592,79.96550690379901],[-80.50681169302085,80.05408030874729],[-80.58117407908885,80.03030914989303],[-80.7175998603394,80.06710276968484],[-80.70920244009197,80.12146637645587],[-80.65292680532613,80.13252513296634],[-80.50660498729168,80.13224091258873],[-80.37963599315054,80.17035228140399],[-80.10541500519372,80.16751007762794],[-79.97053951691194,80.18461497671656],[-79.89749487986737,80.22928925243288],[-79.81876583527071,80.2402704942949],[-79.7466513740074,80.20202993439891],[-79.65461564809556,80.19464020458118],[-79.48979366730065,80.23975372997198],[-79.36362565786003,80.2211502143469],[-78.88665218780604,80.3464655626547],[-78.48920874704925,80.39995067007679],[-78.22059465199608,80.50053884553292],[-78.15354448109738,80.4659931505458],[-78.13623287627959,80.43250682242068],[-78.07135311553715,80.3858430040611],[-77.93789872914338,80.31024038361811],[-77.73483618845248,80.29850983348784],[-77.63414466013175,80.329877427889],[-77.64031999379063,80.4284243842696],[-77.76845170765833,80.45780243602754],[-77.79162858754124,80.50976308869703],[-77.55926550974084,80.46754344351454],[-77.40961056182358,80.47927399364482],[-77.36695166696663,80.54748688427007],[-77.39123959014381,80.58670929637962],[-77.46733313669358,80.63531098095014],[-77.2291306220442,80.6624152696872],[-76.77815039743302,80.66215688752574],[-76.51516903349967,80.65332021760385],[-76.37910498727517,80.62753367789018],[-76.31202897816033,80.66205353466115],[-76.29474321155868,80.6955398627863],[-76.23893266468346,80.70520335562487],[-76.17857459176656,80.63580190705689],[-76.05925370960462,80.61590648062453],[-75.9811706204116,80.62329621044226],[-75.85841325550227,80.6656192084893],[-75.83270423043706,80.76065216747405],[-75.73449317086634,80.8175995958597],[-75.4140217760083,80.8010631375263],[-75.28123918323432,80.84219757763064],[-75.1853277249006,80.83072540966184],[-74.91611935087609,80.87268667268283],[-74.59794755725503,80.95774608023528],[-74.41379859078293,80.95774608023528],[-74.26329098173285,80.97996694612077],[-74.08038224963576,81.05934194612108],[-73.53431738960755,81.0974274767202],[-73.29978390165087,81.0504535997669],[-73.21821265327816,81.07432811148574],[-72.77004879422688,81.09220815705872],[-72.61910193550233,81.0580500353138],[-72.58189490425217,80.98686574983175],[-72.42345496284528,80.90948029247467],[-72.00203365750505,80.90896352815174],[-71.57441118028981,80.93141693798255],[-71.39904720730733,80.95805613882901],[-71.28644426134335,80.93232127554766],[-71.07291724311332,81.11380890575673],[-71.0084508938292,81.13396271435055],[-70.93398515489662,81.13344595002765],[-70.89432349311261,81.05254649527471],[-70.96041765001391,81.02337514924595],[-71.10183020698062,80.85553009716195],[-71.21053158230657,80.8373916694275],[-71.29515174018454,80.88697520621155],[-71.42059627957305,80.88648428010477],[-71.68822852241266,80.81129507112009],[-71.75073116726968,80.83387767203165],[-71.82447343615019,80.83325755484414],[-72.05024776883337,80.74447744416672],[-72.04962765164586,80.663087063307],[-72.0167872789244,80.61471792268182],[-71.97361161974453,80.57619314240823],[-71.86255896674929,80.55963084585869],[-71.62135921902697,80.63089264598916],[-71.505216437451,80.69827871369777],[-71.37499182807547,80.71285146760407],[-71.24864295112185,80.69460968700504],[-71.09717932807436,80.72685578075517],[-70.92527767605543,80.80225169546902],[-70.53780778673098,80.86948273388076],[-70.18782914903426,80.97330068635513],[-69.76726050482685,80.94872854280034],[-69.69651546901927,80.87759593375058]],[[-73.14635657417631,80.2790278185138],[-73.14635657417631,80.2790278185138],[-73.14635657417631,80.2790278185138],[-73.05829993355096,80.31809520132647],[-73.08186438667605,80.41240469025912],[-73.14855282254871,80.40493744579295],[-73.21361345080417,80.36853139924334],[-73.34611182320054,80.33623362906091],[-73.46853329129999,80.38542959260276],[-73.54876095243313,80.36093496369641],[-73.5764853583577,80.23505117463343],[-73.61351152209484,80.18712128368271],[-73.54343827990706,80.11795237906004],[-73.36164059110425,80.0941812202058],[-73.24255225288763,80.13081981070071],[-73.2078256903875,80.21531077749792],[-73.14635657417631,80.2790278185138]]]},"properties":{"scalerank":3,"featurecla":"Glaciated Areas","min_zoom":2.1}},{"type":"Feature","geometry":{"bbox":[-94.20731909867463,78.76775055613795,-88.5199143134956,80.51513743765538],"type":"Polygon","coordinates":[[[-93.9400227526449,79.86553884553037],[-93.9400227526449,79.86553884553037],[-93.9400227526449,79.86553884553037],[-94.17393612341407,79.86977631297832],[-94.20731909867463,79.88401317007471],[-94.16626217321873,79.93682648387703],[-94.03619259314007,79.9287132840072],[-93.93823991573083,79.96395661083024],[-93.91340939001458,80.03852570262741],[-93.83431861039188,80.05066966421602],[-93.79481197790474,79.97170807567404],[-93.68329423701888,79.94194245067392],[-93.60875098343784,79.97558380809592],[-93.55960669632827,80.02167918570028],[-93.42847774938764,80.07480255809632],[-93.26564531123594,80.11578196890376],[-93.00201799189895,80.08984039989325],[-92.99654029007601,80.18068756786238],[-93.05382361527158,80.19505361603952],[-93.25153764522028,80.19355499950304],[-93.36494157588479,80.2233464627193],[-93.56598873571633,80.21820465770628],[-93.62236772334676,80.23360423452924],[-93.62880143916709,80.2955642768472],[-93.51392473018225,80.3146845567952],[-93.4218631660543,80.2988198920816],[-93.38579301631455,80.36713613557144],[-93.45501359736951,80.41488515900913],[-93.45643469925757,80.48619863557191],[-93.42010616735637,80.50444041617097],[-92.98819454626089,80.51513743765538],[-92.48202389196199,80.46914541291561],[-92.27952979202628,80.42434194611856],[-92.03414425328832,80.4221715359623],[-91.98528418655636,80.33251292593589],[-92.03104366735081,80.30285065380035],[-92.30490292028159,80.27194814728982],[-92.52010942256109,80.29788971630033],[-92.56925370967068,80.22435415314901],[-92.48744991735263,80.16931875275814],[-92.35949907099796,80.14314463980232],[-92.08026546910881,80.18259959585716],[-92.01778866246795,80.21675771760212],[-91.86182918981106,80.23649811473759],[-91.73690141474546,80.22399241812296],[-91.50110185419766,80.15815664338312],[-91.42715287958796,80.18714712189886],[-91.33201656773865,80.1893692084874],[-91.16192359084994,80.1576398790602],[-91.07714840367512,80.08958201773179],[-90.80533036981987,79.98780528433296],[-90.62534135614726,79.95444814728855],[-90.41579342320372,79.95444814728855],[-90.06963884149661,79.89977448192376],[-89.97235795770715,79.86804515249652],[-89.9777323066655,79.81559357372028],[-89.8712013414958,79.75601064728778],[-89.67018001988043,79.7652090522357],[-89.5906241523671,79.70128530549066],[-89.63697791213289,79.67410350210513],[-89.70141842320086,79.59886261668815],[-89.65431535516683,79.55070018179215],[-89.43923804396803,79.52866018341966],[-89.13318437371942,79.53579153107593],[-89.00135779494286,79.51085765249513],[-88.91784868035919,79.46822459585434],[-88.67561540399103,79.43148265249478],[-88.60091712111313,79.35386465119238],[-88.54345292840456,79.25671295848367],[-88.53058549676388,79.20085073517618],[-88.61435299350902,79.15811432567078],[-88.62262122267573,79.07202138947251],[-88.56239234083954,79.00747752553995],[-88.5199143134956,78.81043528921104],[-88.6061881172069,78.76775055613795],[-88.8739237129111,78.87931997345613],[-89.00693884963037,78.8629385444196],[-89.35851945672815,78.96386261668563],[-89.52331559930693,78.9582815619981],[-89.60176042352597,78.97455963817005],[-89.6525066800366,79.02861318634733],[-89.62356787795316,79.07770579702462],[-89.53884436721063,79.07974701610014],[-89.45381079787435,79.1186335313998],[-89.41740475132472,79.1560989448114],[-89.3892669339418,79.20369293895222],[-89.37965511753552,79.28684031850985],[-89.40952409540022,79.30017283804116],[-89.50804521356467,79.31464223908286],[-89.61250912144268,79.29402334259841],[-89.73952979201613,79.33216054962982],[-90.00620602085833,79.34482127554132],[-90.1014715237884,79.39577423778111],[-90.29864295119805,79.42083730744265],[-90.36215328648476,79.47106679963035],[-90.5895812650013,79.47220368114078],[-90.83574195022362,79.51121938752114],[-91.251168789418,79.47623444285955],[-91.6416359118154,79.52713572866703],[-91.9821060859704,79.54108836538585],[-92.16522152379665,79.52263987905765],[-92.2459659492527,79.60098135041214],[-92.29082109248205,79.62175527619347],[-92.36399492060735,79.62061839468305],[-92.43357723668836,79.56718496369325],[-92.57318111852484,79.5496666531463],[-92.67521623408516,79.56506622996928],[-92.90339352086991,79.63958364533417],[-93.14725460485528,79.59457347280794],[-93.27905534541568,79.68304352489163],[-93.31582312699136,79.75275503205339],[-93.65055721716197,79.78985871043893],[-93.9400227526449,79.86553884553037]]]},"properties":{"scalerank":3,"featurecla":"Glaciated Areas","min_zoom":2.1}},{"type":"Feature","geometry":{"bbox":[-91.96014360224635,78.36834341095407,-89.21131913934474,79.01719269481084],"type":"Polygon","coordinates":[[[-89.44091752801754,78.81508616811733],[-89.44091752801754,78.81508616811733],[-89.44091752801754,78.81508616811733],[-89.35849361851201,78.76723379181506],[-89.21131913934474,78.5748941108247],[-89.27444190138925,78.50662954376712],[-89.57098710809618,78.56321523712673],[-89.71834245477645,78.6562328152521],[-89.84799862339676,78.68501658803866],[-89.93174028192574,78.68480988230952],[-89.979411790715,78.74578807241393],[-89.98377844924366,78.79575918244016],[-90.03160498732979,78.86224091258366],[-90.09289323602795,78.86001882599511],[-90.14113318557241,78.8064045274923],[-90.12650875523381,78.74671824819517],[-90.15927161330686,78.66581879344226],[-90.2549763659114,78.54543854441833],[-90.43377682164129,78.44673655874085],[-90.57384579136841,78.45056061473043],[-90.84346757685125,78.53386302358494],[-90.94612280959907,78.529444688624],[-91.02629879429992,78.56068309194443],[-91.07329850946938,78.52006541616302],[-91.01232031936496,78.4846153836108],[-91.06490108922193,78.37981557892287],[-91.1704502021781,78.36834341095407],[-91.45717688674955,78.37862702098015],[-91.53081580276547,78.413301907048],[-91.5207130602524,78.51577627228279],[-91.36193722203564,78.56740102814238],[-91.32609961624121,78.6587649604344],[-91.57505082880732,78.68537832306471],[-91.63773434117735,78.67080556915842],[-91.70331173375575,78.68754873322096],[-91.75653845901638,78.7377265489764],[-91.81777503128225,78.73689972605972],[-91.86679012731108,78.66540538198392],[-91.92213558629568,78.67049551056466],[-91.94864559606141,78.68819468862462],[-91.96014360224635,78.75516734487489],[-91.89084550654295,78.8359376085471],[-91.7172385322584,78.9323399929876],[-91.20995683466523,78.96453441030543],[-91.13928931350608,79.01393707957645],[-91.0502508206672,79.01719269481084],[-90.9687570869429,78.96127879507104],[-90.88253495966393,78.95492259389913],[-90.8261042956012,79.00184479442017],[-90.70998735224136,79.0059789090035],[-90.45452490920647,78.93440705027926],[-90.24750912144523,78.92572540965423],[-90.05702979201739,78.93843781199801],[-89.44091752801754,78.81508616811733]]]},"properties":{"scalerank":3,"featurecla":"Glaciated Areas","min_zoom":2.1}},{"type":"Feature","geometry":{"bbox":[-81.70989071320795,77.33517650014265,-74.91645524768599,79.09083161082675],"type":"Polygon","coordinates":[[[-79.04702999542386,78.9824661323107],[-79.04702999542386,78.9824661323107],[-79.04702999542386,78.9824661323107],[-78.801308559876,78.97760854767527],[-78.48613399932788,78.99814992951129],[-78.23167924672268,78.99233633087844],[-78.12300370961287,78.95301056590434],[-78.2701006741317,78.88872508413324],[-78.33087215850693,78.84529104279191],[-78.41523393422342,78.69871084259601],[-78.41528561065572,78.63938629832496],[-78.16418982614951,78.6406523709161],[-78.07499630401372,78.72010488556485],[-77.84314999053623,78.86009634064355],[-77.7253535631269,78.88632213003167],[-77.61081275095196,78.90846548126875],[-77.03704932321531,78.93660329865166],[-76.81654598662588,78.92732737905526],[-76.68898271351338,78.93962636994074],[-76.60195960153388,78.90546824819582],[-76.5938205634479,78.8286770698101],[-76.45581865101246,78.77095449494006],[-75.9398294745781,78.80480255809124],[-75.7541560533534,78.79079824494015],[-75.3064314439766,78.79648265249226],[-75.001618008103,78.74961212840351],[-74.91645524768599,78.6966179470882],[-74.96392005074608,78.60310944285605],[-75.03768815784272,78.5939627143404],[-75.43019649931566,78.56187164988715],[-76.39843197295232,78.58259389923619],[-76.54333268909875,78.57158681915801],[-76.61366431344798,78.54828074819439],[-76.61420691598704,78.4781558295743],[-76.57229732939834,78.45950063751694],[-76.30272722034778,78.48161815053787],[-76.10033647327666,78.4362979194179],[-75.76402625192115,78.39785065379273],[-75.63150204130864,78.31522003855802],[-75.76909054228575,78.27697947866206],[-75.93047604033328,78.26834951446932],[-76.53260982939818,78.29243073191732],[-76.69637244333114,78.28302562124018],[-76.81360042998524,78.16822642690379],[-76.6644622463909,78.13678131785419],[-76.3292372301135,78.10691233998948],[-76.30608618844676,78.06081696238515],[-76.36507483590793,78.04805288360903],[-76.81052568226389,77.96991811798374],[-77.00322709828026,77.95606883412951],[-77.18037390817682,77.98598948842651],[-77.72145199248888,77.98691966420776],[-77.95329830596637,77.9981334500151],[-78.1114281887795,78.02410085724175],[-78.31216529001728,77.9886249864734],[-78.36190385609821,77.96379446075714],[-78.37260087758263,77.87080272084792],[-78.32273312042096,77.84116628692853],[-78.20692623565489,77.81649079050915],[-78.13359737823271,77.75122345652453],[-78.10003353545915,77.5777456733207],[-78.14189144561556,77.53304555938824],[-78.28361406117602,77.44126821563786],[-78.5574733141068,77.39310578074183],[-78.69942847361258,77.38377818471317],[-78.79704525421194,77.40876373972627],[-79.2875062730941,77.39775665964812],[-79.45144975454008,77.36571727162716],[-79.55283891469672,77.35677724884066],[-79.7347916327964,77.37103994415322],[-79.98459550649532,77.33517650014265],[-80.41761817088508,77.35936107045525],[-80.48771725128901,77.38494090443972],[-81.00567013215044,77.44431712514309],[-81.11225277375243,77.48648509389325],[-81.17788184276313,77.53221873647156],[-81.18472897004179,77.59645254181036],[-81.2257858954977,77.65433014597726],[-81.56219946971778,77.75236033803493],[-81.5947814602778,77.81070303009248],[-81.50682817251703,77.86899404571773],[-81.52122005891033,77.99051117625204],[-81.6600229560463,78.04071483022359],[-81.70989071320795,78.11918549265881],[-81.63183346223107,78.17310984975539],[-81.61948279491332,78.24762726512027],[-81.66482886424944,78.29454946564128],[-81.65369259309054,78.3554243028811],[-81.56922746450948,78.41960643178761],[-81.56095923534278,78.52249420848072],[-81.63666520865037,78.60507314728314],[-81.5566959296787,78.69550690379391],[-81.18803626170848,78.70486033803876],[-80.91978390168136,78.7684481879739],[-80.89683956574376,78.86508311635971],[-80.98497372101755,78.92210805939378],[-81.01915768097862,78.97337108022732],[-80.99980485708532,78.98711701121698],[-80.93249630402516,79.01559072540978],[-80.84947811554827,79.01466054962854],[-80.55313961457051,79.06385651317039],[-80.192748175767,79.04106720652969],[-79.64668331573876,79.08390696889965],[-79.2493173896304,79.09083161082675],[-79.20402299672658,79.03450429962861],[-79.19567725291144,78.99538524038367],[-79.12852372914816,78.96195058869084],[-79.04702999542386,78.9824661323107]]]},"properties":{"scalerank":3,"featurecla":"Glaciated Areas","min_zoom":2.1}},{"type":"Feature","geometry":{"bbox":[-85.90431169304244,74.55550120716278,-79.65681189646797,75.78886261667292],"type":"Polygon","coordinates":[[[-85.4706689114652,74.88589447702087],[-85.4706689114652,74.88589447702087],[-85.4706689114652,74.88589447702087],[-85.87986874056838,74.78944041614808],[-85.90431169304244,74.84132355416914],[-85.73272009961727,74.93834605579711],[-85.5574078030671,74.92894094512],[-85.47232255729853,75.00141714140936],[-85.54322262240298,75.07655467396175],[-85.5996016100334,75.08937042917013],[-85.64238969597108,75.1621308458371],[-85.6036323717522,75.18665131295957],[-85.33690446647768,75.16479218210013],[-84.98785600456222,75.0802495388706],[-84.84156002474393,75.09376292591494],[-84.65043473991243,75.2072443712279],[-84.61997148307637,75.2668789740927],[-84.64573218457386,75.33439423288205],[-84.4227225410183,75.46337860788255],[-84.18596696647307,75.51849152292185],[-83.38950395377458,75.585619208469],[-83.27082902701628,75.53595815703649],[-83.18440019400813,75.54458812122924],[-83.1406819322892,75.61259430612533],[-82.98557512076513,75.66411570912034],[-82.32272152375728,75.78886261667292],[-81.71919247102049,75.75403270130819],[-81.31828670930014,75.71176137969346],[-81.27074439159162,75.69196930612567],[-81.24787757030246,75.6662344428443],[-81.12788489452073,75.61311107044826],[-80.91792355011884,75.60019196237529],[-80.51665605337246,75.60918366159409],[-80.43642839223932,75.596419582818],[-80.34948279490824,75.49001780872901],[-80.2918118964705,75.46353363717942],[-80.01916703969859,75.4297114122444],[-79.71034868032235,75.41671478952301],[-79.65681189646797,75.39477814401509],[-79.67507951528316,75.32336131458773],[-79.89870927602625,75.29731639271263],[-79.99121008982868,75.23504629180091],[-80.14817725291525,75.20450552031643],[-80.3481133694525,75.20626251901435],[-80.41102942576786,75.08937042917013],[-80.37981686066357,74.96343496367483],[-80.37795650910107,74.8626659207057],[-80.31155229360601,74.81827586536697],[-80.32243018260347,74.73068431263222],[-80.38178056509066,74.70515615508005],[-80.58600582550815,74.6712047390643],[-80.81911821157678,74.66433177356946],[-80.88198259145986,74.64288605416833],[-80.95727515330911,74.64588328724126],[-81.03509986034067,74.69471751575709],[-81.12845333527594,74.69838654244982],[-81.32492713084964,74.66257477487154],[-81.38053097199571,74.63348094349122],[-81.58633236359809,74.61999339466304],[-81.6514188300697,74.57291616484515],[-81.72154374868978,74.55852427845186],[-81.78425309927596,74.57573253040506],[-82.02064693879514,74.55550120716278],[-82.14795182974618,74.58048676217591],[-82.35008419465585,74.70735240345245],[-82.62717322460486,74.79589997018458],[-82.67347530793838,74.86928050403903],[-82.75047319205328,74.90956228301054],[-82.93666337760091,74.92514272734654],[-83.01676184765329,74.96369334583629],[-83.0891605292942,74.97271088327123],[-83.14564286978921,74.95661367461231],[-83.22101294628692,74.97867951120092],[-83.31819047721179,75.0398644070345],[-83.39777218294127,75.05435964629238],[-83.50104753287658,75.0246715359407],[-83.58334225130139,74.96632884388318],[-83.6576529609371,74.96787913685192],[-83.69346472851538,75.02154511178703],[-83.97101884635502,75.10978261992541],[-84.12346432161604,75.11696564401397],[-84.24097652864776,75.1029613308629],[-84.30694149446835,75.05738271758146],[-84.38608395052336,75.02932241484697],[-84.57186072461263,74.9909785020864],[-84.66162268750361,74.85284739857023],[-84.65309607617546,74.79517650013248],[-84.71627051465228,74.78931122506735],[-84.82109615755634,74.84178864205977],[-84.96646196159338,74.85096120879156],[-85.27057776563106,74.82230662708572],[-85.33638770215475,74.86840200469008],[-85.4706689114652,74.88589447702087]]]},"properties":{"scalerank":3,"featurecla":"Glaciated Areas","min_zoom":2.1}},{"type":"Feature","geometry":{"bbox":[-77.55280595570434,71.82140452746434,-75.83880204944748,72.58952301705075],"type":"Polygon","coordinates":[[[-75.90450863310662,72.15709463163235],[-75.90450863310662,72.15709463163235],[-75.90450863310662,72.15709463163235],[-76.03434566923994,72.13518382434059],[-76.49044186064802,71.87855866157916],[-76.74900488962041,71.82140452746434],[-77.13546708851518,71.86129873319366],[-77.33798702666704,71.96615021431388],[-77.40144568552145,71.96615021431388],[-77.55280595570434,72.0180850287672],[-77.53975765655065,72.06759105090283],[-77.27747392445325,72.08063935005653],[-77.11960242380158,72.07446401639764],[-76.77008887399549,72.00325389269945],[-76.6541786363648,72.01798167590262],[-76.64175045439862,72.1040229356686],[-76.68125708688575,72.14024811470522],[-76.7271715969771,72.1671973741454],[-77.01929846872304,72.23274892850766],[-77.05883093942633,72.3317092963466],[-76.94343746611858,72.47934886340447],[-76.77962317575333,72.56911082629547],[-76.6072564358438,72.58952301705075],[-76.49126868356468,72.52048330350881],[-76.46656734892917,72.30370067004439],[-76.5187863837601,72.22013987902845],[-76.44680111357752,72.14725027128075],[-76.34101945667607,72.16934194608554],[-76.34574785023077,72.23838165962748],[-76.37029415556941,72.270343533],[-76.31546546090773,72.34157949491434],[-76.18164933948793,72.3978551296802],[-75.88980668811956,72.4180606147063],[-75.83880204944748,72.3573666449795],[-75.85823238798923,72.2419473334556],[-75.90450863310662,72.15709463163235]]]},"properties":{"scalerank":4,"featurecla":"Glaciated Areas","min_zoom":3}},{"type":"Feature","geometry":{"bbox":[-144.3335100982241,68.98829580349467,-143.74103980199777,69.35540517849616],"type":"Polygon","coordinates":[[[-144.23230180558045,69.18166901313087],[-144.23230180558045,69.18166901313087],[-144.23230180558045,69.18166901313087],[-144.3198933583152,69.25473948839156],[-144.3335100982241,69.31551097276683],[-144.3068967355938,69.35540517849616],[-144.1799019032365,69.35540517849616],[-144.11466040746802,69.21748078070912],[-144.03941952205105,69.17404673936782],[-143.91658464249326,69.21060781521432],[-143.8702050445113,69.29540884060528],[-143.80088111059175,69.3316340196419],[-143.74103980199777,69.31256541612619],[-143.75041907445873,69.22280345323519],[-143.9387021555142,69.03304759385945],[-144.03776587621772,68.98829580349467],[-144.09804643448618,69.02211802842972],[-144.06559363500688,69.10141551378159],[-144.11298092341852,69.13660716417236],[-144.15269426163482,69.14025035264892],[-144.23230180558045,69.18166901313087]]]},"properties":{"scalerank":5,"featurecla":"Glaciated Areas","min_zoom":5}},{"type":"Feature","geometry":{"bbox":[-147.85394120989181,63.30373322209174,-145.96583940324365,63.70355377873396],"type":"Polygon","coordinates":[[[-146.04394833065282,63.51627838810821],[-146.04394833065282,63.51627838810821],[-146.04394833065282,63.51627838810821],[-145.968733283452,63.46015778263922],[-145.96583940324365,63.355461330815885],[-146.52066341854535,63.30373322209174],[-146.67843156633245,63.30724721948757],[-146.72044450578574,63.387449042404555],[-146.7701572336505,63.3726695827691],[-146.91275834855995,63.4781411810768],[-147.00776546932855,63.49059520125916],[-147.18573910214175,63.460984605555915],[-147.28730912981143,63.47617747664971],[-147.49171525774193,63.41323558211821],[-147.56540585019016,63.42793752710524],[-147.59573991594547,63.49090525985288],[-147.83073849179277,63.51090403914985],[-147.85394120989181,63.64180044214517],[-147.75725460507374,63.69233999292662],[-147.63268856503416,63.70355377873396],[-147.49729631242946,63.66221263290045],[-147.47507544654397,63.584697984462636],[-147.39097205298893,63.566766262457364],[-147.21599565324865,63.62609080672844],[-147.18039059139957,63.68520864527035],[-147.11463233130814,63.70314036727563],[-147.06339514869074,63.658336900478574],[-147.00476823625561,63.63994009058267],[-146.9518774078049,63.67249624292652],[-146.91547136125527,63.65337596297856],[-146.9485701161382,63.599684149827304],[-146.88322526750514,63.519844061936354],[-146.80297176815586,63.52242788355095],[-146.72672319230918,63.5494546576396],[-146.63202613013434,63.6087533636945],[-146.61259579159258,63.664021308030684],[-146.5676114572825,63.65701915145512],[-146.54518388566785,63.540566311285396],[-146.42971289771168,63.440675767665184],[-146.37033667700828,63.49506521265239],[-146.41498511450845,63.62970815698886],[-146.3944178944563,63.70148672144227],[-146.3623009917869,63.646399644619144],[-146.2829776682189,63.569350084071964],[-146.04394833065282,63.51627838810821]]]},"properties":{"scalerank":3,"featurecla":"Glaciated Areas","min_zoom":2.1}},{"type":"Feature","geometry":{"bbox":[-152.86430721739885,62.33531688094202,-152.446141527293,62.59375071883367],"type":"Polygon","coordinates":[[[-152.69803829649976,62.37231720646301],[-152.69803829649976,62.37231720646301],[-152.69803829649976,62.37231720646301],[-152.8061712310705,62.36492747664527],[-152.86430721739885,62.43034983992678],[-152.82273352762004,62.5430819769715],[-152.7688866851719,62.59375071883367],[-152.72881161192956,62.5395938177918],[-152.5177392242334,62.503471991619776],[-152.4540738596498,62.45872020125501],[-152.446141527293,62.36580597599422],[-152.49285702208488,62.33531688094202],[-152.69803829649976,62.37231720646301]]]},"properties":{"scalerank":5,"featurecla":"Glaciated Areas","min_zoom":5}},{"type":"Feature","geometry":{"bbox":[-149.0069457671881,61.89761749942985,-148.36938778378712,62.2432294785979],"type":"Polygon","coordinates":[[[-148.55180558977742,62.21421316186601],[-148.55180558977742,62.21421316186601],[-148.55180558977742,62.21421316186601],[-148.4294616363264,62.16049551049862],[-148.36938778378712,62.10117096622754],[-148.3775268218731,62.05037303328463],[-148.4344484120426,62.00688731551103],[-148.62394588925687,61.97489960392236],[-148.66818091529873,61.98484731713853],[-148.74272416887976,61.96360830346657],[-148.85703243710938,61.89761749942985],[-148.95940344947957,61.9246959499508],[-149.0069457671881,61.98794790307605],[-148.9649328277348,62.04758250594087],[-148.84842831113278,62.064429022868026],[-148.78933631080702,62.11693227807657],[-148.8073713856769,62.18018423120183],[-148.80083431699197,62.22250722924886],[-148.75042395729125,62.2432294785979],[-148.6604552886711,62.242764390707286],[-148.55180558977742,62.21421316186601]]]},"properties":{"scalerank":5,"featurecla":"Glaciated Areas","min_zoom":5}},{"type":"Feature","geometry":{"bbox":[-154.27641740620658,61.430617580808196,-153.65808305561816,61.98792206485991],"type":"Polygon","coordinates":[[[-153.6728883534698,61.7135460476062],[-153.6728883534698,61.7135460476062],[-153.6728883534698,61.7135460476062],[-153.78091793517595,61.61145925561361],[-153.83050147196002,61.52063792586064],[-153.84282630106162,61.455939032631214],[-153.88587276916076,61.430617580808196],[-153.94302690327555,61.430617580808196],[-153.98865719298928,61.45195994734473],[-154.01868120015087,61.49769358992305],[-154.0306959706587,61.64750356713719],[-154.09366370340638,61.65590098738462],[-154.13999162495602,61.596653957761994],[-154.22143368224803,61.59996124942866],[-154.25732296447472,61.633860989012135],[-154.27641740620658,61.689258124429024],[-154.25763302306848,61.76088165958555],[-154.20019466857607,61.79891551375237],[-154.09526567280741,61.75788442651263],[-154.01477962951282,61.776746324299175],[-153.98542741597103,61.89513703067985],[-153.9122794260619,61.98792206485991],[-153.7629345367384,61.96448680281554],[-153.67624732156875,61.89431020776317],[-153.65808305561816,61.80485830346594],[-153.6728883534698,61.7135460476062]]]},"properties":{"scalerank":5,"featurecla":"Glaciated Areas","min_zoom":5}},{"type":"Feature","geometry":{"bbox":[-144.76371639705394,61.0649551459109,-144.48468950089398,61.29008352319045],"type":"Polygon","coordinates":[[[-144.62545610245704,61.29008352319045],[-144.62545610245704,61.29008352319045],[-144.62545610245704,61.29008352319045],[-144.52184485571183,61.24850983341164],[-144.48468950089398,61.18934031843744],[-144.48468950089398,61.13854238549454],[-144.55649390356353,61.06774567325467],[-144.64274186905868,61.0649551459109],[-144.7211091786293,61.091620184973515],[-144.76371639705394,61.19262177188797],[-144.71480465388967,61.26067963321637],[-144.62545610245704,61.29008352319045]]]},"properties":{"scalerank":5,"featurecla":"Glaciated Areas","min_zoom":5}},{"type":"Feature","geometry":{"bbox":[-150.65922217507233,59.62987478294943,-149.57776363828413,60.27492584903273],"type":"Polygon","coordinates":[[[-149.90009538470468,59.78239777285888],[-149.90009538470468,59.78239777285888],[-149.90009538470468,59.78239777285888],[-149.9374316070356,59.7944383815829],[-149.96807573138466,59.782449449291185],[-150.00530860085095,59.78441315371827],[-150.01595394590308,59.77697174746825],[-149.99512834368946,59.75312307396553],[-150.00902930397598,59.728809312572224],[-150.21129085996637,59.66447215436884],[-150.25159847715403,59.69157644310594],[-150.30981197813082,59.68348908145226],[-150.36360714414667,59.64452505150418],[-150.59976843972052,59.62987478294943],[-150.65922217507233,59.70431468366588],[-150.65170325417387,59.755370998770246],[-150.59150021055382,59.82844147403095],[-150.60589209694712,59.87184967715612],[-150.5465417144599,59.936186835359514],[-150.33549516497987,60.06548126895377],[-150.31366187233655,60.11214508731334],[-150.04091366270006,60.27187693952751],[-149.97916032611127,60.249940294019616],[-149.8059926015012,60.27492584903273],[-149.68090979713875,60.20317312279548],[-149.57799618222944,60.06486115176626],[-149.57776363828413,59.98109365502115],[-149.6208359445994,59.94373159447411],[-149.67548377174808,59.96817454694817],[-149.75826941627966,59.93228526472147],[-149.83283850807683,59.82288625755958],[-149.90009538470468,59.78239777285888]]]},"properties":{"scalerank":3,"featurecla":"Glaciated Areas","min_zoom":2.1}},{"type":"Feature","geometry":{"bbox":[-137.8489188302945,59.50225983340465,-137.41579281304018,59.91422435163547],"type":"Polygon","coordinates":[[[-137.63717464897857,59.90316559512501],[-137.63717464897857,59.90316559512501],[-137.63717464897857,59.90316559512501],[-137.5251401437698,59.91422435163547],[-137.41579281304018,59.834823513418996],[-137.4190225900584,59.7645694037182],[-137.54397620334018,59.63966746686875],[-137.56828996473348,59.57274648705077],[-137.5596341623246,59.51941640892555],[-137.61373938693418,59.50225983340465],[-137.7143017241742,59.57202301699867],[-137.73145829969508,59.617343248118644],[-137.8489188302945,59.76875519473385],[-137.74610856824984,59.86644948998162],[-137.63717464897857,59.90316559512501]]]},"properties":{"scalerank":5,"featurecla":"Glaciated Areas","min_zoom":5}},{"type":"Feature","geometry":{"bbox":[-135.8871781076304,59.404798082102175,-135.29320919486761,59.866242784252464],"type":"Polygon","coordinates":[[[-135.4029440988394,59.78213939069744],[-135.4029440988394,59.78213939069744],[-135.4029440988394,59.78213939069744],[-135.32853003633912,59.719042466869055],[-135.29320919486761,59.66511810977248],[-135.34261186413866,59.65041616478545],[-135.50298967175647,59.45311554629508],[-135.59081376843653,59.404798082102175],[-135.6383302479289,59.45022166608673],[-135.78798519584618,59.534660956451646],[-135.8147277495572,59.60039337832691],[-135.7851946685024,59.716148586660715],[-135.87314795626318,59.79262970645269],[-135.8871781076304,59.83913849551538],[-135.88038265678404,59.852884426505014],[-135.7593306141403,59.866242784252464],[-135.64409217012945,59.86197947858839],[-135.5302231515743,59.84802684186957],[-135.4029440988394,59.78213939069744]]]},"properties":{"scalerank":5,"featurecla":"Glaciated Areas","min_zoom":5}},{"type":"Feature","geometry":{"bbox":[-151.14544572650658,59.37399892845622,-150.70642859597095,59.70676931419973],"type":"Polygon","coordinates":[[[-150.86786577045075,59.70676931419973],[-150.86786577045075,59.70676931419973],[-150.86786577045075,59.70676931419973],[-150.78203121641394,59.70651093203827],[-150.70642859597095,59.61713654238949],[-150.74056087949972,59.46032440859979],[-150.77745785215612,59.426967271555384],[-151.06684587299063,59.37399892845622],[-151.14544572650658,59.4342278102924],[-151.0324035308681,59.54706330020171],[-150.9471374175865,59.6793549668689],[-150.86786577045075,59.70676931419973]]]},"properties":{"scalerank":3,"featurecla":"Glaciated Areas","min_zoom":2.1}},{"type":"Feature","geometry":{"bbox":[-153.83334367573605,58.70848399518534,-153.42429887592974,58.940149441149806],"type":"Polygon","coordinates":[[[-153.73681210021485,58.70848399518534],[-153.73681210021485,58.70848399518534],[-153.73681210021485,58.70848399518534],[-153.82269833068392,58.71775991478173],[-153.83334367573605,58.78248464622728],[-153.76073828836599,58.85149852155308],[-153.65407813211556,58.91844533958721],[-153.49530229389876,58.940149441149806],[-153.42429887592974,58.87201406517296],[-153.43099097391152,58.8145498724644],[-153.4924600901227,58.7528482123079],[-153.73681210021485,58.70848399518534]]]},"properties":{"scalerank":5,"featurecla":"Glaciated Areas","min_zoom":5}},{"type":"Feature","geometry":{"bbox":[-155.068617113241,58.22662710227976,-154.2512251454643,58.52040761985906],"type":"Polygon","coordinates":[[[-154.40243038635032,58.52040761985906],[-154.40243038635032,58.52040761985906],[-154.40243038635032,58.52040761985906],[-154.26817501525602,58.48966014264539],[-154.2512251454643,58.404807440822125],[-154.6158798899319,58.25305959739705],[-154.7375520497631,58.23897776959751],[-154.87330603739386,58.255617580795494],[-155.04580196838413,58.22662710227976],[-155.068617113241,58.29778554954567],[-155.0275601877851,58.32098826764471],[-154.69166337788792,58.38961456972833],[-154.54335201721025,58.47493235944221],[-154.40243038635032,58.52040761985906]]]},"properties":{"scalerank":5,"featurecla":"Glaciated Areas","min_zoom":5}},{"type":"Feature","geometry":{"bbox":[-133.68465104870234,58.240631415430855,-132.78008093964922,58.5222421332054],"type":"Polygon","coordinates":[[[-133.0403751291034,58.29861237246234],[-133.0403751291034,58.29861237246234],[-133.0403751291034,58.29861237246234],[-133.1647861398461,58.29256622988419],[-133.4419785226597,58.240631415430855],[-133.4672999744827,58.29866404889462],[-133.52760637096733,58.34127126731927],[-133.6362043934287,58.319360460027525],[-133.68465104870234,58.38883942324394],[-133.61822099499113,58.47059153912969],[-133.5419465809283,58.49653310814021],[-133.4483864002639,58.471521714910935],[-133.26315222871366,58.5222421332054],[-133.1636750965518,58.48940176048393],[-133.13499467662982,58.45470103619993],[-133.05468950084824,58.40801137962423],[-132.8768967355481,58.509607245510054],[-132.79465369355555,58.4621682806661],[-132.78008093964922,58.41679637311384],[-132.82935441783954,58.36209686953289],[-132.9249558175795,58.37253550885587],[-133.00929175507983,58.35783356386882],[-133.0403751291034,58.29861237246234]]]},"properties":{"scalerank":5,"featurecla":"Glaciated Areas","min_zoom":5}},{"type":"Feature","geometry":{"bbox":[-131.63229570201443,56.76914500591975,-130.73131710500562,57.513414822003455],"type":"Polygon","coordinates":[[[-130.89381364634744,57.08695506451478],[-130.89381364634744,57.08695506451478],[-130.89381364634744,57.08695506451478],[-130.80247555227152,57.12832204856443],[-130.73131710500562,57.09356964784814],[-130.74971391490152,57.04662160911097],[-130.84640051971962,56.970373033264316],[-130.83826148163365,56.91954926210525],[-130.99515113007178,56.770204372781734],[-131.43471086314645,56.76914500591975],[-131.59126461477467,56.788523668029214],[-131.63229570201443,56.87130931256078],[-131.62229631236596,56.90846466737866],[-131.5625841948527,56.95381073671476],[-131.4004235503208,56.96763418235284],[-131.42515072317246,57.02173940696244],[-131.51132117401914,57.0830276556606],[-131.49266598196178,57.15506460227546],[-131.4264684721959,57.14421255149418],[-131.32683631073718,57.175476793030754],[-131.2997320220001,57.19521719016625],[-131.28851823619274,57.2432762721977],[-131.34996151418778,57.277176011781165],[-131.41344601125834,57.26265493430715],[-131.50000403534725,57.28208527284889],[-131.5556078764933,57.316346747458404],[-131.60222001842055,57.36073680279712],[-131.56906958710533,57.471634426495484],[-131.4897979399696,57.49871287701644],[-131.39926083059424,57.50010814068829],[-131.28394487193492,57.47558767356581],[-131.2313382638618,57.51165782330555],[-131.17764645071054,57.513414822003455],[-131.1738482329371,57.46352122662566],[-131.14031022837966,57.41995799420362],[-131.08540401906953,57.38719513613056],[-130.9689511788998,57.159922186910904],[-130.89381364634744,57.08695506451478]]]},"properties":{"scalerank":3,"featurecla":"Glaciated Areas","min_zoom":2.1}},{"type":"Feature","geometry":{"bbox":[-130.64183936249225,55.67758372661851,-129.44558163136767,56.629980373757746],"type":"Polygon","coordinates":[[[-129.44558163136767,55.95586131451026],[-129.44558163136767,55.95586131451026],[-129.44558163136767,55.95586131451026],[-129.45630449106824,55.812433376684154],[-129.68417171925924,55.67758372661851],[-129.92115983774977,55.73822601991303],[-129.95275997609625,55.80599966086382],[-129.87413428436417,55.97084747987489],[-129.80881527394723,56.02118032492717],[-129.82343970428585,56.133214830135955],[-129.88795773000226,56.18359935162055],[-129.96598914276296,56.21713735617796],[-130.05967851450814,56.22473379172487],[-130.05794735402637,56.11052887635982],[-130.12099260142244,56.03311758078661],[-130.12099260142244,55.982319647843696],[-130.14794186086266,55.92379608827315],[-130.21308000376658,55.86795970318177],[-130.41071651906685,55.83953766542125],[-130.53843482147622,55.87643463807764],[-130.57329057505706,55.958729356502445],[-130.55931210012213,56.1736774766205],[-130.62165971568226,56.19799123801383],[-130.64183936249225,56.260855617896894],[-130.63233089895053,56.29682241477204],[-130.5731872221925,56.346560980852956],[-130.5305541655517,56.322712307350265],[-130.42136186411898,56.33935211854825],[-130.38128679087663,56.465235907611245],[-130.336741706241,56.48531220155664],[-130.32955868215245,56.51140879986404],[-130.3819585844964,56.537427883522994],[-130.34118587941813,56.60770783143994],[-130.20093604217797,56.629980373757746],[-129.95330257863532,56.57546173768981],[-129.87772579640847,56.54254385031989],[-129.8450146147677,56.443144232806475],[-129.9206172352107,56.4197089707621],[-129.95058956594,56.377696031308815],[-129.86333391001517,56.30348867453769],[-129.816205003765,56.28710724550116],[-129.73086137583496,56.32803497987632],[-129.66009050181123,56.326588039772155],[-129.6270434233606,56.29847606060537],[-129.5797078113812,56.20623362896439],[-129.59071489145938,56.14861440695894],[-129.552758551941,56.06510529237528],[-129.44558163136767,55.95586131451026]]]},"properties":{"scalerank":3,"featurecla":"Glaciated Areas","min_zoom":2.1}},{"type":"Feature","geometry":{"bbox":[-131.2675117664661,56.24093435324838,-130.7327123686775,56.583833319721094],"type":"Polygon","coordinates":[[[-130.84454016815715,56.56052724875747],[-130.84454016815715,56.56052724875747],[-130.84454016815715,56.56052724875747],[-130.78617163788346,56.53453400331465],[-130.7327123686775,56.46394399680395],[-130.78149492076102,56.411234035866244],[-130.94396562388667,56.4089085964131],[-130.96954545787116,56.3549067246681],[-130.95722062876953,56.28553111431626],[-131.00907792857444,56.24093435324838],[-131.20746375214296,56.29925120708975],[-131.2675117664661,56.35823985455093],[-131.2570989653593,56.43764069276739],[-131.22614478241644,56.46518423117895],[-131.1329204985619,56.513527533588004],[-131.0480936349548,56.49032481548895],[-130.99938859751973,56.58243805604921],[-130.90779212128237,56.583833319721094],[-130.84454016815715,56.56052724875747]]]},"properties":{"scalerank":5,"featurecla":"Glaciated Areas","min_zoom":5}},{"type":"Feature","geometry":{"bbox":[-159.51521908265983,56.06719818788309,-159.2705311757578,56.27284455018861],"type":"Polygon","coordinates":[[[-159.40646603090158,56.27284455018861],[-159.40646603090158,56.27284455018861],[-159.40646603090158,56.27284455018861],[-159.2944315256928,56.25232900656873],[-159.2705311757578,56.09112437603423],[-159.37016333721655,56.06719818788309],[-159.47387793682634,56.07895457622949],[-159.51521908265983,56.23713613547491],[-159.40646603090158,56.27284455018861]]]},"properties":{"scalerank":5,"featurecla":"Glaciated Areas","min_zoom":5}},{"type":"Feature","geometry":{"bbox":[-129.52423316131592,54.523648993540974,-129.0790923735537,54.93075592713636],"type":"Polygon","coordinates":[[[-129.12542029510337,54.675629380911374],[-129.12542029510337,54.675629380911374],[-129.12542029510337,54.675629380911374],[-129.09798010955637,54.63682038026019],[-129.0790923735537,54.58095815695266],[-129.12834001352786,54.523648993540974],[-129.2940404936718,54.58746938742145],[-129.4511110096229,54.53393260356707],[-129.5220369129435,54.55439647075465],[-129.52423316131592,54.62488312440077],[-129.46333248585992,54.7340237494012],[-129.4444189116411,54.83425018983128],[-129.35243486216157,54.93075592713636],[-129.30269629608063,54.905150254935734],[-129.2882785714712,54.866470445365266],[-129.3208864002474,54.801228949596776],[-129.2705018787628,54.72461863872408],[-129.12542029510337,54.675629380911374]]]},"properties":{"scalerank":5,"featurecla":"Glaciated Areas","min_zoom":5}},{"type":"Feature","geometry":{"bbox":[-128.15700395395368,53.60525543884981,-127.78550208220739,54.15400747335721],"type":"Polygon","coordinates":[[[-127.85193213591857,53.81880829529598],[-127.85193213591857,53.81880829529598],[-127.85193213591857,53.81880829529598],[-127.80304623097048,53.78240224874636],[-127.78550208220739,53.7334905055821],[-127.86614315479885,53.610268052782125],[-127.93368425180432,53.60525543884981],[-128.05137732634907,53.71486115174088],[-128.11103776743005,53.659903265998466],[-128.15700395395368,53.74069936788681],[-128.09618079314612,53.89063853618168],[-128.07256466358874,54.000011705127434],[-128.09868710011227,54.074529120492315],[-128.0807037016747,54.12935781515398],[-128.03099097380993,54.15400747335721],[-127.98484391977328,54.08656972921632],[-127.96215796599716,53.953322048551726],[-127.88376481821037,53.918052883512516],[-127.82798010955129,53.937483222054254],[-127.80116004119182,53.908105170296324],[-127.84681616912168,53.87262929952796],[-127.85193213591857,53.81880829529598]]]},"properties":{"scalerank":5,"featurecla":"Glaciated Areas","min_zoom":5}},{"type":"Feature","geometry":{"bbox":[-127.47937089731032,52.7754869655392,-127.16422217497835,53.188329983118976],"type":"Polygon","coordinates":[[[-127.21197119841604,52.90728770609962],[-127.21197119841604,52.90728770609962],[-127.21197119841604,52.90728770609962],[-127.17316219776481,52.86240672465412],[-127.16422217497835,52.822512518924796],[-127.21272050668426,52.794813951216355],[-127.36413245329945,52.7754869655392],[-127.42598914275281,52.90690013285743],[-127.42717770069552,52.981314195357726],[-127.39989254444544,53.00722992615211],[-127.37780086964064,53.08673411723315],[-127.45647823780502,53.11936778422546],[-127.47937089731032,53.14843577738965],[-127.45875200082587,53.1805785182752],[-127.42859880258355,53.188329983118976],[-127.36087683806505,53.1544302435355],[-127.24103919158021,53.06782054301432],[-127.21197119841604,52.90728770609962]]]},"properties":{"scalerank":5,"featurecla":"Glaciated Areas","min_zoom":5}},{"type":"Feature","geometry":{"bbox":[-120.35350094285474,52.50408234314227,-119.54460974819004,52.96867930766237],"type":"Polygon","coordinates":[[[-119.63183956589873,52.848092352909276],[-119.63183956589873,52.848092352909276],[-119.63183956589873,52.848092352909276],[-119.5616888090625,52.823184312544605],[-119.54460974819004,52.77393667257044],[-119.63574113653675,52.65828481710123],[-119.71715735561258,52.64288524027825],[-119.76263261602945,52.61461823181459],[-119.79275997605562,52.62893260355945],[-119.84508236375113,52.60614329691873],[-119.89115190313933,52.531832587283006],[-119.95825375047033,52.50408234314227],[-120.02253923224143,52.51555451111108],[-120.03357215053575,52.57503408467902],[-119.94577389207184,52.62459178324693],[-119.94610978888173,52.70215810811703],[-120.02509721563987,52.734972642622374],[-120.1673624337394,52.82979889587796],[-120.2361437651199,52.81383087829977],[-120.25340369350539,52.75729686137245],[-120.30208289272431,52.741587225955726],[-120.33949662970363,52.759157212934966],[-120.35350094285474,52.80933502869037],[-120.33450985398747,52.84426829691968],[-120.25707272019811,52.89594472921155],[-120.23035600470321,52.94002472595652],[-120.17609575079673,52.96867930766237],[-120.13620154506741,52.967490749719644],[-120.0414269682441,52.91759715434185],[-119.90975541876442,52.74024363871614],[-119.86055945522256,52.7576585963985],[-119.88985999233205,52.81341746684143],[-119.8778452218242,52.88178538676358],[-119.80410295294368,52.92751902934188],[-119.72904293503973,52.92374664978458],[-119.63183956589873,52.848092352909276]]]},"properties":{"scalerank":5,"featurecla":"Glaciated Areas","min_zoom":5}},{"type":"Feature","geometry":{"bbox":[-126.54022925505396,51.1303677435274,-125.69418270557142,52.34745107686562],"type":"Polygon","coordinates":[[[-125.79303972054578,51.67193675394624],[-125.79303972054578,51.67193675394624],[-125.79303972054578,51.67193675394624],[-125.6971541004282,51.58899608011778],[-125.69418270557142,51.49254201924501],[-125.78637346078011,51.27309804951756],[-125.74790035693883,51.21465200459545],[-125.76844173877483,51.158996487017106],[-125.84556881397044,51.1303677435274],[-125.90737382699155,51.165068467811395],[-125.95246151416619,51.222971910194445],[-126.00421546110651,51.2471306422909],[-126.04759782601553,51.232764594113746],[-126.09237545459645,51.23987010355388],[-126.17394670296916,51.34167267516888],[-126.23905900765692,51.374280503945045],[-126.5056577218507,51.450606594440146],[-126.54022925505396,51.487658596393416],[-126.50607113330904,51.551117255247846],[-126.36179053435012,51.5246072454821],[-126.31990678597754,51.546233832396254],[-126.24006669808661,51.62788259541742],[-126.2847668120191,51.66465037699308],[-126.38739620655075,51.674727281290004],[-126.40571550179823,51.69886017517032],[-126.36910274951943,51.7287808294673],[-126.32838172087342,51.75539419209761],[-126.1457313709378,51.76510936136849],[-126.08829301644539,51.79084422464985],[-126.08240190316413,51.816734117228066],[-126.1276704578518,51.866705227254315],[-126.29975297738373,51.94230784769732],[-126.44679826547025,52.0518618841561],[-126.46553097217605,52.09175608988542],[-126.45346452523592,52.12904063578401],[-126.40623226612114,52.158315334677354],[-126.3196484038161,52.17423167582325],[-126.28778988330816,52.22720001892242],[-126.30882219125095,52.28254547790702],[-126.28967607308681,52.326057033896774],[-126.23905900765692,52.34745107686562],[-126.01475745329404,52.12648265238556],[-125.98623206266892,52.058683173218625],[-125.91093950081967,52.024266669312226],[-125.82820553272038,52.036048895874785],[-125.80753495980363,51.97465729431204],[-125.8279213123428,51.9176065130618],[-125.82838640023341,51.79130931254046],[-125.86200191943925,51.726455390014166],[-125.84709326872307,51.68511424418067],[-125.79303972054578,51.67193675394624]]]},"properties":{"scalerank":3,"featurecla":"Glaciated Areas","min_zoom":2.1}},{"type":"Feature","geometry":{"bbox":[-125.55556067594846,50.94955190693814,-125.03964901416255,51.56274445251351],"type":"Polygon","coordinates":[[[-125.20343746631163,51.48959646260437],[-125.20343746631163,51.48959646260437],[-125.20343746631163,51.48959646260437],[-125.04680620003495,51.37223928486952],[-125.03964901416255,51.27953176533789],[-125.14258846728796,51.17853017842343],[-125.13047034391552,51.05838247334482],[-125.10491634814719,50.989032701209126],[-125.2073131987335,50.94955190693814],[-125.28934953499687,50.987766628617976],[-125.35513363330445,51.04096751566246],[-125.5347092355187,51.23997345641847],[-125.55556067594846,51.3408458522522],[-125.52272030322698,51.41802460388012],[-125.36490047900759,51.45324209248703],[-125.32182817269234,51.50021596944035],[-125.30133846728859,51.56274445251351],[-125.24793087451494,51.548378404336376],[-125.20343746631163,51.48959646260437]]]},"properties":{"scalerank":5,"featurecla":"Glaciated Areas","min_zoom":5}},{"type":"Feature","geometry":{"bbox":[-124.83371843147943,50.91074290628694,-124.32199256070916,51.31890920674431],"type":"Polygon","coordinates":[[[-124.39384863981098,51.01791982686029],[-124.39384863981098,51.01791982686029],[-124.39384863981098,51.01791982686029],[-124.45640296110031,50.927641099646394],[-124.55766293017625,50.91074290628694],[-124.61784013558012,50.93813141540164],[-124.73958981005978,51.0563929307016],[-124.83371843147943,51.106906643266896],[-124.81966244189604,51.18106232360573],[-124.71080603727322,51.232532050168444],[-124.67235877164805,51.29831614847599],[-124.5951025053717,51.31890920674431],[-124.49058692106138,51.26165171976491],[-124.41893754768871,51.24819000915288],[-124.37661454964164,51.295473944699935],[-124.32199256070916,51.24798330342371],[-124.3705684070635,51.135690416053464],[-124.39384863981098,51.01791982686029]]]},"properties":{"scalerank":5,"featurecla":"Glaciated Areas","min_zoom":5}},{"type":"Feature","geometry":{"bbox":[-124.53750912158242,50.32173493102417,-123.52912106005493,51.123804836626334],"type":"Polygon","coordinates":[[[-123.65198177782887,51.03983063415204],[-123.65198177782887,51.03983063415204],[-123.65198177782887,51.03983063415204],[-123.53496049690393,50.898366400753034],[-123.52912106005493,50.81446971292718],[-123.59459509976872,50.76491201435928],[-123.68691504605817,50.728350938512776],[-123.69960161018582,50.65892365172864],[-123.65844133186535,50.620579738968075],[-123.64314510790695,50.550196438186546],[-123.65136166064137,50.46555044209245],[-123.6922118803681,50.436611640009005],[-123.73549089241254,50.453639024449174],[-123.75830603726939,50.43242584899336],[-123.75830603726939,50.38162791605045],[-123.80496985562897,50.32480967874554],[-123.86160722542084,50.32173493102417],[-123.91155249723096,50.345351060581564],[-123.92847652880653,50.43552643493088],[-123.89759986051214,50.57701650654603],[-123.83845618375409,50.59758372659819],[-123.85972103564221,50.677733873082886],[-123.92504004605912,50.69633738870796],[-124.08849260139831,50.68641551370793],[-124.17205339241428,50.738660386755],[-124.29372555224549,50.7259996608435],[-124.46947709847016,50.6649697943068],[-124.53750912158242,50.713519802445006],[-124.47058814176445,50.74351797139045],[-124.33325802294878,50.901854559932744],[-124.14019487190633,50.904386705115044],[-124.12536373583858,50.972470404659596],[-124.21892391650302,51.01833323831862],[-124.25917985725837,51.076055813188646],[-124.2114308338207,51.123804836626334],[-124.12613888232295,51.09331574157413],[-124.06069068082529,50.97939504658671],[-123.98658667691876,50.93792470967247],[-123.9344709949524,51.03946889912601],[-123.85145280647549,51.083083807980344],[-123.73657609749066,51.08453074808452],[-123.65198177782887,51.03983063415204]]]},"properties":{"scalerank":3,"featurecla":"Glaciated Areas","min_zoom":2.1}},{"type":"Feature","geometry":{"bbox":[-123.50108659553659,50.253315334669736,-123.16139156786595,50.533840847366164],"type":"Polygon","coordinates":[[[-123.2928047351842,50.431676540725135],[-123.2928047351842,50.431676540725135],[-123.2928047351842,50.431676540725135],[-123.20350786018383,50.39030955667549],[-123.16139156786595,50.34354238545134],[-123.18978776741037,50.30842824970901],[-123.29848914273629,50.29646515563344],[-123.45070207405202,50.253315334669736],[-123.50108659553659,50.30687795674025],[-123.44853166389578,50.508803615920755],[-123.36938920784077,50.533840847366164],[-123.3190046863562,50.48901154235297],[-123.2928047351842,50.431676540725135]]]},"properties":{"scalerank":5,"featurecla":"Glaciated Areas","min_zoom":5}},{"type":"Feature","geometry":{"bbox":[-145.70427914119833,63.13338186304158,-144.3068967355938,63.58940053980122],"type":"Polygon","coordinates":[[[-144.3068967355938,63.195936184330876],[-144.3068967355938,63.195936184330876],[-144.3068967355938,63.195936184330876],[-144.34668758845854,63.1404873724817],[-144.3899407622868,63.13338186304158],[-145.05620500382594,63.22130931258619],[-145.22123369035003,63.165085354252646],[-145.28479570206906,63.20864858667467],[-145.54826799210917,63.2777399766489],[-145.6564526031122,63.351843980555465],[-145.70427914119833,63.44646352808188],[-145.68663163957066,63.51932729761344],[-145.52881181535128,63.56537099878549],[-145.34830603735577,63.55152171493126],[-145.2191924712745,63.58940053980122],[-145.14661292212057,63.541186428472905],[-145.04902197973738,63.29957326929223],[-144.99282385961996,63.289289659266146],[-144.94504899796613,63.35716665308154],[-144.8738130360518,63.39514883081605],[-144.78492957250975,63.408248806402064],[-144.68317867732705,63.295930080815666],[-144.57359880265213,63.23402171493],[-144.43293555395366,63.2588780788624],[-144.3258103098126,63.22782054305496],[-144.3068967355938,63.195936184330876]]]},"properties":{"scalerank":3,"featurecla":"Glaciated Areas","min_zoom":2.1}},{"type":"Feature","geometry":{"bbox":[-152.42456661681115,62.502800197999996,-149.9716930816451,63.38522695581601],"type":"Polygon","coordinates":[[[-149.9789536203821,63.23531362573728],[-149.9789536203821,63.23531362573728],[-149.9789536203821,63.23531362573728],[-149.9716930816451,63.16043447534638],[-150.00918433327286,63.06891551375746],[-149.97404435931438,62.985148017012314],[-150.0222584706427,62.966492824954955],[-150.1742905344454,63.01811758081455],[-150.46272254128246,62.90016612410834],[-150.56511939186882,62.79585724552719],[-150.48362565814455,62.73420726180298],[-150.43727189837873,62.72071971297483],[-150.46484127500645,62.67304820418557],[-150.51912736712904,62.70852407495393],[-150.71947689512464,62.75224233667287],[-150.75345414935654,62.723484402102414],[-150.79898108620569,62.72053884546181],[-150.84187252500794,62.76247427026666],[-150.9076049468832,62.762991034589575],[-150.96183936257353,62.728677883547775],[-151.17451371967076,62.67583873152932],[-151.21159155984014,62.5968513047712],[-151.19477088112916,62.52445262313028],[-151.26076168516587,62.502800197999996],[-151.32246334532238,62.562538153729385],[-151.63440812885227,62.655142320396415],[-151.80057369688677,62.65524567326101],[-152.04738033751278,62.560781155031464],[-152.07161658425767,62.52088694930214],[-152.1205800038542,62.510138251385435],[-152.23847978412812,62.51856150984901],[-152.42456661681115,62.56873932560441],[-152.42376563211062,62.664134019615226],[-152.35725806375098,62.711883043052914],[-152.20631120502642,62.776840318443774],[-152.1920226714977,62.85458751082691],[-152.1244557362761,62.87616242130876],[-152.01645199278607,62.86257151961599],[-151.94296810606704,62.87275177677749],[-151.91250484923097,62.92422150334021],[-151.62975724994598,63.00292470972075],[-151.55319861550558,63.063334459069935],[-151.51139238178146,63.12351166447381],[-151.4554526438255,63.147179470463485],[-151.3808060373799,63.132425849044175],[-151.1916961334078,63.19505768498194],[-150.87197404681797,63.21965566675284],[-150.87804602761224,63.15924591740365],[-151.1175662912851,63.099068711999784],[-151.16621965228788,62.950240586999165],[-151.13554968972267,62.89639374455105],[-151.0256080800217,62.85761058211598],[-150.92618262429215,62.86990957300147],[-150.87197404681797,62.92520335555377],[-150.83068457741675,63.083953355554385],[-150.80368364154424,63.12914439559363],[-150.39874711810512,63.33727122664915],[-150.3424714833393,63.32295685490432],[-150.1691745676485,63.37752716740452],[-150.08737077533044,63.38522695581601],[-150.01251746315566,63.314843655034494],[-149.9789536203821,63.23531362573728]]]},"properties":{"scalerank":3,"featurecla":"Glaciated Areas","min_zoom":2.1}},{"type":"Feature","geometry":{"bbox":[-144.34699764705226,61.493326931394385,-142.01732072647005,62.35025136987438],"type":"Polygon","coordinates":[[[-142.07749793187392,61.89560211857046],[-142.07749793187392,61.89560211857046],[-142.07749793187392,61.89560211857046],[-142.01925859268098,61.79754608829664],[-142.01732072647005,61.69964508731969],[-142.08323401585832,61.670189520913326],[-142.1761482411191,61.709644476968165],[-142.23170040583287,61.669776109454986],[-142.19128943578062,61.61815135359541],[-142.24818518773398,61.58569855411611],[-142.36381120498706,61.710032050210366],[-142.42290320531282,61.680214748777935],[-142.43928463434932,61.652154446043454],[-142.50568884984438,61.63566966414234],[-142.63048743382927,61.64652171492364],[-142.70807959691552,61.60952138940266],[-142.84184404190302,61.59489695906406],[-142.89907569066628,61.56430451114727],[-142.9164131337002,61.497228502032414],[-142.99733842666927,61.493326931394385],[-143.113791266839,61.559550279376424],[-143.4581888498482,61.584303290444225],[-143.53921749568187,61.634532782631915],[-143.49410397029106,61.69731964786655],[-143.53660783585113,61.75018463810115],[-143.59197913305186,61.741761379637566],[-143.62657650447127,61.66925934513207],[-143.6887432525184,61.64884715437679],[-143.79984758194593,61.77814158797106],[-143.87477840876915,61.81886261661704],[-143.95526445206372,61.838654690184825],[-144.09256873266324,61.82067129174726],[-144.13300554093163,61.85870514591408],[-144.2814202544739,61.9387002631019],[-144.33451778865378,61.997249660888585],[-144.34699764705226,62.04846100528984],[-144.31767127172662,62.20168162703524],[-144.3414941070132,62.263124905030274],[-144.2750123768697,62.338779201905574],[-144.09099260147835,62.35025136987438],[-143.97211096899088,62.324051418702396],[-143.91319983617814,62.26880931258238],[-143.92159725642557,62.213748073975395],[-143.93348283585271,62.19165639917061],[-143.87720720108686,62.13739614526415],[-143.739308641516,62.20168162703524],[-143.62786841527856,62.188685004313825],[-143.5778714670362,62.11848257104532],[-143.47020362035607,62.08949209252958],[-143.27819983617562,62.00210724552402],[-143.2254381988056,62.050941474039846],[-143.17647477920906,62.136362616618314],[-143.06082292373983,62.13734446883186],[-143.01454667862248,62.105563462972356],[-142.95573889867433,62.115898749430734],[-142.91661983942936,62.1707274440924],[-142.85068071182494,62.13682770450893],[-142.85564164932495,62.02184764265953],[-142.84083635147334,61.983348700602086],[-142.70986243382958,62.148919989665224],[-142.6919307118243,62.2222488470874],[-142.72707068578276,62.28885976831163],[-142.64128780817828,62.29167613387153],[-142.568294847566,62.25258291284273],[-142.46233232315151,62.09031891544625],[-142.3422362945052,62.04768585880545],[-142.07749793187392,61.89560211857046]]]},"properties":{"scalerank":3,"featurecla":"Glaciated Areas","min_zoom":2.1}},{"type":"Feature","geometry":{"bbox":[-153.7902713694208,59.960319729239814,-151.79801571348833,61.85658641219011],"type":"Polygon","coordinates":[[[-151.94697302956965,61.48766836205842],[-151.94697302956965,61.48766836205842],[-151.94697302956965,61.48766836205842],[-151.83191545307182,61.43971263289157],[-151.79801571348833,61.37697744408924],[-151.81716183165247,61.32984853783905],[-151.97707455137967,61.311400051510844],[-152.11740190326825,61.24013825138035],[-152.2080423655082,61.14086782494766],[-152.2555071685683,61.11110219994754],[-152.25971879780008,60.99529531518145],[-152.30416052957108,60.914421698644674],[-152.44962968647272,60.79411896426919],[-152.43665890196746,60.74401866316222],[-152.45239437560033,60.68177440046665],[-152.56590165912942,60.59754181583091],[-152.6238826161609,60.60167593041425],[-152.64315792540577,60.56286692976306],[-152.58099117735864,60.558061021559915],[-152.60729448139523,60.47170970320019],[-152.7189930897941,60.4445537380308],[-152.83213863829715,60.46705882429392],[-152.94360470275072,60.53594350853899],[-152.98029496967797,60.49651439070029],[-153.1064888173347,60.496772772861746],[-153.15374691466565,60.47992625593459],[-153.1714977691579,60.401946519606156],[-153.09532670795966,60.377012641025324],[-153.07119381407938,60.33427623151995],[-153.11287085672276,60.30358043073858],[-153.15948299865002,60.31874746361625],[-153.1961991037934,60.35812490502265],[-153.26978634337704,60.33280345319963],[-153.29138709207504,60.279395860425986],[-153.28616777241356,60.22423126895441],[-153.20679277241325,60.20069265404547],[-153.12692684630616,60.239837551506554],[-153.04615658263396,60.23420482038674],[-152.9097824778157,60.039022935620345],[-152.96189815978204,59.98998200137535],[-153.07457862039448,59.960319729239814],[-153.19446794331162,59.97856150983884],[-153.29836341043443,60.050133368563095],[-153.37921118875508,60.078193671297576],[-153.43481502990113,60.05413829206571],[-153.50587012430248,60.05049510358913],[-153.57958655496682,60.08423981387572],[-153.62100521544875,60.18133983015216],[-153.61516577859976,60.34484406192364],[-153.52726416727128,60.413806260817154],[-153.43166276753132,60.4188963893979],[-153.33308997293457,60.46488841413767],[-153.15229997456146,60.640743313226906],[-152.9524155344565,60.64728038191182],[-152.9288510813314,60.71172089297979],[-152.95766069233412,60.75797129988102],[-153.08258846739972,60.73210724551895],[-153.20960913797313,60.75753205020656],[-153.2953661773615,60.69061107038856],[-153.35246863504403,60.668648586664524],[-153.43819983621626,60.668648586664524],[-153.54630693257084,60.607644558343964],[-153.6143389556831,60.622501532627886],[-153.64413041889935,60.68141266544061],[-153.6859883290558,60.71892975528452],[-153.7653633290561,60.72497589786266],[-153.7902713694208,60.78052806257642],[-153.65518917540982,60.91703135847541],[-153.638575202428,60.95782990176985],[-153.66058936258432,60.99576040307209],[-153.6430193756051,61.03534455020766],[-153.58984432677676,61.04986562768167],[-153.56421281635997,61.08849376081985],[-153.57560746968034,61.13368480085909],[-153.4761303375185,61.184637763098884],[-153.46845638732313,61.28150523542999],[-153.50005652566963,61.35607432722717],[-153.69585852762353,61.46265696882916],[-153.70234391987617,61.53438385685026],[-153.68097571512348,61.601253160235956],[-153.55806332091726,61.60908213972817],[-153.4273736236511,61.49939891218868],[-153.31748369038243,61.515780341225195],[-153.30492631733551,61.57407135685044],[-153.25079525450977,61.59574962019688],[-153.20348548074656,61.55438263614722],[-153.18687150776472,61.50311961531369],[-153.21426001687942,61.4572309434385],[-153.1897137115408,61.37336009382879],[-153.19508806049913,61.288559068437834],[-153.22219234923622,61.2010708685677],[-153.29430681049953,61.10371247012981],[-153.34009212951014,61.091232611731314],[-153.37301001688004,61.05862478295515],[-153.32435665587724,60.98521841088454],[-153.10266476134512,61.0165343288534],[-152.86668433328427,61.154045315182096],[-152.50960018614742,61.20396474877603],[-152.4456764394024,61.28364980737011],[-152.62716406961144,61.29672394473995],[-152.65897091368709,61.426070054766505],[-152.7245483062655,61.51262807885541],[-152.69400753478098,61.5609972194806],[-152.62664730528851,61.53143830020964],[-152.5733689035956,61.54024913191541],[-152.54921017149917,61.58301137963693],[-152.60737199604364,61.6391836615382],[-152.65517269591365,61.646392523842906],[-152.6707789784658,61.74620555281466],[-152.50479427794428,61.83607086857024],[-152.3613146636859,61.85658641219011],[-152.27341305235743,61.82682078718999],[-152.22235673725305,61.78920034448151],[-152.1803696360159,61.70899852156452],[-152.13063106993496,61.72377798119999],[-152.05505428770812,61.64362783471529],[-152.01407487690065,61.559343573647254],[-151.94697302956965,61.48766836205842]]]},"properties":{"scalerank":3,"featurecla":"Glaciated Areas","min_zoom":2.1}},{"type":"Feature","geometry":{"bbox":[-149.2953777740252,60.00589834252124,-145.62666113989593,61.72129751244998],"type":"Polygon","coordinates":[[[-148.19247351783588,61.141177883541424],[-148.19247351783588,61.141177883541424],[-148.19247351783588,61.141177883541424],[-148.3247651845031,61.11241994897098],[-148.3802915110007,61.04118398705664],[-148.38879228411272,61.03694651960871],[-148.41075476783675,61.01147003848882],[-148.39584611712056,61.00712921817629],[-148.38065324602675,61.01121165632735],[-148.37259172258922,60.94108673770729],[-148.42021155494618,60.88729157169144],[-148.6421101552075,60.825538235102655],[-148.68838640032484,60.75753205020656],[-148.66926612037685,60.70926626244594],[-148.61255123593654,60.697173977289644],[-148.5210839507799,60.7167851833444],[-148.49038814999855,60.64100169538837],[-148.6559077626294,60.50204376895552],[-148.66265153704353,60.485894883864304],[-148.63658077695226,60.46501760521839],[-148.56875545956916,60.48457713484086],[-148.45940812883956,60.49294871687215],[-148.36804419654752,60.45708527286158],[-148.33442867734166,60.3737828640071],[-148.3872161529278,60.28988617618124],[-148.41886796770657,60.11917308210504],[-148.48062130429537,60.06617890078971],[-148.7138887196609,60.00589834252124],[-148.8991228912111,60.032149970125516],[-149.00663570859436,60.09922597924037],[-149.03229305722726,60.19746287702723],[-149.07611467181079,60.236142686597695],[-149.08417619524832,60.160359198641665],[-149.13277787981883,60.104807033927884],[-149.21153276263163,60.06088206647979],[-149.2688419260433,60.07240591088088],[-149.2953777740252,60.16898916283439],[-149.243287930275,60.26629588483999],[-149.16207841692832,60.30885142683235],[-149.0566584950529,60.33195079206681],[-149.0496821766935,60.38551341413736],[-149.1205564035818,60.412695217522874],[-149.13404395240997,60.48147654890336],[-149.04399776914138,60.56702688256256],[-149.04485043027424,60.64089834252379],[-149.02278459368557,60.68327301700311],[-148.84514685768224,60.81323924421719],[-148.77765743710907,60.94134511986874],[-148.8006792876951,61.015785020585184],[-148.87044247128912,61.03384593367119],[-148.9430478586592,60.9968972845825],[-149.00257910865943,61.00583730736899],[-149.05456559954507,61.036016343827455],[-149.08311682838632,61.19848704695311],[-149.04159481503982,61.25388418236999],[-148.95175533750037,61.24091339786474],[-148.84974606015624,61.27470978458361],[-148.74138058164016,61.34790945092505],[-148.6718241037753,61.3040103216931],[-148.71347530820256,61.231663316484486],[-148.66665646054614,61.180296942786356],[-148.56643002011603,61.2404999864064],[-148.53415808814975,61.30922964135457],[-148.5846459624989,61.35661692976623],[-148.5284478423815,61.41702667911544],[-148.39892086484193,61.39392731388097],[-148.33034623919062,61.34380117455785],[-148.31879655657337,61.2700330674612],[-148.26585405169035,61.23998322208347],[-148.21376420794013,61.24225698510432],[-148.19880388079164,61.29047109643265],[-148.242418789646,61.3465400254693],[-148.23962826230226,61.398138943112755],[-148.16673865455454,61.44529368757909],[-148.08834550676775,61.4687031114073],[-148.00576656796534,61.4687031114073],[-147.9706265940069,61.50288707136837],[-148.01610185442374,61.55045522729304],[-148.11074724016632,61.55980866153787],[-148.32008846738066,61.544925849037824],[-148.3963112050112,61.60843618432454],[-148.51824174700386,61.58626699487132],[-148.50901750383977,61.65902741153828],[-148.17247473853894,61.71217662215047],[-148.10100623267928,61.68801789005402],[-148.05312801816086,61.634171047605896],[-147.88954627174095,61.62502431909022],[-147.7428885568966,61.54337555606907],[-147.6211130442008,61.53304026961069],[-147.59227759498194,61.61918488224124],[-147.6490183176384,61.70039439558792],[-147.60933081763824,61.72129751244998],[-147.51130062558056,61.645798244871564],[-147.4315122141219,61.6296751979965],[-147.41386471249425,61.59071116804842],[-147.29860043026721,61.56311595320456],[-147.23648535865237,61.57117747664209],[-147.07520321346945,61.71819692651248],[-147.01006507056553,61.717783515054144],[-146.95159318742728,61.68822459578319],[-146.84645748592948,61.672308254637294],[-146.71000586646278,61.62401662866052],[-146.59815222876702,61.634326076902745],[-146.52335059302453,61.71602651635621],[-146.45955603736022,61.70109202742386],[-146.45477596737325,61.597997545001576],[-146.38010352271147,61.45320018171974],[-145.9130002512252,61.37377350528713],[-145.8517378407432,61.40059357364661],[-145.7849202137898,61.39640778263097],[-145.62666113989593,61.28354645450553],[-145.66952674048204,61.23280019799491],[-145.7664200510293,61.1762661810676],[-145.9719888986864,61.087020982499524],[-146.05756507056174,61.11210989037722],[-146.1289302235568,61.21202627221356],[-146.18303544816638,61.18319082299471],[-146.24329016821872,61.1780748561978],[-146.29566423234652,61.21176789005212],[-146.3531284250551,61.2137315944792],[-146.39578731991205,61.18872020124994],[-146.59660193579825,61.16128001570296],[-146.77124243872865,61.11208405216108],[-146.82095516659342,61.12686351179656],[-146.90363745826042,61.111257229244416],[-146.99337358293528,61.0432510443483],[-147.0900343495372,61.01493235945237],[-147.1694610259698,61.0699677598432],[-147.29084896542344,61.11177399356733],[-147.46789242245538,61.14270233829401],[-147.58881527401837,61.13957591414037],[-147.74921891985235,60.98382314721266],[-147.79849239804264,60.964470323319354],[-147.82712114153233,60.973487860754275],[-147.8480759348267,61.0013931341919],[-147.85140906470951,61.02397573510345],[-147.75113094784714,61.08035472273387],[-147.68924842017762,61.15321849226543],[-147.69449357805524,61.231404934323024],[-147.80794918515207,61.24112010359391],[-147.97499325253554,61.134304918046595],[-148.06609880266612,61.10040517846313],[-148.1355519276664,61.13585521101536],[-148.19247351783588,61.141177883541424]]]},"properties":{"scalerank":3,"featurecla":"Glaciated Areas","min_zoom":2.1}},{"type":"Feature","geometry":{"bbox":[-144.62586951391538,59.24622894961456,-137.97245134168824,61.65928579369974],"type":"Polygon","coordinates":[[[-139.1883461170837,59.68715810814498],[-139.1883461170837,59.68715810814498],[-139.1883461170837,59.68715810814498],[-139.18571061903683,59.76327749291091],[-139.05016333713525,59.82838979759866],[-139.04830298557275,59.82823476830178],[-138.98807410373658,59.83500438093201],[-139.0208886382419,59.842445787182044],[-139.00796953016894,59.848672797273224],[-139.06615719292958,59.888179429760356],[-139.24459591363345,59.931794338614694],[-139.31981096083425,60.01455414493013],[-139.40425025119916,60.045585842521405],[-139.5633361480097,60.067083238354826],[-139.6956278146769,60.0538540716881],[-139.78823198134393,60.02739573835468],[-139.81469031467736,59.96786448835442],[-139.88083614801099,59.92156240502091],[-140.09250281467848,59.80911448835378],[-140.3504715646795,59.75619782168691],[-140.7473465646811,59.76942698835363],[-141.11538611546382,59.85577830671335],[-141.19571712946154,59.89861806908331],[-141.22080603733926,59.93202688256002],[-141.17390967503437,60.043880520255776],[-141.12334428603677,60.07163076439651],[-141.10838395888828,60.125167548250886],[-141.1693621489927,60.11281688093312],[-141.19638892308134,60.1756295843839],[-141.1992828032897,60.33957306582987],[-141.26457597549046,60.35125193952785],[-141.29994849339425,60.30525991478807],[-141.25483496800345,60.26391876895456],[-141.2873136056989,60.204232489657464],[-141.47448564346007,60.128681545646735],[-141.4829347401398,60.06121796328969],[-141.51246782119458,60.0252253281984],[-141.6179910959346,60.01111766218273],[-141.9913791574595,60.07498973249548],[-142.04230628148315,60.12953420677955],[-142.00163692926947,60.18015127220945],[-142.02225582575392,60.254565334709746],[-142.06770524795462,60.27745799421505],[-142.12175879613193,60.27895661075151],[-142.1838997059629,60.23748627383728],[-142.1991959299213,60.180332139722466],[-142.23815995986936,60.14777598737857],[-142.35773922419276,60.19880646426681],[-142.41628862197945,60.20030508080328],[-142.43401363825555,60.25632233340767],[-142.3757742990626,60.31900584577772],[-142.3346398589583,60.42943838158544],[-142.3833707346095,60.466748765700174],[-142.49907426651103,60.45470815697617],[-142.5606467355868,60.408251044345775],[-142.56516842341233,60.34277700463197],[-142.60909339086044,60.31006582299121],[-142.69399776911598,60.338436184319455],[-142.94571367080968,60.323346666090224],[-143.04681861058873,60.290377102288005],[-143.13877682185213,60.20810822207935],[-143.15456397191733,60.157646185946334],[-143.20458675837583,60.107339179110205],[-143.30202267146217,60.07281932233921],[-143.54513444717927,60.063930975985016],[-143.73207394099515,60.10046621361538],[-143.86573503311806,60.174518541089626],[-143.93513648168604,60.349753322991376],[-143.85459876195915,60.413315334710376],[-143.89407955623014,60.47093455671581],[-143.9662715321419,60.47220062930697],[-144.1340649077936,60.43000682234065],[-144.22271582739032,60.441944078200066],[-144.5383037993968,60.527287706130096],[-144.62586951391538,60.60043569603924],[-144.62101192927994,60.633482774489906],[-144.6119427154127,60.65826162377385],[-144.38642676489098,60.75303620059716],[-144.34901302791167,60.84450348575376],[-144.38257687068523,60.905274970129014],[-144.32038428442195,60.94620270450418],[-144.21457678930435,60.90803965925663],[-144.12406551814513,60.90116669376181],[-144.06957272029337,60.869411526118455],[-143.5690606353304,60.89282094994667],[-143.4413164947049,60.935505683019755],[-143.32612972712633,60.94023407657446],[-143.16404659724284,60.87238292097523],[-142.92951310928618,60.84695811628762],[-142.74223771866045,60.79944163679525],[-142.6703299631263,60.74208079695128],[-142.5544714019279,60.72187531192515],[-142.40812374567733,60.733295803461665],[-142.3064762033592,60.80724477807132],[-142.2268169829813,60.91917593041552],[-142.10666927790268,60.948941555415644],[-141.9823099435923,60.90147675235556],[-141.86366085505014,60.89685171166544],[-141.74958513076584,60.921733913813966],[-141.68434363499736,60.91281972924362],[-141.6454571196977,60.95299815535055],[-141.6303676014685,61.03152049421806],[-141.63483761286173,61.09198191999955],[-141.64979794001025,61.10322154402303],[-141.72589148656002,61.1256491156377],[-141.81937415257602,61.098648179765206],[-141.9206599598681,61.119008694088194],[-142.21291602269477,61.35909739851624],[-142.22580929255162,61.45376862247495],[-142.13635738825437,61.54642446557427],[-141.994118008371,61.63882192651214],[-141.93303646540198,61.65928579369974],[-141.8577180653366,61.61763458927249],[-141.8436620757532,61.53386709252736],[-141.7552437001018,61.49397288679803],[-141.53406856989258,61.6143272976058],[-141.45552039280895,61.595956325926046],[-141.31299679254795,61.519604397214806],[-141.24382788792528,61.50534170190224],[-141.1782504953469,61.51552195906375],[-141.14398902073737,61.5666816270327],[-141.06985917861468,61.57117747664209],[-140.90351274306715,61.54456411401177],[-140.88162777399154,61.48803009708446],[-140.90586402073643,61.457541002032265],[-140.95666195367934,61.44942780216243],[-140.9779009673513,61.41687164981856],[-140.94252844944754,61.38144745548247],[-140.88922420953844,61.38183502872466],[-140.87821712946027,61.43423493106862],[-140.82623063857466,61.44922109643326],[-140.74856096083997,61.442813218829066],[-140.67980546767564,61.48296580671986],[-140.6592124094073,61.56998891869938],[-140.59182634169872,61.60683421492349],[-140.56433447971943,61.57272776961084],[-140.52022864475833,61.43258128523529],[-140.36876502171083,61.30643911401083],[-140.3309378732732,61.291763007239936],[-140.2877363758772,61.27961904565134],[-140.1964499582336,61.303390204505604],[-140.1357559885068,61.3911367865372],[-140.0539780344049,61.398629869219526],[-139.95563778375345,61.279050604896135],[-139.80665462945598,61.256829739010634],[-139.7475884673464,61.18934031843744],[-139.56560991103055,61.21166453718753],[-139.4967252267855,61.14412344018204],[-139.47515031630363,61.07642731387969],[-139.39618872776163,60.963307603592774],[-139.4132161122018,60.920054429764484],[-139.38730038140744,60.87651703555857],[-139.36479529514432,60.86956655541532],[-139.32668392632908,60.89344106713418],[-139.3345129058213,60.94687449812396],[-139.30934648329514,60.98847402611892],[-139.25221818739647,61.027127997473244],[-139.09871334527347,61.06397329369736],[-139.0310688954034,61.063379014726],[-138.99313839410118,61.01084992130131],[-138.88407528374918,60.94160350203019],[-138.8331223215094,60.82538320580578],[-138.75289466037626,60.80321401635256],[-138.62796688531066,60.84124787051938],[-138.5655675933182,60.798692328527025],[-138.60801978244598,60.74869538028463],[-138.6035756092689,60.700791327550064],[-138.541098802628,60.668648586664524],[-138.5156739979404,60.63051137963313],[-138.4775884673413,60.6051382513778],[-138.35410763237985,60.629994615310196],[-138.30075171603852,60.603536281976766],[-138.2988396880437,60.543229885492146],[-138.22961910698874,60.46411326765329],[-138.09497616265227,60.38535838484047],[-138.0629367746313,60.27683787702754],[-138.14339697970976,60.2134825710377],[-138.17021704806925,60.1349085557379],[-138.11926408582946,60.080519110750714],[-138.14735022678008,60.02367503522964],[-138.23928259982733,60.006311753979574],[-138.25817033583002,59.915309556713595],[-138.18882056369432,59.865209255606615],[-137.99596411838104,59.795678615957904],[-138.0486482411026,59.71108429629611],[-138.04185279025623,59.619694525787935],[-138.02348181857647,59.58574310977217],[-137.97245134168824,59.53574616152979],[-138.00113176161022,59.49388825137336],[-138.10758521213148,59.48887563744105],[-138.2483776519107,59.43027456322207],[-138.2884268869369,59.375290839263506],[-138.2975994536687,59.3025562608127],[-138.32519466851255,59.24622894961456],[-138.62987891330545,59.31601797142474],[-138.75028500054552,59.364283759185334],[-138.78676856174357,59.422471421946],[-139.11478471571624,59.65318085391305],[-139.1883461170837,59.68715810814498]],[[-139.13672136122415,60.56919729271882],[-139.13672136122415,60.56919729271882],[-139.13672136122415,60.56919729271882],[-138.92784522190038,60.56007640241929],[-138.85965816949127,60.58824005801838],[-138.87505774631424,60.69200633406045],[-139.10057369683597,60.6974323594511],[-139.17627967014357,60.6529389512478],[-139.18733842665404,60.59402781843505],[-139.13672136122415,60.56919729271882]],[[-140.49901546930252,60.873959052160124],[-140.49901546930252,60.873959052160124],[-140.49901546930252,60.873959052160124],[-140.4714977691071,60.90992584903528],[-140.51041012262286,60.97260936140532],[-140.62130774632124,61.00459707299399],[-140.67096879775372,61.03891022403579],[-140.83046810602258,61.05952912052025],[-140.87224850153058,61.10345408796835],[-140.88353980198633,61.1609182806769],[-140.92015255426514,61.19099396427078],[-140.97642818903097,61.176679592525936],[-141.03048173720828,61.23765778263034],[-141.09306189671375,61.26018870710959],[-141.18269466852402,61.17662791609363],[-141.14179277236497,61.0912842881636],[-141.16411699111507,61.02578441023366],[-141.25615271702688,60.98769887963455],[-141.21550920302937,60.92721161563691],[-141.14499671116707,60.913465684647285],[-140.9614161854502,60.904448147212335],[-140.89038692926502,60.88101288516797],[-140.7096486073242,60.87122020124866],[-140.67954708551417,60.85690582950382],[-140.57627173557887,60.85912791609237],[-140.49901546930252,60.873959052160124]],[[-141.02319536025513,60.71288361270637],[-141.02319536025513,60.71288361270637],[-141.02319536025513,60.71288361270637],[-140.98782284235133,60.771174628331586],[-141.01590898330198,60.81292918562343],[-141.07497514541157,60.84610545515481],[-141.16980139866718,60.86868805606637],[-141.25821977431858,60.842694810623556],[-141.27160397028217,60.738463446690844],[-141.18305640355004,60.70128225365684],[-141.09445716038562,60.69906016706828],[-141.02319536025513,60.71288361270637]],[[-141.31878455296464,61.19205333113275],[-141.31878455296464,61.19205333113275],[-141.31878455296464,61.19205333113275],[-141.27801184788635,61.227735907630304],[-141.29545264378487,61.31220103621137],[-141.62680192764034,61.36674551049543],[-141.7031538563516,61.31388052026085],[-141.6902605864948,61.22988047957041],[-141.6159757150752,61.176576239661344],[-141.48303809300435,61.14900686303363],[-141.36586178278253,61.1667060410936],[-141.31878455296464,61.19205333113275]]]},"properties":{"scalerank":3,"featurecla":"Glaciated Areas","min_zoom":2.1}},{"type":"Feature","geometry":{"bbox":[-145.89070187069126,60.524781399163935,-144.73077267146786,61.21254303653648],"type":"Polygon","coordinates":[[[-144.79658260799158,60.88711070417841],[-144.79658260799158,60.88711070417841],[-144.79658260799158,60.88711070417841],[-144.73077267146786,60.81928538679533],[-144.75196000870756,60.74587901472472],[-144.82456539607762,60.679888210688],[-145.00936031795337,60.57759471296624],[-145.17108171281077,60.524781399163935],[-145.31820451554574,60.546330471429656],[-145.33846167700415,60.5641846787865],[-145.38587480363196,60.63456797956803],[-145.43773210343684,60.664566148513465],[-145.45279578344991,60.71340037702929],[-145.3946856353377,60.745904852940875],[-145.41222978410082,60.77582550723787],[-145.55899085180974,60.79202606876137],[-145.61632585343756,60.74280426700336],[-145.68937049048213,60.759211534256025],[-145.88804053442823,60.922638251379084],[-145.89070187069126,60.98558014591058],[-145.80003557023517,61.03586131453058],[-145.56353837785142,61.07531627058542],[-145.36375729061103,61.07854604760367],[-145.41179053442633,61.13854238549454],[-145.3515874908063,61.199003811276015],[-145.30531124568893,61.21254303653648],[-145.12059383846162,61.207478746171894],[-145.0632071604015,61.18980540632806],[-145.01729265031017,61.126734320715826],[-145.0460505848806,61.09275706648393],[-145.10653784887822,61.07549713809845],[-145.207771979738,61.08929474552038],[-145.31332109269417,61.06216461856714],[-145.3074299794129,61.04232086856706],[-145.18475012915198,60.9841848822387],[-145.115348680584,60.99648387312416],[-144.89719662166385,60.932999376053594],[-144.79658260799158,60.88711070417841]]]},"properties":{"scalerank":3,"featurecla":"Glaciated Areas","min_zoom":2.1}},{"type":"Feature","geometry":{"bbox":[-138.15114844455354,58.38023529726735,-135.46263037813654,59.76216644961663],"type":"Polygon","coordinates":[[[-135.9961895415501,59.020041205473035],[-135.9961895415501,59.020041205473035],[-135.9961895415501,59.020041205473035],[-136.0976045399229,59.057687486397654],[-136.13119422091265,59.03655182559029],[-136.1337005278788,59.03954905866321],[-136.15003028048304,59.04807566999138],[-136.15235571993617,59.02321930605898],[-136.16775529675914,59.01355581322041],[-136.21426408582184,58.90612051048559],[-136.35229183647343,58.88917064069386],[-136.5114035715001,59.00350474713963],[-136.63144792371412,59.04262380638458],[-136.69322709851906,59.020687160876676],[-136.76906226290737,59.01939525006939],[-136.9330315825695,59.06321686465288],[-136.99357052299942,59.106935126371816],[-137.04540198458818,59.097659206775425],[-137.03426571342928,58.894493313219925],[-137.03294796440582,58.89258128522513],[-137.0590187244971,58.873719387438584],[-137.03839982801261,58.866639716214614],[-137.00716142469219,58.87364187279015],[-136.75518714083702,58.838941148506166],[-136.6391477121256,58.76680084902671],[-136.55961768282842,58.67207794863571],[-136.54718950086223,58.58582998314057],[-136.5930264963051,58.507488511786086],[-136.62312801811512,58.392999376043434],[-136.71477617078477,58.38023529726735],[-136.84045325411861,58.46258169212444],[-137.18704708550018,58.46304678001508],[-137.29812557671158,58.51151927350484],[-137.32303361707625,58.56898346621341],[-137.48230038139982,58.666729437893494],[-137.63081844780666,58.79679901797214],[-137.8548099435758,58.811035875068555],[-137.8457665679247,58.8631515570349],[-137.86253557020342,58.9239488796263],[-137.8883996245655,58.952784328845155],[-137.92054236545104,58.9760903998088],[-138.08789649142827,58.98528880475675],[-138.12016842339457,59.033399563220485],[-138.0884132557512,59.07964997012171],[-138.15114844455354,59.30645783145074],[-138.0814369373918,59.38407583275313],[-137.97335567925333,59.40236928978446],[-137.6187003244342,59.398984483469334],[-137.4378586496288,59.30170359967989],[-137.41245968315735,59.25297272402866],[-137.42669654025377,59.195870266346134],[-137.49999955945978,59.174915473051776],[-137.5720623442908,59.271369533924556],[-137.8594349842659,59.327180080799785],[-137.97730892632367,59.299068101633004],[-137.986042243381,59.18982412376798],[-137.96971249077677,59.10802033144995],[-137.82127193901835,59.12584870059063],[-137.80995480034645,59.185224921294015],[-137.73401628309352,59.204965318429494],[-137.62844133192124,59.168481757231426],[-137.564130011934,59.11750295677551],[-137.5434852772334,59.03941986758248],[-137.49297156466812,59.00296214460056],[-137.43721269422517,59.023426011788146],[-137.3774489002796,59.02254751243919],[-137.31835689995384,58.98549551048591],[-137.2414365304874,58.99443553327241],[-137.1887265695497,59.07014150658],[-137.21492652072166,59.12729564069482],[-137.29045162651624,59.10460968691868],[-137.352204963105,59.12956940371566],[-137.36109330945922,59.19581858991385],[-137.34013851616487,59.25178416608594],[-137.30070939832618,59.288681138742334],[-137.25704281303953,59.42267812767516],[-137.22024919324772,59.455751044341966],[-137.14759212944537,59.47688670514935],[-137.04250810437983,59.44944651960235],[-136.95279781792112,59.39738251406828],[-136.89582455131935,59.38392080345626],[-136.84378638400142,59.45208201764923],[-136.92062923881943,59.516780910878666],[-136.9416357085461,59.57641551374349],[-136.8897267323089,59.600290025462336],[-136.8594185047697,59.68813996035851],[-136.81169531954816,59.74405386009831],[-136.74872758680053,59.76216644961663],[-136.70413082573265,59.692739162832495],[-136.7876399403163,59.63191600202496],[-136.7857279123215,59.564116522858015],[-136.7040533110842,59.569180813222616],[-136.6120950998208,59.55011220970693],[-136.51259212944282,59.494792588938466],[-136.335574510627,59.35141632754466],[-136.18310319714982,59.26741628685423],[-135.9746404692844,59.21617910423683],[-135.7066206532026,59.19514679629404],[-135.5131182524857,59.150033270903236],[-135.47095028373553,59.11566844342915],[-135.46263037813654,59.027482611723066],[-135.4959100005325,58.909117743558525],[-135.59530961804592,58.88904144961313],[-135.70142717175727,58.97319651960045],[-135.81204057507802,59.001799424874],[-135.90554907931016,58.96849396426188],[-135.9785162017063,58.962680365629055],[-135.9961895415501,59.020041205473035]]]},"properties":{"scalerank":3,"featurecla":"Glaciated Areas","min_zoom":2.1}},{"type":"Feature","geometry":{"bbox":[-135.22471208386474,58.38020945905121,-133.55535661510805,59.52561758080058],"type":"Polygon","coordinates":[[[-133.55535661510805,58.8501549343135],[-133.55535661510805,58.8501549343135],[-133.55535661510805,58.8501549343135],[-133.6354292469443,58.808607082750825],[-133.80066463919758,58.645981350328306],[-133.9961307443416,58.53007111269763],[-134.0221239897844,58.4667158067078],[-134.10385026745402,58.41444509544456],[-134.34442989798882,58.38020945905121],[-134.40029212129633,58.41498769798363],[-134.51687415254682,58.43498647728059],[-134.58803259981272,58.469868069077606],[-134.80509945365472,58.697347724026436],[-134.7648693511155,58.750367743557895],[-134.66965552461772,58.76959137637047],[-134.66487545463073,58.86359080670939],[-134.77631568086815,58.93309560814195],[-134.84840430391532,58.99877635358492],[-134.88289832247014,59.05921194115027],[-134.9706190662856,59.066937567777906],[-135.01896236869464,59.02611318626732],[-135.04968400769218,58.972731431709825],[-135.12402055554404,58.945446275459716],[-135.14270158581755,59.00071421979586],[-135.14117713106492,59.07267365176231],[-135.11551978243202,59.17313263613771],[-135.06355912976252,59.22496409772645],[-135.07593563529645,59.30532094994032],[-135.1839652170026,59.34020254173732],[-135.22471208386474,59.416528632232435],[-135.09304053438504,59.52561758080058],[-134.70861955456581,59.46502696393836],[-134.6570981515708,59.422548936594445],[-134.6506385975343,59.36374115664628],[-134.6047757638753,59.31320160586484],[-134.51330847871867,59.30118683535697],[-134.36137976778056,59.24307668724476],[-134.26275529675152,59.169721991606444],[-134.1267946033916,59.118458970772906],[-133.94184465221898,59.094946194080094],[-133.88409623913282,59.0015152044964],[-133.6599497140668,58.971852932360854],[-133.58907548717852,58.94508454043367],[-133.55535661510805,58.8501549343135]]]},"properties":{"scalerank":3,"featurecla":"Glaciated Areas","min_zoom":2.1}},{"type":"Feature","geometry":{"bbox":[-133.3344398670603,56.746562405008206,-131.85204973033564,58.39532481549658],"type":"Polygon","coordinates":[[[-131.95594519745845,57.26653066672904],[-131.95594519745845,57.26653066672904],[-131.95594519745845,57.26653066672904],[-131.89840349010143,57.20823965110381],[-131.85204973033564,56.92603465435788],[-131.91116756887752,56.836169338602325],[-132.16872290742023,56.808315741597],[-132.22949439179547,56.74888784446134],[-132.30961870006402,56.746562405008206],[-132.37374915253824,56.806403713602194],[-132.546684333203,56.87130931256078],[-132.59634538463547,56.91058340110261],[-132.62613684785174,56.98530752219666],[-132.60487199596363,57.0352786322229],[-132.63954688203148,57.09863393821274],[-132.75240821015694,57.1357892930306],[-132.8390179106781,57.19361522076521],[-132.8709539458345,57.29629629172915],[-132.87627661836055,57.382621771872735],[-132.83881120494894,57.45551137962042],[-132.93234554739723,57.53976980247233],[-133.00053259980638,57.559096788149475],[-133.0784089832702,57.626198635480485],[-133.06887468151237,57.79533559837178],[-133.11148189993702,57.85636546490848],[-133.2968194243518,57.93894440371089],[-133.3344398670603,58.020308946354454],[-133.29289201549764,58.08761749941462],[-133.20486121308844,58.11428253847722],[-133.01660397024915,58.128648586654364],[-132.9198915272149,58.16337514915451],[-132.87627661836055,58.124617824935605],[-132.9022957020195,58.027026882552384],[-132.8396897042979,57.988553778711086],[-132.79889116100347,57.99511668561217],[-132.75114213756578,58.05165070253947],[-132.71217810761772,58.18120351829519],[-132.73879147024803,58.22487010358182],[-132.71403845918022,58.2664179551445],[-132.62554256888038,58.311583156967586],[-132.55939673554678,58.39532481549658],[-132.53399776907534,58.39532481549658],[-132.51691870820287,58.33096181907705],[-132.5958544585287,58.22636872011829],[-132.56771664114578,58.14983592389403],[-132.43266028535098,58.156347154362805],[-132.3461797759105,58.13601247825595],[-132.28264360240766,58.06255442975305],[-132.2750730050769,57.98235260683607],[-132.2144823882147,57.94700592714843],[-132.14872412812326,57.98209422467462],[-132.05911719452916,57.969588528059965],[-132.05167578827914,57.93093455670565],[-132.10242204478976,57.88458079693985],[-132.12394527883933,57.837090155663624],[-132.08040788463342,57.810528469465574],[-132.09353369843555,57.746656399152826],[-132.1301206124982,57.72417715110586],[-132.22918433320172,57.722213446678786],[-132.30194474986868,57.786240546288404],[-132.35793616425693,57.906646633528474],[-132.38454952688724,57.9288158229817],[-132.44557939342394,57.88876658795549],[-132.44379655650988,57.84246450462197],[-132.39113827200444,57.71260163027248],[-132.29773312063688,57.592970689516804],[-132.2418967355455,57.56981964785004],[-132.1018277658184,57.62498423932162],[-132.05133989146924,57.59855174420433],[-132.06560258678178,57.52935700136551],[-132.0416505604145,57.46481313743295],[-131.97620235891685,57.43018992779741],[-131.94969234915112,57.37466360129979],[-131.95594519745845,57.26653066672904]]]},"properties":{"scalerank":3,"featurecla":"Glaciated Areas","min_zoom":2.1}},{"type":"Feature","geometry":{"bbox":[-118.38842709030781,51.67113576924571,-116.77909379765815,52.715232245486874],"type":"Polygon","coordinates":[[[-116.90177364791906,51.858902085978244],[-116.90177364791906,51.858902085978244],[-116.90177364791906,51.858902085978244],[-116.79309811080925,51.751570136108015],[-116.77909379765815,51.718032131550586],[-116.84485205774955,51.67113576924571],[-116.96603329147399,51.706508287149504],[-117.02688229049768,51.757254543660125],[-117.08439815963854,51.8560082057699],[-117.16253292526385,51.89362864847837],[-117.20304724818067,51.93535736755406],[-117.26020138229549,51.93535736755406],[-117.30849300827224,51.96401194925991],[-117.34141089564217,52.02483511006744],[-117.43817501510871,52.041836656291466],[-117.54496436243986,51.94964590108277],[-117.60341040736196,51.98444997823134],[-117.61803483770058,52.044239610393035],[-117.64979000534392,52.08152415629162],[-117.7265553455135,52.090050767619786],[-117.76823238815689,52.03894277608312],[-117.82424964076127,52.032483222046636],[-117.8600872465557,52.07555552836192],[-118.01733863001986,52.175885321656594],[-118.06529435918674,52.23593333597975],[-118.0552174548898,52.29923696553729],[-118.0749578520253,52.35380727803751],[-118.10637712285876,52.368715928753716],[-118.14224056686933,52.38011058207407],[-118.22505204961706,52.359233303428155],[-118.27610836472144,52.2508161484798],[-118.33731909877116,52.250661119182936],[-118.30990475144031,52.29515452738623],[-118.27316280808078,52.453387763063944],[-118.31747534877105,52.57035736755661],[-118.36517269577647,52.60640167908018],[-118.38842709030781,52.69497508402846],[-118.38491309291197,52.715232245486874],[-118.30453040248196,52.69352814392428],[-118.24846147344527,52.626658840538596],[-118.21091854538523,52.53777537699658],[-118.11278500046296,52.44506785746496],[-117.965662197728,52.51111033793397],[-117.87672705775368,52.51886180277775],[-117.85905371790986,52.49240346944431],[-117.87804480677713,52.44124380147535],[-117.97015804733736,52.395303453167884],[-117.99020850306663,52.33404104268587],[-117.94917741582688,52.290968736370594],[-117.87388485397761,52.32076019958686],[-117.8141210600321,52.32383494730823],[-117.7045670235733,52.27887645121429],[-117.66038367396376,52.3157217474384],[-117.62152299688026,52.29887523051124],[-117.58881181523951,52.167565416057606],[-117.55013200566906,52.15335439717734],[-117.47786251510885,52.210586045940595],[-117.4668037585984,52.261874904990265],[-117.50225379115064,52.341870022178085],[-117.43644385462693,52.35623607035523],[-117.36035030807714,52.263683580120485],[-117.18490882044622,52.20611603454734],[-117.14945878789399,52.18063955342744],[-117.1346018136101,52.12973826761995],[-117.1619386462925,52.07447032328379],[-117.15669348841485,52.01470652933824],[-116.90177364791906,51.858902085978244]]]},"properties":{"scalerank":3,"featurecla":"Glaciated Areas","min_zoom":2.1}},{"type":"Feature","geometry":{"bbox":[-118.24760881231245,51.274183254595684,-117.64229692266159,51.90675446228052],"type":"Polygon","coordinates":[[[-117.75404720749277,51.521868394570646],[-117.75404720749277,51.521868394570646],[-117.75404720749277,51.521868394570646],[-117.67697180872942,51.53021413838577],[-117.64229692266159,51.473034166054816],[-117.66919450566952,51.42440664326817],[-117.74831112350839,51.40696584736966],[-117.82086483444616,51.35950104430957],[-117.88220475957662,51.28606883402282],[-117.96263912643893,51.274183254595684],[-117.99447180873072,51.2995047064187],[-118.01511654343132,51.33591075296833],[-118.0199999662829,51.408929551796746],[-117.98638444707703,51.46275055602874],[-117.98555762416038,51.63876048441486],[-118.19500220423933,51.742630113321525],[-118.24760881231245,51.79440989847798],[-118.1519557361402,51.90675446228052],[-118.12257768438226,51.88262156840021],[-118.0714180164133,51.78286021586075],[-117.91052344447257,51.79399648701964],[-117.83988176152958,51.75637604431115],[-117.80735144740184,51.66940460876394],[-117.85287838425099,51.56437226013071],[-117.84042436406865,51.48419627542987],[-117.75404720749277,51.521868394570646]]]},"properties":{"scalerank":5,"featurecla":"Glaciated Areas","min_zoom":5}},{"type":"Feature","geometry":{"bbox":[-35.63619137220333,83.22936452913758,-33.961539069136734,83.55867259391754],"type":"Polygon","coordinates":[[[-34.09744808606436,83.40224803337004],[-34.09744808606436,83.40224803337004],[-34.09744808606436,83.40224803337004],[-34.02107031913698,83.41087799756279],[-33.961539069136734,83.38013052034911],[-33.96489803723571,83.32860911735413],[-34.08117000989242,83.304682929203],[-34.212221442184614,83.23429962842145],[-34.77081783704362,83.24543589958036],[-34.983130459114776,83.22936452913758],[-35.06188534192759,83.2988951687863],[-35.10984107109446,83.31739533154679],[-35.20650183769641,83.28065338818728],[-35.24332129570436,83.24845897086944],[-35.493719448374634,83.241120917484],[-35.59559953463807,83.28357310661177],[-35.63619137220333,83.38568573682049],[-35.56438696953377,83.46389801709425],[-35.393363816863825,83.49645416943814],[-35.263087531056,83.48322500277142],[-35.19474544935001,83.44787832308377],[-35.05403052421923,83.42968821891704],[-34.76596025240818,83.44617300081815],[-34.81128048352815,83.47164948193803],[-34.81776587578079,83.55867259391754],[-34.70345760755116,83.55867259391754],[-34.49770789238107,83.4181385362998],[-34.28092525891665,83.3509850125365],[-34.176022101364154,83.35504161247142],[-34.09744808606436,83.40224803337004]]]},"properties":{"scalerank":5,"featurecla":"Glaciated Areas","min_zoom":5}},{"type":"Feature","geometry":{"bbox":[-40.895792812654065,82.32696483024075,-35.74688229017252,83.48511119255008],"type":"Polygon","coordinates":[[[-35.8201594711624,82.68146515576301],[-35.8201594711624,82.68146515576301],[-35.8201594711624,82.68146515576301],[-36.04701900892373,82.6635334337577],[-36.148666551241845,82.6710006782239],[-36.29266292982315,82.63960724560657],[-36.3295340642634,82.61624949821065],[-36.35643164727132,82.5414737006843],[-36.32263526055243,82.4754312202153],[-36.436349249810704,82.4375265571292],[-36.6903647527414,82.44256500927766],[-37.145814988745826,82.41192088492859],[-37.292472703590164,82.38897654899098],[-37.36215837253576,82.356756293457],[-37.67485246433388,82.3285151232095],[-38.240089280742396,82.32696483024075],[-38.68773637547075,82.34773875602208],[-39.19227922215245,82.42713959423854],[-39.28819068048617,82.41564158805359],[-39.41766598159346,82.48959056266328],[-39.53290442560434,82.49677358675184],[-39.670777146959054,82.46225372998087],[-39.777540656074066,82.4840870226242],[-39.8657523259963,82.57821564404382],[-39.87386552586612,82.62901357698675],[-39.94256934259816,82.72247040478659],[-40.03791236017666,82.74544057894036],[-40.728102789866924,82.80021759716972],[-40.86344336603935,82.82429881461773],[-40.895792812654065,82.86920563427937],[-40.64927039240568,82.90535329866755],[-39.61238277846924,82.92478363720927],[-39.24077755385838,82.86967072217],[-39.17545854344145,82.80652212190934],[-38.9341296046384,82.76611115185709],[-38.78015967462477,82.70776845979957],[-38.35289893243555,82.71885305452618],[-38.120225796041396,82.7082335476902],[-38.068936936991705,82.74585399039866],[-38.0927856104944,82.8172966580422],[-38.11986406101535,82.83768301058133],[-38.39772823744876,82.90021149365451],[-38.430671963034825,82.96211985954015],[-38.28484107110715,82.97447052685793],[-37.65477617038849,82.97726105420169],[-37.49388159844774,82.96341177034746],[-37.19265967461842,82.97447052685793],[-37.173358527157404,83.04469879834257],[-36.947635870906495,83.10557363558239],[-36.958875494929984,83.20988251416354],[-37.07569007012576,83.24535838493193],[-37.186225958798076,83.24556509066109],[-37.27092363132445,83.20445648877289],[-37.33833553724921,83.23388621696311],[-37.359652065569605,83.30558726676809],[-37.43411780450219,83.363464870935],[-37.50124549004933,83.370725409672],[-37.599094814594,83.43167776156028],[-37.581214769021,83.45826528597443],[-37.47840450697633,83.45707672803174],[-37.279579433733346,83.40664053011484],[-36.967867194148766,83.38529816357833],[-36.8616979640051,83.35188935010162],[-36.786302049291265,83.27812124300497],[-36.8531971908931,83.24520335563504],[-36.828366665176844,83.19590403922861],[-36.63080766452502,83.21016673454115],[-36.55096757663408,83.17848908154623],[-36.46580481621707,83.18047862418946],[-36.40438737643818,83.23166413037457],[-36.194374355604,83.20685944287446],[-36.11626542819484,83.23176748323915],[-36.06696611178839,83.3274722358437],[-36.10587846530417,83.38199087191165],[-36.080221116671254,83.46115916618278],[-36.012499152152756,83.48511119255008],[-35.93374426933994,83.48255320915163],[-35.849640875784914,83.42865469027119],[-35.85961442721725,83.29744822868211],[-35.82710995130566,83.24453156201524],[-35.88677039238662,83.19812612581715],[-36.007305670707424,83.14567454704088],[-36.15329159193196,83.1112580431345],[-36.32508989108629,83.12505565055643],[-36.418029954563224,83.07136383740517],[-36.412888149550184,83.02653453239198],[-36.40371558281838,82.97540070263916],[-36.320929938286795,82.8836750353211],[-35.76517574720384,82.8378897163105],[-35.74688229017252,82.71138581005998],[-35.8201594711624,82.68146515576301]]]},"properties":{"scalerank":1,"featurecla":"Glaciated Areas","min_zoom":2}},{"type":"Feature","geometry":{"bbox":[-33.737495896935314,83.21765981722346,-31.817380540482333,83.47345815706824],"type":"Polygon","coordinates":[[[-33.25468299003235,83.32044424105202],[-33.25468299003235,83.32044424105202],[-33.25468299003235,83.32044424105202],[-33.31542863619144,83.35287120231517],[-33.471594814577486,83.3808539904012],[-33.55324357759865,83.33555959749738],[-33.58362931978627,83.3008071967811],[-33.666389126101706,83.28023997672894],[-33.737495896935314,83.30768016227593],[-33.73705664726084,83.37119049756265],[-33.69096126965648,83.39072418896895],[-33.44423214367893,83.46720530876094],[-33.307858038860694,83.47345815706824],[-33.149340582805365,83.42490814893004],[-32.93816484224462,83.40467682568776],[-32.4032362533753,83.43077342399516],[-32.12793006034033,83.42441722282328],[-31.93331661632915,83.44917023389108],[-31.817380540482333,83.41152395296645],[-31.830325486771443,83.33424184847395],[-32.29047827811442,83.24117259391629],[-32.39207414400025,83.25388499626008],[-32.49710649263348,83.2252045763381],[-32.63125851086319,83.21765981722346],[-32.96966162772652,83.29290070264044],[-33.1220295883391,83.28923167594773],[-33.25468299003235,83.32044424105202]]]},"properties":{"scalerank":5,"featurecla":"Glaciated Areas","min_zoom":5}},{"type":"Feature","geometry":{"bbox":[-28.442341071067787,83.23936391878605,-27.44759558766536,83.37987213818768],"type":"Polygon","coordinates":[[[-27.911598273214096,83.23936391878605],[-27.911598273214096,83.23936391878605],[-27.911598273214096,83.23936391878605],[-28.368237067161232,83.26690745719763],[-28.442341071067787,83.304682929203],[-28.420249396263003,83.35876231559642],[-28.393300136822806,83.36989858675533],[-28.20457780609287,83.35628184684641],[-27.889041510518695,83.37987213818768],[-27.583220384215394,83.37894196240643],[-27.44759558766536,83.3281440294635],[-27.551826951598073,83.2772944200883],[-27.682516648864226,83.28566600211958],[-27.911598273214096,83.23936391878605]]]},"properties":{"scalerank":4,"featurecla":"Glaciated Areas","min_zoom":3}},{"type":"Feature","geometry":{"bbox":[-28.731444871524676,82.77458608675296,-28.189798346457394,82.89468211539928],"type":"Polygon","coordinates":[[[-28.189798346457394,82.77458608675296],[-28.189798346457394,82.77458608675296],[-28.189798346457394,82.77458608675296],[-28.620030483503385,82.77706655550297],[-28.731444871524676,82.89468211539928],[-28.60628455251376,82.89085805940967],[-28.556339280703654,82.8696190457377],[-28.41849239756509,82.85742340771684],[-28.207006598410587,82.87308136670127],[-28.189798346457394,82.77458608675296]]]},"properties":{"scalerank":4,"featurecla":"Glaciated Areas","min_zoom":3}},{"type":"Feature","geometry":{"bbox":[-32.252186041786146,82.64544668245556,-31.596903042109048,82.88770579703986],"type":"Polygon","coordinates":[[[-31.709919399531373,82.88770579703986],[-31.709919399531373,82.88770579703986],[-31.709919399531373,82.88770579703986],[-31.642404140742045,82.86372793245643],[-31.596903042109048,82.80915761995622],[-31.680282965611976,82.74978139925285],[-31.972978278113164,82.73314158805486],[-32.124855312618976,82.64544668245556],[-32.22223954927301,82.67665924755984],[-32.252186041786146,82.77120128043784],[-32.22751054536678,82.84760488558136],[-31.960265875769352,82.8855870633159],[-31.83324520519594,82.8728746609721],[-31.709919399531373,82.88770579703986]]]},"properties":{"scalerank":4,"featurecla":"Glaciated Areas","min_zoom":3}},{"type":"Feature","geometry":{"bbox":[-35.82850521497754,82.48566315380909,-34.13478430839524,82.87008413362834],"type":"Polygon","coordinates":[[[-34.52514807792805,82.87008413362834],[-34.52514807792805,82.87008413362834],[-34.52514807792805,82.87008413362834],[-34.31397233736732,82.8616867133809],[-34.13478430839524,82.76440582959147],[-34.19480648450225,82.73887767203927],[-34.45541073255018,82.71825877555482],[-34.63454708508995,82.6769693061536],[-34.70591223808502,82.59940298128349],[-34.63222164563682,82.53958751090566],[-34.971942511523594,82.48566315380909],[-35.64714677584921,82.50183787711644],[-35.82850521497754,82.602503567221],[-35.506483527150735,82.6054232856455],[-35.28551510267067,82.65048513460401],[-35.218671637501146,82.75556915966955],[-35.13663530123779,82.82404043245627],[-35.034832729622806,82.8490259874694],[-34.52514807792805,82.87008413362834]]]},"properties":{"scalerank":5,"featurecla":"Glaciated Areas","min_zoom":5}},{"type":"Feature","geometry":{"bbox":[-47.240134243343505,82.40752838818376,-46.50648393409577,82.60767121045019],"type":"Polygon","coordinates":[[[-46.55286353207774,82.40959544547546],[-46.55286353207774,82.40959544547546],[-46.55286353207774,82.40959544547546],[-46.75326473650561,82.40752838818376],[-47.240134243343505,82.58529531526783],[-47.11391455747061,82.60767121045019],[-46.57790076352315,82.52372284619206],[-46.53867835141361,82.51064870882222],[-46.50648393409577,82.45687938102252],[-46.55286353207774,82.40959544547546]]]},"properties":{"scalerank":4,"featurecla":"Glaciated Areas","min_zoom":3}},{"type":"Feature","geometry":{"bbox":[-50.79826331236815,82.23779714632111,-49.84532406268986,82.43450348584012],"type":"Polygon","coordinates":[[[-50.151687791532225,82.43419342724637],[-50.151687791532225,82.43419342724637],[-50.151687791532225,82.43419342724637],[-50.08879757343303,82.41274770784524],[-49.84532406268986,82.39321401643895],[-49.86286821145295,82.2902745633135],[-49.94658403176578,82.26738190380823],[-50.54861446796612,82.23779714632111],[-50.72328080911264,82.27720042594366],[-50.79826331236815,82.37052806266279],[-50.728629319854846,82.43078278271513],[-50.56000912128647,82.43450348584012],[-50.40428219257491,82.40189565706397],[-50.151687791532225,82.43419342724637]]]},"properties":{"scalerank":4,"featurecla":"Glaciated Areas","min_zoom":3}},{"type":"Feature","geometry":{"bbox":[-33.411495123822036,81.8382091336242,-32.000651007605455,82.05731720654175],"type":"Polygon","coordinates":[[[-32.592294480915115,82.05731720654175],[-32.592294480915115,82.05731720654175],[-32.592294480915115,82.05731720654175],[-32.18578182629109,82.04646515576046],[-32.000651007605455,82.00292776155455],[-32.071370205196885,81.97582347281745],[-32.24435706229393,81.9565481635726],[-33.01118364107303,81.89784373648904],[-33.20579708508423,81.8382091336242],[-33.34904415539731,81.84503042268675],[-33.411495123822036,81.92450877555166],[-33.271736212688666,81.99856110302589],[-32.592294480915115,82.05731720654175]]]},"properties":{"scalerank":5,"featurecla":"Glaciated Areas","min_zoom":5}},{"type":"Feature","geometry":{"bbox":[-36.10086585137185,81.9075589057599,-35.42062313489778,82.03173737255726],"type":"Polygon","coordinates":[[[-36.094044562309335,82.03173737255726],[-36.094044562309335,82.03173737255726],[-36.094044562309335,82.03173737255726],[-35.567229173309826,82.02690562613797],[-35.42062313489778,81.99290253368993],[-35.63396928561478,81.92114980745266],[-35.82119299980823,81.9075589057599],[-35.891240403779875,81.91086619742659],[-35.993869798311536,81.94517934846839],[-36.10086585137185,82.01799144156764],[-36.094044562309335,82.03173737255726]]]},"properties":{"scalerank":5,"featurecla":"Glaciated Areas","min_zoom":5}},{"type":"Feature","geometry":{"bbox":[-28.811284959415612,81.79175202099383,-28.01500281423013,81.94342234977047],"type":"Polygon","coordinates":[[[-28.33146928558557,81.94342234977047],[-28.33146928558557,81.94342234977047],[-28.33146928558557,81.94342234977047],[-28.107141893006542,81.9306841092105],[-28.01500281423013,81.8827025418275],[-28.19992692718661,81.82291290966582],[-28.382034674583167,81.79175202099383],[-28.739196336368455,81.8033792182595],[-28.811284959415612,81.8747702094707],[-28.752993943790386,81.9068871121401],[-28.33146928558557,81.94342234977047]]]},"properties":{"scalerank":4,"featurecla":"Glaciated Areas","min_zoom":3}},{"type":"Feature","geometry":{"bbox":[-52.43074764668458,81.46192719189092,-51.346860317578674,81.72483104117586],"type":"Polygon","coordinates":[[[-51.75564673522355,81.72302236604563],[-51.75564673522355,81.72302236604563],[-51.75564673522355,81.72302236604563],[-51.42915503600349,81.66000295686568],[-51.346860317578674,81.57166209586272],[-51.80998450377845,81.47890289989881],[-51.969690517776485,81.46192719189092],[-52.39904415547352,81.50313914664372],[-52.42384884297361,81.51409455028958],[-52.43074764668458,81.5591047228158],[-52.36914933939266,81.5393643256803],[-52.283443976436594,81.5393643256803],[-52.07916703958682,81.57956859000338],[-52.00557980000319,81.61150462515975],[-51.937780320836254,81.67920075146212],[-51.93452470560186,81.72483104117586],[-51.75564673522355,81.72302236604563]]]},"properties":{"scalerank":5,"featurecla":"Glaciated Areas","min_zoom":5}},{"type":"Feature","geometry":{"bbox":[-31.38862118175665,81.50360423453434,-30.74576636404575,81.7277249213842],"type":"Polygon","coordinates":[[[-30.842892218538324,81.7277249213842],[-30.842892218538324,81.7277249213842],[-30.842892218538324,81.7277249213842],[-30.75940894217081,81.67341299104542],[-30.74576636404575,81.61013519970403],[-30.793076137808956,81.55621084260746],[-30.848292405712826,81.54499705680011],[-31.315989956170423,81.50360423453434],[-31.38862118175665,81.58556305614924],[-31.176980353305282,81.63501740185255],[-31.11434851736753,81.6808802355116],[-31.004251878369704,81.72173045523833],[-30.842892218538324,81.7277249213842]]]},"properties":{"scalerank":5,"featurecla":"Glaciated Areas","min_zoom":5}},{"type":"Feature","geometry":{"bbox":[-52.94911393900436,81.60757721630559,-52.414960496619415,81.71891408967842],"type":"Polygon","coordinates":[[[-52.414960496619415,81.64855662711302],[-52.414960496619415,81.64855662711302],[-52.414960496619415,81.64855662711302],[-52.42849972187989,81.61062612581081],[-52.57239274759661,81.60757721630559],[-52.837182786660165,81.64328563101925],[-52.94911393900436,81.70000051545959],[-52.92797827819699,81.71718292919665],[-52.66127621113863,81.70447052685283],[-52.51756405293493,81.71891408967842],[-52.45384701191905,81.70981903759504],[-52.414960496619415,81.64855662711302]]]},"properties":{"scalerank":4,"featurecla":"Glaciated Areas","min_zoom":3}},{"type":"Feature","geometry":{"bbox":[-30.229880540475975,81.45117849397421,-29.34326799164431,81.64096019156612],"type":"Polygon","coordinates":[[[-29.585372076931733,81.64096019156612],[-29.585372076931733,81.64096019156612],[-29.585372076931733,81.64096019156612],[-29.369287075303262,81.62713674592804],[-29.34326799164431,81.56613271760749],[-29.436983201605614,81.51548981396145],[-29.60446651866357,81.48360545523737],[-30.031184658313723,81.45117849397421],[-30.229880540475975,81.46544118928678],[-30.158592902129342,81.47611237255505],[-29.949432542427985,81.55419546174808],[-29.72505347341667,81.57747569449556],[-29.585372076931733,81.64096019156612]]]},"properties":{"scalerank":5,"featurecla":"Glaciated Areas","min_zoom":5}},{"type":"Feature","geometry":{"bbox":[-64.57349483911597,80.35695587840995,-63.161798061766575,81.00678701448025],"type":"Polygon","coordinates":[[[-63.59177181665111,81.00678701448025],[-63.59177181665111,81.00678701448025],[-63.59177181665111,81.00678701448025],[-63.45873084171568,80.98446279573015],[-63.161798061766575,80.84343781200563],[-63.18174516463124,80.77987580028663],[-63.29654435896762,80.77129751252617],[-63.40328202986649,80.74168691682296],[-63.49007259790069,80.68083791779925],[-63.66243933781025,80.63425161408814],[-63.73569068058397,80.56149119742118],[-63.678949957927486,80.49121124950425],[-63.4445198228354,80.42873444286336],[-63.47252844913759,80.3800552436444],[-63.59308956567455,80.35695587840995],[-63.79209550643054,80.41299896923049],[-64.06422359887955,80.53746165640545],[-64.51729671899855,80.5283666043221],[-64.57349483911597,80.61998891877558],[-64.48714352075625,80.68386098908834],[-64.36616899276098,80.68417104768209],[-64.24250729028651,80.62448476838499],[-64.1214552476428,80.60660472281198],[-64.0652054510931,80.62430390087196],[-64.02264990910074,80.65078807242156],[-64.01859330916582,80.75248729117196],[-64.14990312361948,80.81227692333364],[-64.20530025903636,80.86881094026096],[-64.09323991561143,80.90625051545643],[-64.02776587589764,80.8916777615501],[-63.86265967472511,80.98058706330828],[-63.68915605330515,81.0038931342719],[-63.59177181665111,81.00678701448025]]]},"properties":{"scalerank":4,"featurecla":"Glaciated Areas","min_zoom":3}},{"type":"Feature","geometry":{"bbox":[-22.25308061368625,80.57797597932229,-21.16890906420275,80.99324778921978],"type":"Polygon","coordinates":[[[-21.47232723640448,80.75259064403654],[-21.47232723640448,80.75259064403654],[-21.47232723640448,80.75259064403654],[-21.261564907302073,80.77098745393245],[-21.16890906420275,80.73726858186198],[-21.216890631585756,80.69574656851547],[-21.37251420743273,80.65758352326792],[-21.898218553137955,80.59014577912703],[-22.17864071296981,80.57797597932229],[-22.25308061368625,80.63378652619751],[-21.974079555742435,80.70765798615874],[-21.803392299882375,80.72504710562497],[-21.753860439530612,80.8042670763284],[-21.837963833085638,80.83271495230507],[-21.7599324203249,80.89232371695375],[-21.4591755843862,80.99324778921978],[-21.441347215245504,80.98306753205829],[-21.528215297928142,80.86431509065157],[-21.47232723640448,80.75259064403654]]]},"properties":{"scalerank":4,"featurecla":"Glaciated Areas","min_zoom":3}},{"type":"Feature","geometry":{"bbox":[-65.97149736190802,80.09971059846102,-65.45860877141118,80.30879344351392],"type":"Polygon","coordinates":[[[-65.82672583684233,80.29933665640452],[-65.82672583684233,80.29933665640452],[-65.82672583684233,80.29933665640452],[-65.71215918645125,80.22647288687297],[-65.45860877141118,80.1966297472244],[-65.54134273951047,80.10989085562252],[-65.78791683619114,80.09971059846102],[-65.93708085800164,80.11883087840899],[-65.97149736190802,80.1746931017165],[-65.96963701034551,80.24908132600065],[-65.90199256047545,80.30879344351392],[-65.82672583684233,80.29933665640452]]]},"properties":{"scalerank":4,"featurecla":"Glaciated Areas","min_zoom":3}},{"type":"Feature","geometry":{"bbox":[-21.568264532954345,76.0553579780021,-20.959412807691493,76.13204580352327],"type":"Polygon","coordinates":[[[-20.959412807691493,76.06832876250736],[-20.959412807691493,76.06832876250736],[-20.959412807691493,76.06832876250736],[-21.47837337898264,76.0553579780021],[-21.568264532954345,76.11752472604924],[-21.234899868239467,76.13204580352327],[-21.028116624423546,76.10284861927833],[-20.964270392326924,76.11189199492942],[-20.959412807691493,76.06832876250736]]]},"properties":{"scalerank":4,"featurecla":"Glaciated Areas","min_zoom":3}},{"type":"Feature","geometry":{"bbox":[-22.39544918465036,74.77388581002823,-21.946897752356907,74.94560659453414],"type":"Polygon","coordinates":[[[-22.377724168374257,74.93733836536744],[-22.377724168374257,74.93733836536744],[-22.377724168374257,74.93733836536744],[-22.34335934090015,74.94560659453414],[-22.084667120847044,74.93671824817993],[-22.00823767748736,74.92992279733356],[-21.946897752356907,74.86416453724213],[-21.968343471758033,74.80127431914295],[-22.033507452878084,74.77388581002823],[-22.226958177162714,74.80078339303616],[-22.32315385587404,74.86648997669526],[-22.39544918465036,74.89020945911726],[-22.377724168374257,74.93733836536744]]]},"properties":{"scalerank":5,"featurecla":"Glaciated Areas","min_zoom":5}},{"type":"Feature","geometry":{"bbox":[-22.89513444669663,74.11315094674434,-22.516242845132624,74.30176992460967],"type":"Polygon","coordinates":[[[-22.666466233805096,74.30176992460967],[-22.666466233805096,74.30176992460967],[-22.666466233805096,74.30176992460967],[-22.600604620849097,74.26838694934914],[-22.516242845132624,74.16208852812476],[-22.551046922281188,74.12968740507775],[-22.664580044026437,74.11315094674434],[-22.76571082202163,74.12870555286419],[-22.849814215576657,74.15268341744762],[-22.89513444669663,74.21547028268226],[-22.74276648608405,74.29407013619819],[-22.666466233805096,74.30176992460967]]]},"properties":{"scalerank":5,"featurecla":"Glaciated Areas","min_zoom":5}},{"type":"Feature","geometry":{"bbox":[-26.38192420094235,73.39722565377274,-25.50502682138155,73.77286164010236],"type":"Polygon","coordinates":[[[-25.92590552418271,73.77286164010236],[-25.92590552418271,73.77286164010236],[-25.92590552418271,73.77286164010236],[-25.652175462332664,73.71420888945109],[-25.50502682138155,73.66204153105242],[-25.57515174000163,73.65080190702896],[-25.856168178804836,73.64935496692478],[-25.93740353036766,73.67922394478948],[-26.026597052503433,73.68578685169057],[-26.108659226982923,73.6498717312477],[-26.116048956800668,73.57649119739325],[-26.004453701266357,73.52652008736699],[-25.791081712333224,73.5213524441378],[-25.76839575855709,73.47231150989283],[-26.060264248141593,73.44078888619477],[-26.11589392750379,73.41169505481444],[-26.22146887867609,73.39722565377274],[-26.358979865004756,73.41637177193688],[-26.38192420094235,73.51646902128623],[-26.248340623467858,73.58021190051825],[-26.188757697035328,73.63770193144298],[-26.210203416436457,73.6867687039041],[-26.167156948337322,73.7491421576804],[-26.117702602633997,73.76640208606588],[-25.92590552418271,73.77286164010236]]]},"properties":{"scalerank":4,"featurecla":"Glaciated Areas","min_zoom":3}},{"type":"Feature","geometry":{"bbox":[-26.865770636491163,73.5259516466118,-26.452204148859295,73.7071808946594],"type":"Polygon","coordinates":[[[-26.547934739680006,73.70206492786248],[-26.547934739680006,73.70206492786248],[-26.547934739680006,73.70206492786248],[-26.461557583104124,73.66935374622174],[-26.452204148859295,73.60832387968505],[-26.47295223642449,73.56920482044008],[-26.50292456715377,73.54424510364312],[-26.59198889820883,73.5259516466118],[-26.677203335058124,73.57695628528386],[-26.843188035579615,73.61413747831786],[-26.865770636491163,73.65788157825294],[-26.843446417741077,73.6827121039692],[-26.638239305110048,73.7071808946594],[-26.547934739680006,73.70206492786248]]]},"properties":{"scalerank":4,"featurecla":"Glaciated Areas","min_zoom":3}},{"type":"Feature","geometry":{"bbox":[-26.740842861425563,72.86599192981227,-26.069462653089545,73.01828237577642],"type":"Polygon","coordinates":[[[-26.069462653089545,72.86599192981227],[-26.069462653089545,72.86599192981227],[-26.069462653089545,72.86599192981227],[-26.470652635187506,72.89405223254677],[-26.740842861425563,72.96732941353663],[-26.686918504328986,73.00947154407065],[-26.539899054458616,73.01828237577642],[-26.4223351709946,72.98014516874501],[-26.32926591643694,72.91575633410936],[-26.073519253024457,72.91430939400517],[-26.069462653089545,72.86599192981227]]]},"properties":{"scalerank":5,"featurecla":"Glaciated Areas","min_zoom":5}},{"type":"Feature","geometry":{"bbox":[-24.9222716944261,72.10694265409309,-24.489791632575404,72.3126406928309],"type":"Polygon","coordinates":[[[-24.744608120206635,72.14327118599427],[-24.744608120206635,72.14327118599427],[-24.744608120206635,72.14327118599427],[-24.804656134529793,72.10694265409309],[-24.9222716944261,72.23693471952329],[-24.860647548918042,72.29228017850791],[-24.7954318913657,72.31171051704963],[-24.72874345549303,72.3126406928309],[-24.641487799568196,72.28303009712765],[-24.58691748706798,72.30747304960173],[-24.527127854906283,72.28478709582556],[-24.489791632575404,72.21326691353362],[-24.532579718513077,72.18189931913246],[-24.604513312263364,72.22869232857273],[-24.68996029305798,72.22380890572116],[-24.744608120206635,72.14327118599427]]]},"properties":{"scalerank":4,"featurecla":"Glaciated Areas","min_zoom":3}},{"type":"Feature","geometry":{"bbox":[-54.32828040222603,71.83887116157901,-53.54830217142863,72.18714447701008],"type":"Polygon","coordinates":[[[-54.06899390320155,72.09084544543417],[-54.06899390320155,72.09084544543417],[-54.06899390320155,72.09084544543417],[-53.98243587911266,72.13280670845516],[-53.90784094909934,72.14686269803856],[-53.85660376648195,72.09818349881961],[-53.578972133993865,71.94757253690496],[-53.54830217142863,71.90966787381886],[-53.60925452331689,71.83887116157901],[-53.75849605977582,71.86194468859732],[-53.820921189984404,71.93933014595441],[-53.84066158711991,72.03237356229592],[-53.93988033712031,72.03482819282978],[-54.02390621602689,71.94780508085027],[-54.12351253926947,71.9119416368397],[-54.203094244998965,71.9617060411368],[-54.31856523295515,72.08934682889772],[-54.32828040222603,72.15830902779122],[-54.270531989139855,72.18714447701008],[-54.20645321309794,72.16784332954906],[-54.15658545593628,72.10826040311655],[-54.06899390320155,72.09084544543417]]]},"properties":{"scalerank":4,"featurecla":"Glaciated Areas","min_zoom":3}},{"type":"Feature","geometry":{"bbox":[-24.547152472419384,71.92909821236061,-24.118729010503614,72.12898265246558],"type":"Polygon","coordinates":[[[-24.547152472419384,72.0325285915928],[-24.547152472419384,72.0325285915928],[-24.547152472419384,72.0325285915928],[-24.496793789150956,72.10304108345507],[-24.421888800543883,72.12898265246558],[-24.16097449390222,72.02221914335057],[-24.118729010503614,71.98842275663169],[-24.15882992196211,71.92909821236061],[-24.389384324632303,71.9526626654857],[-24.499661831143158,71.94403270129297],[-24.543070034268325,71.97229970975663],[-24.547152472419384,72.0325285915928]]]},"properties":{"scalerank":4,"featurecla":"Glaciated Areas","min_zoom":3}},{"type":"Feature","geometry":{"bbox":[-25.291835699961425,71.74699046496404,-24.696238979581437,72.0143643256422],"type":"Polygon","coordinates":[[[-25.040145636483857,71.77293203397456],[-25.040145636483857,71.77293203397456],[-25.040145636483857,71.77293203397456],[-25.10905615894508,71.74699046496404],[-25.291835699961425,71.86775828723016],[-25.28682308602912,71.92568756782934],[-25.23300208179714,71.96113760038158],[-24.96896135100181,71.97049103462639],[-24.759361741625966,72.0143643256422],[-24.696238979581437,71.99297028267338],[-24.697660081469465,71.91710928006889],[-24.782151048266684,71.83525381131857],[-24.86997514494672,71.81861400012058],[-24.937464565519903,71.84703603788113],[-25.009527350350922,71.83830272082379],[-25.040145636483857,71.77293203397456]]]},"properties":{"scalerank":4,"featurecla":"Glaciated Areas","min_zoom":3}},{"type":"Feature","geometry":{"bbox":[-26.79373368987629,71.67712392850542,-25.992258063245487,71.94982046170965],"type":"Polygon","coordinates":[[[-26.453237677505143,71.93338735624083],[-26.453237677505143,71.93338735624083],[-26.453237677505143,71.93338735624083],[-26.384042934666326,71.90000438098029],[-26.07796342620155,71.92796133085018],[-25.992258063245487,71.85060171170925],[-26.037345750420144,71.75306244575835],[-26.099719204196433,71.69903473579718],[-26.227127448012045,71.67712392850542],[-26.33489864755674,71.69211009387008],[-26.431998663833184,71.76884959582351],[-26.51641211598195,71.79515289986007],[-26.632374030044915,71.7809418809798],[-26.79373368987629,71.88941071236046],[-26.713841925553055,71.92395640734757],[-26.56242997893787,71.94982046170965],[-26.453237677505143,71.93338735624083]]]},"properties":{"scalerank":5,"featurecla":"Glaciated Areas","min_zoom":5}},{"type":"Feature","geometry":{"bbox":[-28.819346482853152,71.07271637641968,-27.941415574646513,71.49323334419479],"type":"Polygon","coordinates":[[[-28.115125901795636,71.3923867865772],[-28.115125901795636,71.3923867865772],[-28.115125901795636,71.3923867865772],[-27.983531866964384,71.38453196886884],[-27.941415574646513,71.32556915962381],[-27.952732713318426,71.26810496691526],[-27.984642910258657,71.22867584907657],[-28.03650021006355,71.2125528022015],[-28.076161871847575,71.17348541938884],[-28.094946254985658,71.11307567003963],[-28.168946906027628,71.08765086535205],[-28.28284176279891,71.10144847277395],[-28.40893225759109,71.07271637641968],[-28.550706549583836,71.07359487576865],[-28.56804399261776,71.15560537381585],[-28.472029181419458,71.1495075548054],[-28.381337042747223,71.16867951118569],[-28.318265957134997,71.21611847602964],[-28.374360724387827,71.3194196641811],[-28.469936285911643,71.34758331978016],[-28.738989630639278,71.34753164334786],[-28.794593471785337,71.37156118436359],[-28.819346482853152,71.41440094673355],[-28.767928432722726,71.45708567980664],[-28.625559861758617,71.48736806912969],[-28.38389502614568,71.49323334419479],[-28.244136115012296,71.45972117785352],[-28.21132158050696,71.41057689074394],[-28.115125901795636,71.3923867865772]]]},"properties":{"scalerank":5,"featurecla":"Glaciated Areas","min_zoom":5}},{"type":"Feature","geometry":{"bbox":[-27.548338792418377,71.02186676704447,-26.092251959730262,71.42773346626485],"type":"Polygon","coordinates":[[[-27.398141241962037,71.3460847032437],[-27.398141241962037,71.3460847032437],[-27.398141241962037,71.3460847032437],[-27.208385382586286,71.40238617622568],[-26.997855597429194,71.42246247017108],[-26.760944993587103,71.38812348091315],[-26.706452195735324,71.41987864855649],[-26.329550136814532,71.42773346626485],[-26.103233201592275,71.41801829699399],[-26.092251959730262,71.3695974799365],[-26.162454392998768,71.31926463488422],[-26.488661871841217,71.23627228462347],[-26.56576310882069,71.1501276719929],[-26.54465328622946,71.08749583605517],[-26.565323859146222,71.05400950793002],[-26.59829342294843,71.04429433865916],[-26.65911658375596,71.05473297798211],[-26.7154955713864,71.13441803657618],[-26.81463680673835,71.16346019152421],[-26.929332648210163,71.15090281847729],[-27.001602138770355,71.11932851834696],[-26.99653784840575,71.06279450141965],[-27.04379594573666,71.03308055285181],[-27.119708624773423,71.02186676704447],[-27.18523434091952,71.04266653104195],[-27.21939246266446,71.09726268175832],[-27.27037126312038,71.13516734484442],[-27.548338792418377,71.21854726834734],[-27.398141241962037,71.3460847032437]]]},"properties":{"scalerank":4,"featurecla":"Glaciated Areas","min_zoom":3}},{"type":"Feature","geometry":{"bbox":[-27.225671149187917,70.64101146105337,-26.42675350595556,70.85355662706984],"type":"Polygon","coordinates":[[[-26.984626430762475,70.64101146105337],[-26.984626430762475,70.64101146105337],[-26.984626430762475,70.64101146105337],[-27.18223710784659,70.67752086046757],[-27.225671149187917,70.75511302355382],[-27.019998948666256,70.83327362739529],[-26.972249925228567,70.82115550402285],[-26.537651129653913,70.85355662706984],[-26.46127336272653,70.83903554959583],[-26.42675350595556,70.75387278917883],[-26.677074143977393,70.6935663926942],[-26.85484107106143,70.73167776150946],[-26.880911831152687,70.69421234809785],[-26.88021419931674,70.6621212836446],[-26.984626430762475,70.64101146105337]]]},"properties":{"scalerank":4,"featurecla":"Glaciated Areas","min_zoom":3}},{"type":"Feature","geometry":{"bbox":[-52.27799211282981,70.3543881293465,-51.729834357293754,70.53117320421698],"type":"Polygon","coordinates":[[[-52.06968441426127,70.503552151157],[-52.06968441426127,70.503552151157],[-52.06968441426127,70.503552151157],[-51.78153662780177,70.38872711860445],[-51.729834357293754,70.40045766873469],[-51.751745164585515,70.36655792915123],[-51.851222296747366,70.3543881293465],[-52.02909257669599,70.37198395454188],[-52.27799211282981,70.43776805284942],[-52.22603146016033,70.53117320421698],[-52.06968441426127,70.503552151157]]]},"properties":{"scalerank":4,"featurecla":"Glaciated Areas","min_zoom":3}},{"type":"Feature","geometry":{"bbox":[-53.24379879414877,69.4414464382621,-52.75031470397752,69.91632701280828],"type":"Polygon","coordinates":[[[-53.08621151387471,69.53580760362708],[-53.08621151387471,69.53580760362708],[-53.08621151387471,69.53580760362708],[-53.12633826354934,69.6421835394999],[-53.24379879414877,69.78442291938329],[-53.23410946309404,69.89159983995661],[-53.12375444193475,69.91632701280828],[-52.981670091348235,69.90307200792542],[-52.82847530781898,69.8194853786933],[-52.75031470397752,69.69435089789853],[-52.7558699204489,69.62138377550242],[-52.773207363482825,69.55864858670007],[-52.878963182168135,69.48531972927792],[-53.029367438353646,69.4414464382621],[-53.10559017598415,69.48004873318415],[-53.08621151387471,69.53580760362708]]]},"properties":{"scalerank":4,"featurecla":"Glaciated Areas","min_zoom":3}},{"type":"Feature","geometry":{"bbox":[-53.84017066101313,69.70721832953923,-53.39412553568583,69.9075678575348],"type":"Polygon","coordinates":[[[-53.66457414408535,69.7664395209457],[-53.66457414408535,69.7664395209457],[-53.66457414408535,69.7664395209457],[-53.7313659328226,69.75401133897951],[-53.84017066101313,69.80480927192244],[-53.83342688659904,69.85403107368045],[-53.61059811055649,69.84266225857623],[-53.42598405619377,69.9075678575348],[-53.39412553568583,69.83245616319859],[-53.440014207561006,69.73998118761226],[-53.52739905456657,69.70721832953923],[-53.66457414408535,69.7664395209457]]]},"properties":{"scalerank":4,"featurecla":"Glaciated Areas","min_zoom":3}},{"type":"Feature","geometry":{"bbox":[-25.263801235443083,69.3525629747201,-24.990587937915947,69.62562124295034],"type":"Polygon","coordinates":[[[-25.041902635181785,69.61094513617947],[-25.041902635181785,69.61094513617947],[-25.041902635181785,69.61094513617947],[-25.009243129973317,69.59210907660908],[-24.990587937915947,69.53358551703853],[-25.01668453622335,69.44480540636108],[-25.087532924895513,69.35816986762377],[-25.228454555755448,69.3525629747201],[-25.263801235443083,69.44123973253294],[-25.15000973153639,69.59838776313252],[-25.08355383960904,69.62562124295034],[-25.041902635181785,69.61094513617947]]]},"properties":{"scalerank":5,"featurecla":"Glaciated Areas","min_zoom":5}},{"type":"Feature","geometry":{"bbox":[-29.73662899425004,68.8735741238067,-29.323656785589538,69.05883413357309],"type":"Polygon","coordinates":[[[-29.51250830740018,68.90318471950995],[-29.51250830740018,68.90318471950995],[-29.51250830740018,68.90318471950995],[-29.62126135915844,68.9157420925569],[-29.68663204600766,68.8735741238067],[-29.73662899425004,68.89215180121566],[-29.736603156033894,68.95176056586433],[-29.636815965278284,68.99888947211451],[-29.36453284353242,69.05883413357309],[-29.326809047959348,69.04705190701053],[-29.323656785589538,69.00199005805202],[-29.43062700043372,68.96431793891124],[-29.46072852224373,68.9176024441194],[-29.51250830740018,68.90318471950995]]]},"properties":{"scalerank":5,"featurecla":"Glaciated Areas","min_zoom":5}},{"type":"Feature","geometry":{"bbox":[-28.75258053233205,68.49643952094063,-27.34145219573786,68.89310781521304],"type":"Polygon","coordinates":[[[-27.661380988056848,68.89310781521304],[-27.661380988056848,68.89310781521304],[-27.661380988056848,68.89310781521304],[-27.550121629332438,68.88184235297341],[-27.34145219573786,68.70531566026439],[-27.387625087990642,68.63681854926149],[-27.65548987477557,68.62196157497759],[-27.729955613708157,68.58594310167014],[-27.811449347432443,68.57845001898782],[-27.87291846364363,68.63317536078493],[-27.963171352641385,68.63927317979535],[-28.33513831227829,68.52256195746416],[-28.594786546328805,68.49643952094063],[-28.740591600040332,68.63958323838911],[-28.75258053233205,68.69970876736072],[-28.723822597761615,68.76856761338964],[-28.67142269541766,68.78913483344179],[-28.529880947370216,68.73270416937906],[-28.500657924909163,68.67384471299862],[-28.442160203554764,68.64170197211307],[-28.31537207692665,68.63617259385786],[-28.23243140309819,68.60077423773792],[-28.1627974105849,68.61942942979529],[-28.082104661561132,68.78086660427509],[-28.027921922303108,68.84708995225712],[-27.964359910584093,68.87285065375464],[-27.870903082784253,68.83936432562949],[-27.661380988056848,68.89310781521304]]]},"properties":{"scalerank":5,"featurecla":"Glaciated Areas","min_zoom":5}},{"type":"Feature","geometry":{"bbox":[-29.63960649262205,68.30575348578363,-28.92249264170772,68.64405324978237],"type":"Polygon","coordinates":[[[-29.1726065740004,68.58537466091495],[-29.1726065740004,68.58537466091495],[-29.1726065740004,68.58537466091495],[-28.991584031681953,68.52509410264646],[-28.92249264170772,68.48370128038069],[-28.95861446787974,68.4100365261486],[-29.07899471690367,68.42212881130492],[-29.387115444443964,68.32394358995036],[-29.519252081814276,68.30575348578363],[-29.601314256293772,68.35314077419527],[-29.63960649262205,68.4591291368259],[-29.59821367035626,68.59170502387069],[-29.48731604665789,68.64405324978237],[-29.402308315537766,68.63506155056358],[-29.236116909287105,68.58537466091495],[-29.1726065740004,68.58537466091495]]]},"properties":{"scalerank":5,"featurecla":"Glaciated Areas","min_zoom":5}},{"type":"Feature","geometry":{"bbox":[-37.373604702288404,66.26443105739004,-37.018639288875534,66.67949616155836],"type":"Polygon","coordinates":[[[-37.307639736467834,66.67949616155836],[-37.307639736467834,66.67949616155836],[-37.307639736467834,66.67949616155836],[-37.2229162257253,66.54332876246927],[-37.018639288875534,66.37481191676547],[-37.074734056128364,66.26443105739004],[-37.33195349786115,66.51131521266446],[-37.36611161960609,66.57379201930534],[-37.373604702288404,66.64221161565978],[-37.3469396632258,66.67060781520415],[-37.307639736467834,66.67949616155836]]]},"properties":{"scalerank":5,"featurecla":"Glaciated Areas","min_zoom":5}},{"type":"Feature","geometry":{"bbox":[-36.10081417493957,66.03586619736306,-35.82152889661813,66.40302724879685],"type":"Polygon","coordinates":[[[-36.00058773450948,66.40302724879685],[-36.00058773450948,66.40302724879685],[-36.00058773450948,66.40302724879685],[-35.90069719088929,66.39685191513796],[-35.82605058444368,66.33279897731218],[-35.82152889661813,66.22985952418678],[-35.99650529635842,66.11105540634775],[-36.04151546888465,66.03586619736306],[-36.094690517712976,66.06583852809236],[-36.05275509290813,66.12526642522802],[-36.048130052218,66.2016441921554],[-36.10081417493957,66.27089061142651],[-36.08724911146295,66.35228099228623],[-36.04999040378051,66.38225332301549],[-36.00058773450948,66.40302724879685]]]},"properties":{"scalerank":5,"featurecla":"Glaciated Areas","min_zoom":5}},{"type":"Feature","geometry":{"bbox":[-52.85958452005869,65.98915070257122,-51.47408769388127,66.38442373317177],"type":"Polygon","coordinates":[[[-51.498246425977726,66.28918406845783],[-51.498246425977726,66.28918406845783],[-51.498246425977726,66.28918406845783],[-51.47408769388127,66.20422801376999],[-51.70254920104364,66.17115509710321],[-51.74590572773653,66.11743744573582],[-51.79768551289298,66.0961725938477],[-52.44322750508307,65.98915070257122],[-52.5008467270885,66.04759674749333],[-52.56802608906794,66.07508860947262],[-52.73289974629516,66.04152476669903],[-52.81408342142569,66.04250661891258],[-52.85958452005869,66.13131256780618],[-52.800440843300635,66.1654706895511],[-52.64856380879482,66.19776845973352],[-52.47508602559101,66.31060394964281],[-52.280136684769914,66.38442373317177],[-52.12779456237347,66.36233205836699],[-51.74363196471569,66.35445140244248],[-51.610100063673485,66.30533295354904],[-51.498246425977726,66.28918406845783]]]},"properties":{"scalerank":5,"featurecla":"Glaciated Areas","min_zoom":5}},{"type":"Feature","geometry":{"bbox":[-36.513812221816224,66.09947988551438,-36.18969763848159,66.28231110296302],"type":"Polygon","coordinates":[[[-36.33855160169833,66.28231110296302],[-36.33855160169833,66.28231110296302],[-36.33855160169833,66.28231110296302],[-36.233183356255196,66.25218374293685],[-36.18969763848159,66.1813353542647],[-36.22535437676298,66.11606802028005],[-36.284084642062695,66.09947988551438],[-36.50828284356099,66.19254914007205],[-36.513812221816224,66.2518220079108],[-36.33855160169833,66.28231110296302]]]},"properties":{"scalerank":5,"featurecla":"Glaciated Areas","min_zoom":5}},{"type":"Feature","geometry":{"bbox":[-52.47898759622905,65.6138506130515,-51.818821173700364,65.95013499619087],"type":"Polygon","coordinates":[[[-52.002530890497965,65.95013499619087],[-52.002530890497965,65.95013499619087],[-52.002530890497965,65.95013499619087],[-51.865304124546896,65.92770742457618],[-51.818821173700364,65.86306020777904],[-52.06952938496438,65.64079987249171],[-52.17838578958721,65.6138506130515],[-52.43488176126793,65.66544953069491],[-52.47898759622905,65.7343858913723],[-52.424882371619454,65.7933487006173],[-52.30302934427522,65.80523428004444],[-52.19760942239979,65.8441983099925],[-52.12058570006876,65.91509837509697],[-52.002530890497965,65.95013499619087]]]},"properties":{"scalerank":4,"featurecla":"Glaciated Areas","min_zoom":3}},{"type":"Feature","geometry":{"bbox":[-19.10789791510597,64.69703318954522,-18.51095760748639,64.92844025334823],"type":"Polygon","coordinates":[[[-18.66327389166669,64.91567617457214],[-18.66327389166669,64.91567617457214],[-18.66327389166669,64.91567617457214],[-18.587412889062207,64.90849315048358],[-18.51095760748639,64.8261725938426],[-18.592089606184633,64.74219839136832],[-18.776290249089016,64.70139984807388],[-18.897368129948873,64.69703318954522],[-19.04397416836092,64.72496430119897],[-19.10789791510597,64.78808706324351],[-19.08190466966315,64.83829071721506],[-18.9665111963554,64.9134024115513],[-18.834167853255906,64.92844025334823],[-18.66327389166669,64.91567617457214]]]},"properties":{"scalerank":4,"featurecla":"Glaciated Areas","min_zoom":3}},{"type":"Feature","geometry":{"bbox":[-20.519491339590772,64.54159048121126,-19.83519202318179,64.85759186467608],"type":"Polygon","coordinates":[[[-19.92968237962748,64.85738515894691],[-19.92968237962748,64.85738515894691],[-19.92968237962748,64.85738515894691],[-19.85095333503081,64.85759186467608],[-19.83519202318179,64.77547801376427],[-19.917099168364402,64.67752533635503],[-20.062335781320716,64.58021861434945],[-20.325084601308745,64.54159048121126],[-20.479597133861446,64.55295929631548],[-20.519491339590772,64.57719554306037],[-20.51716590013764,64.63326447209705],[-20.483524542715628,64.65243642847734],[-20.38740637865274,64.68643952092539],[-20.208037482167654,64.71266531031351],[-19.92968237962748,64.85738515894691]]]},"properties":{"scalerank":4,"featurecla":"Glaciated Areas","min_zoom":3}},{"type":"Feature","geometry":{"bbox":[-19.302408006252577,63.58650665959287,-18.875560675521697,63.75936432560918],"type":"Polygon","coordinates":[[[-19.095133836329865,63.75936432560918],[-19.095133836329865,63.75936432560918],[-19.095133836329865,63.75936432560918],[-18.927340460678153,63.743060411221094],[-18.875560675521697,63.692495022223504],[-18.979275275131485,63.58857371688454],[-19.21249101406471,63.58650665959287],[-19.302408006252577,63.685363674567235],[-19.250524868231537,63.73058055282261],[-19.095133836329865,63.75936432560918]]]},"properties":{"scalerank":5,"featurecla":"Glaciated Areas","min_zoom":5}},{"type":"Feature","geometry":{"bbox":[-30.818345913199675,82.7711237657894,-29.201286993922384,83.06335399039993],"type":"Polygon","coordinates":[[[-29.489357265733435,82.86791372347209],[-29.489357265733435,82.86791372347209],[-29.489357265733435,82.86791372347209],[-29.669630499783633,82.78466299104987],[-30.234324713653084,82.8226451687844],[-30.306594204213255,82.78132986116704],[-30.422633632924658,82.7854639757504],[-30.493301154083795,82.81582387972188],[-30.652180345165164,82.84747569450063],[-30.715690680451875,82.78399119743007],[-30.788451097118834,82.7711237657894],[-30.818345913199675,82.81236155875833],[-30.797391119905328,82.84667470980013],[-30.757832810985903,82.85990387646684],[-30.721013352977934,82.8970592312847],[-30.773852504996384,82.95033763297762],[-30.695511033641907,83.02149608024352],[-30.501879441844252,82.99454682080331],[-29.85207414399009,83.05064158805614],[-29.674255540473755,83.03798086214464],[-29.53457414398882,83.06335399039993],[-29.4202658757592,83.03798086214464],[-29.206764695745317,83.04376862256133],[-29.201286993922384,82.96439362256099],[-29.462924770616137,82.93989899365467],[-29.489357265733435,82.86791372347209]]]},"properties":{"scalerank":4,"featurecla":"Glaciated Areas","min_zoom":3}},{"type":"Feature","geometry":{"bbox":[-18.10232621913841,63.987980862068426,-15.347765672252379,64.79049001734508],"type":"Polygon","coordinates":[[[-15.502665778047273,64.65385753036536],[-15.502665778047273,64.65385753036536],[-15.502665778047273,64.65385753036536],[-15.416185268606824,64.63471141220121],[-15.347765672252379,64.56649852157595],[-15.621754116263888,64.45570425074216],[-15.710844285535076,64.39121206324192],[-15.791201137748944,64.36067129175741],[-15.831999681043385,64.3124055039968],[-15.91062537277547,64.2927684597259],[-16.018577439833194,64.2927684597259],[-16.13138709152635,64.2615042181893],[-16.224818081110058,64.16827993433476],[-16.45284033859795,64.03805532495925],[-16.66946794276548,63.987980862068426],[-16.980818447324012,64.15122671167846],[-17.105694545957334,64.13228729924349],[-17.215506964577557,64.03242259383943],[-17.310436570697732,64.08022329370942],[-17.320332607481618,64.19623688420468],[-17.43319393560708,64.25411448837157],[-17.66007931158454,64.21654572209538],[-17.763483852600586,64.14719594995968],[-17.85975704596035,64.1264478623945],[-17.963574998434723,64.15197601994667],[-18.10232621913841,64.27307973902269],[-18.07824500169039,64.34263621688756],[-18.000885382549455,64.3918838568617],[-17.945126512106526,64.45808136662761],[-17.91184688971056,64.5368879258727],[-17.843840704814454,64.58660065373748],[-17.60535396978746,64.63445303003975],[-17.442366502338885,64.70964223902443],[-16.99531368658188,64.78374624293097],[-16.870618455461596,64.79049001734508],[-16.704168667049473,64.7470818142199],[-16.620556199601225,64.66357269963622],[-16.471779751032912,64.64682953557367],[-16.296751674860346,64.70925466578224],[-16.07268266444278,64.73070038518337],[-15.81419715011883,64.6672675645451],[-15.502665778047273,64.65385753036536]]]},"properties":{"scalerank":3,"featurecla":"Glaciated Areas","min_zoom":2.1}},{"type":"Feature","geometry":{"bbox":[-77.7378850979577,-9.576676120647733,-77.29742102731791,-8.814500420774898],"type":"Polygon","coordinates":[[[-77.4278006659903,-9.239797458537012],[-77.4278006659903,-9.239797458537012],[-77.4278006659903,-9.239797458537012],[-77.34687537302123,-9.284032484578859],[-77.29742102731791,-9.386300144084473],[-77.29829952666687,-9.531976006715261],[-77.35819251169315,-9.576676120647733],[-77.45715287953209,-9.445831394084715],[-77.49908830433694,-9.291887302287222],[-77.68287553578298,-9.065286146687356],[-77.7378850979577,-8.859820651894864],[-77.67199764678557,-8.814500420774898],[-77.60189856638164,-8.844007663613553],[-77.57474260121225,-8.89682097741585],[-77.55892961293094,-9.0281307918695],[-77.49673702666766,-9.076034844604067],[-77.47102800160246,-9.18729420332847],[-77.4278006659903,-9.239797458537012]]]},"properties":{"scalerank":5,"featurecla":"Glaciated Areas","min_zoom":5}},{"type":"Feature","geometry":{"bbox":[-71.2402972073067,-14.211948744364193,-70.65725785997364,-13.657150567278642],"type":"Polygon","coordinates":[[[-70.66146948920542,-14.015216566629036],[-70.66146948920542,-14.015216566629036],[-70.66146948920542,-14.015216566629036],[-70.67428524441381,-14.062758884337555],[-70.65725785997364,-14.162907810119208],[-70.70397335476548,-14.149316908426442],[-70.7671994696746,-14.161719252176496],[-70.83070980496132,-14.211948744364193],[-70.8873471747532,-14.188125909077641],[-70.88745052761779,-14.016973565326957],[-70.86835608588595,-13.954548435118376],[-70.89042192247456,-13.878945814675363],[-70.96452592638111,-13.823031914935555],[-71.19161800808774,-13.83424570074289],[-71.2402972073067,-13.782724297747897],[-71.15420427110844,-13.672343438372451],[-71.12120886909008,-13.657150567278642],[-71.0313952297668,-13.677821140195391],[-70.83747941759154,-13.76737639735721],[-70.76391801622407,-13.893983656472301],[-70.6817008124477,-13.944419854389167],[-70.66146948920542,-14.015216566629036]]]},"properties":{"scalerank":5,"featurecla":"Glaciated Areas","min_zoom":5}},{"type":"Feature","geometry":{"bbox":[-69.96208065456722,-30.683914890263424,-69.60122412787305,-30.029587904583725],"type":"Polygon","coordinates":[[[-69.6647603013759,-30.3451242001579],[-69.6647603013759,-30.3451242001579],[-69.6647603013759,-30.3451242001579],[-69.64920569525606,-30.409771416955035],[-69.60122412787305,-30.493280531538705],[-69.61701127793822,-30.590432224247422],[-69.67682674831607,-30.666396579716476],[-69.74948381211844,-30.683914890263424],[-69.86681515163714,-30.38760222750182],[-69.91063676622065,-30.340783379845384],[-69.92877519395509,-30.280166924767016],[-69.91513261583005,-30.16275807059988],[-69.9517195298927,-30.12157195406326],[-69.96208065456722,-30.07495981213599],[-69.93903296576504,-30.031965020469144],[-69.90831132676752,-30.029587904583725],[-69.89366105821277,-30.086845391563116],[-69.84955522325166,-30.112786960573633],[-69.79855058457957,-30.105810642214237],[-69.65269385443577,-30.307865492475454],[-69.6647603013759,-30.3451242001579]]]},"properties":{"scalerank":5,"featurecla":"Glaciated Areas","min_zoom":5}},{"type":"Feature","geometry":{"bbox":[-70.24681779649544,-31.83159677503364,-69.76067175970962,-31.01681446708767],"type":"Polygon","coordinates":[[[-69.85704830593399,-31.01681446708767],[-69.85704830593399,-31.01681446708767],[-69.85704830593399,-31.01681446708767],[-69.77493445502219,-31.07572559990041],[-69.76067175970962,-31.212203057583245],[-69.80294308132439,-31.30248178479715],[-69.86084652370744,-31.339688816047293],[-69.86169918484025,-31.429812513964322],[-69.80875667995721,-31.577607110319075],[-69.79565670437124,-31.716616713184226],[-69.82175330267864,-31.781884047168862],[-69.86601416693662,-31.83159677503364],[-69.95394161648125,-31.815267022429403],[-69.96065955267918,-31.6372933896162],[-70.0145580715596,-31.57321461357427],[-70.09517330593494,-31.427745456672646],[-70.24681779649544,-31.34408131279211],[-70.23475134955528,-31.296435642218995],[-70.19839697943794,-31.279072360968925],[-70.12917639838298,-31.293335056281485],[-70.07442521836974,-31.277367038703296],[-70.05698442247123,-31.227395928677055],[-70.00975216335647,-31.196338392869645],[-69.94461402045255,-31.181507256801872],[-69.85704830593399,-31.01681446708767]]]},"properties":{"scalerank":5,"featurecla":"Glaciated Areas","min_zoom":5}},{"type":"Feature","geometry":{"bbox":[-71.61841366238633,-40.94003305436695,-71.20022213406435,-40.64046477637096],"type":"Polygon","coordinates":[[[-71.42183651394805,-40.69782561621494],[-71.42183651394805,-40.69782561621494],[-71.42183651394805,-40.69782561621494],[-71.25949500190313,-40.80066171647577],[-71.20022213406435,-40.84696379980929],[-71.21174597846544,-40.921274509445],[-71.31029293484605,-40.94003305436695],[-71.39845292833598,-40.903084405278264],[-71.59438412137061,-40.74650481543388],[-71.61841366238633,-40.700771172855575],[-71.61050716824568,-40.64821624121474],[-71.58032813178723,-40.64046477637096],[-71.42183651394805,-40.69782561621494]]]},"properties":{"scalerank":5,"featurecla":"Glaciated Areas","min_zoom":5}},{"type":"Feature","geometry":{"bbox":[-71.45459937202111,-41.597512302416455,-71.22332149929882,-41.23753427507127],"type":"Polygon","coordinates":[[[-71.28125077989802,-41.38662078223332],[-71.28125077989802,-41.38662078223332],[-71.28125077989802,-41.38662078223332],[-71.28075985379124,-41.46584075293676],[-71.22332149929882,-41.54655934017667],[-71.23887610541867,-41.597512302416455],[-71.29112097846576,-41.59622039160916],[-71.32685523139558,-41.56624806087987],[-71.35837785509364,-41.4560739072336],[-71.41336157905218,-41.42987395606161],[-71.45459937202111,-41.349982191738384],[-71.44697709825805,-41.284043064133954],[-71.40372392442976,-41.23753427507127],[-71.31424618191636,-41.284456475592286],[-71.28125077989802,-41.38662078223332]]]},"properties":{"scalerank":5,"featurecla":"Glaciated Areas","min_zoom":5}},{"type":"Feature","geometry":{"bbox":[-71.8343177965018,-41.995834242522214,-71.65445797390993,-41.69223520280746],"type":"Polygon","coordinates":[[[-71.7055142890143,-41.73884734473473],[-71.7055142890143,-41.73884734473473],[-71.7055142890143,-41.73884734473473],[-71.68231157091523,-41.79021371843286],[-71.65445797390993,-41.878477064787376],[-71.66122758654015,-41.96198617937104],[-71.73969824897537,-41.995834242522214],[-71.81240698921002,-41.93619963965739],[-71.8343177965018,-41.745358575203504],[-71.82514522976997,-41.71641977312005],[-71.76783606635829,-41.69223520280746],[-71.7055142890143,-41.73884734473473]]]},"properties":{"scalerank":5,"featurecla":"Glaciated Areas","min_zoom":5}},{"type":"Feature","geometry":{"bbox":[-72.17928382026619,-42.45218881609175,-71.74437496609778,-42.25338958106491],"type":"Polygon","coordinates":[[[-72.04296139188023,-42.30646127702867],[-72.04296139188023,-42.30646127702867],[-72.04296139188023,-42.30646127702867],[-71.85974260118938,-42.367646172862244],[-71.74437496609778,-42.36113494239347],[-71.75207475450927,-42.399117120128],[-71.82160539415798,-42.39307097754985],[-71.88018063016082,-42.42986459734166],[-71.99500566271337,-42.45218881609175],[-72.07226192898972,-42.43901132585733],[-72.15269629585202,-42.38335580827898],[-72.17928382026619,-42.314057712575575],[-72.1200626288597,-42.25338958106491],[-72.08497433133351,-42.26393157325245],[-72.04296139188023,-42.30646127702867]]]},"properties":{"scalerank":5,"featurecla":"Glaciated Areas","min_zoom":5}},{"type":"Feature","geometry":{"bbox":[-72.76418351916175,-53.95432911561693,-72.40381791857438,-53.733825779027505],"type":"Polygon","coordinates":[[[-72.57264482287192,-53.95432911561693],[-72.57264482287192,-53.95432911561693],[-72.57264482287192,-53.95432911561693],[-72.64388078478626,-53.95277882264817],[-72.76418351916175,-53.82307097759557],[-72.75862830269037,-53.7510340309807],[-72.56845903185629,-53.733825779027505],[-72.44301449246777,-53.75325611756925],[-72.40381791857438,-53.82172739035598],[-72.57264482287192,-53.95432911561693]]]},"properties":{"scalerank":5,"featurecla":"Glaciated Areas","min_zoom":5}},{"type":"Feature","geometry":{"bbox":[-37.6353199936306,-54.866779880594535,-35.870001390107916,-54.02626270936722],"type":"Polygon","coordinates":[[[-35.89038774264705,-54.72131072369291],[-35.89038774264705,-54.72131072369291],[-35.89038774264705,-54.72131072369291],[-35.89366919609759,-54.755830580463886],[-35.870001390107916,-54.79412281679216],[-35.938911912569125,-54.834275404682955],[-36.085492112765024,-54.866779880594535],[-36.12362931979642,-54.85293059674032],[-36.25170935723183,-54.77986012147961],[-36.31147315117738,-54.693767185281345],[-36.44575436048783,-54.570673923562104],[-36.47208350274053,-54.5344487445255],[-36.50655168307921,-54.511194349994156],[-36.628094651829706,-54.49610483176494],[-36.73498735202544,-54.46659758892627],[-36.82387081556746,-54.40432748801456],[-36.85172441257278,-54.366035251686284],[-36.88598588718229,-54.33947356548826],[-37.006753709448404,-54.340920505592436],[-37.08279557956588,-54.31151661561836],[-37.158113979631295,-54.27151905702445],[-37.290612352027665,-54.22635385520135],[-37.33097164564761,-54.192815850643925],[-37.44579667820015,-54.13809050884683],[-37.6353199936306,-54.081814874080976],[-37.56974260105221,-54.02626270936722],[-37.36637000176755,-54.048638604549595],[-37.28410112155888,-54.08558725363829],[-37.16568457696205,-54.08460540142474],[-37.082743903133604,-54.10227874126856],[-37.060342169735065,-54.08713754660704],[-37.0060819158286,-54.11426767356028],[-36.92890316420069,-54.08114308046119],[-36.90402096205216,-54.0823316384039],[-36.88844051771615,-54.0994882139248],[-36.82304399265078,-54.12382781353428],[-36.69341366224663,-54.242166843482664],[-36.54843543145178,-54.33440927512366],[-36.214631517062415,-54.431767673561545],[-36.11055518242658,-54.51532846457751],[-36.086964891085344,-54.52380339947337],[-36.07314144544726,-54.554085788796414],[-36.03309221042106,-54.56767669048917],[-36.0236095850955,-54.567728366921465],[-36.01247331393661,-54.58643523541112],[-35.921006028779985,-54.64240081158322],[-35.9133062403685,-54.71082040793766],[-35.89038774264705,-54.72131072369291]]]},"properties":{"scalerank":3,"featurecla":"Glaciated Areas","min_zoom":2.1}},{"type":"Feature","geometry":{"bbox":[-71.1333786688948,-54.58907073345801,-70.74231726752606,-54.39357879009785],"type":"Polygon","coordinates":[[[-70.85094112820359,-54.43424814231156],[-70.85094112820359,-54.43424814231156],[-70.85094112820359,-54.43424814231156],[-70.80174516466172,-54.39357879009785],[-70.74231726752606,-54.47476246522839],[-70.79637081570337,-54.55630787538496],[-71.03480587429806,-54.58907073345801],[-71.1333786688948,-54.58731373476009],[-71.10927161323065,-54.495174655983675],[-70.88008663601619,-54.494399509499296],[-70.85094112820359,-54.43424814231156]]]},"properties":{"scalerank":5,"featurecla":"Glaciated Areas","min_zoom":5}},{"type":"Feature","geometry":{"bbox":[-70.59878597683539,-54.84879648215696,-68.98976274277948,-54.42556650168652],"type":"Polygon","coordinates":[[[-69.05360897487608,-54.634235935281104],[-69.05360897487608,-54.634235935281104],[-69.05360897487608,-54.634235935281104],[-68.99319922552687,-54.68363860455214],[-68.98976274277948,-54.82285491314645],[-69.00190670436805,-54.84879648215696],[-69.19380713568393,-54.84037322369339],[-69.38712866888783,-54.82621388124542],[-69.62124874538618,-54.71392099387518],[-69.6979882473396,-54.68622242616673],[-69.76165361192318,-54.68307016379693],[-70.02050086127318,-54.73634856548985],[-70.12499060736735,-54.735315036844014],[-70.24681779649544,-54.69934823996888],[-70.35536414252451,-54.7277702777294],[-70.39311377631373,-54.71800343202624],[-70.40828080919138,-54.65816212343225],[-70.56535132514253,-54.625657647520654],[-70.59878597683539,-54.55816822694747],[-70.53705847846274,-54.53811777121823],[-70.39120174831893,-54.533776950905704],[-70.22410600450316,-54.56586801535896],[-70.15305091010183,-54.54731617616618],[-70.11767839219803,-54.4924874815045],[-70.00466203477572,-54.47662281679089],[-69.75155086941012,-54.53424203879634],[-69.61941423203979,-54.42556650168652],[-69.43877926296355,-54.50416635520246],[-69.40255408392696,-54.55377573020266],[-69.42942582871873,-54.61501230246853],[-69.38625016953887,-54.673871758848975],[-69.16858903672549,-54.62183359153106],[-69.05360897487608,-54.634235935281104]]]},"properties":{"scalerank":3,"featurecla":"Glaciated Areas","min_zoom":2.1}},{"type":"Feature","geometry":{"bbox":[-74.06353573270862,-47.493224786164,-73.05023841011342,-46.48248544696725],"type":"Polygon","coordinates":[[[-73.30190263537484,-46.52206959410282],[-73.30190263537484,-46.52206959410282],[-73.30190263537484,-46.52206959410282],[-73.0861793687724,-46.55323048277482],[-73.05023841011342,-46.57105885191552],[-73.08434485542605,-46.615500583686526],[-73.17219479032224,-46.620409844754256],[-73.21214067248386,-46.690431410509746],[-73.20464758980154,-46.78587778095284],[-73.22159745959327,-46.87248748147401],[-73.27327389188514,-46.9857622210578],[-73.25841691760124,-47.084877618193616],[-73.3075095282785,-47.1555709775689],[-73.25849443224968,-47.221406752308745],[-73.24862423368192,-47.266106866241216],[-73.2821364000232,-47.320677178741434],[-73.2677445136299,-47.4054265277001],[-73.32213395861712,-47.461133721710745],[-73.38070919461995,-47.465267836294096],[-73.51873694527154,-47.41757048928869],[-73.6903285386967,-47.456017754913844],[-73.73557125516825,-47.493224786164],[-73.80497270373623,-47.45245208108571],[-73.87548519559849,-47.35256153746552],[-73.92005611845023,-47.248743584991146],[-73.85866451688749,-47.08730641051133],[-73.88235816109331,-47.02575977965171],[-73.92080542671846,-46.94943368915661],[-74.03508785673193,-46.91227833433876],[-74.06353573270862,-46.84830291116142],[-73.91049597847623,-46.82670216246342],[-73.85298010933538,-46.794611098010165],[-73.82820126005144,-46.75233977639541],[-73.82820126005144,-46.7078980446244],[-73.66229407417838,-46.56583953225404],[-73.55113806831855,-46.50873707457151],[-73.35835913765371,-46.48248544696725],[-73.30190263537484,-46.52206959410282]]]},"properties":{"scalerank":3,"featurecla":"Glaciated Areas","min_zoom":2.1}},{"type":"Feature","geometry":{"bbox":[-74.09250037300822,-51.58951222107622,-73.09651465523079,-48.26046477640144],"type":"Polygon","coordinates":[[[-73.130543585895,-49.55185881937536],[-73.130543585895,-49.55185881937536],[-73.130543585895,-49.55185881937536],[-73.20369157580413,-49.5509803200264],[-73.22498226590838,-49.60524057393286],[-73.20407914904632,-49.67474537536543],[-73.21123633491875,-49.90165658955905],[-73.25490292020538,-49.97291838968954],[-73.3486181301667,-50.03229461039291],[-73.37802202014078,-50.101024265341096],[-73.36512875028396,-50.19021778747687],[-73.33774024116926,-50.23651987081039],[-73.29399614123417,-50.39428801859748],[-73.17415849474932,-50.44896168396229],[-73.12664201525695,-50.54156585062932],[-73.11700436063452,-50.769717299197936],[-73.20617204455414,-50.904489434615144],[-73.23172604032249,-51.008514092818686],[-73.29086971708053,-51.02913298930314],[-73.29825944689827,-51.103288669641984],[-73.27048336454138,-51.20343759542364],[-73.29825944689827,-51.25749114360093],[-73.35034929064848,-51.259764906621776],[-73.37277686226315,-51.30456837341883],[-73.33923885770572,-51.40802459086716],[-73.36975379097407,-51.44326791769022],[-73.36107215034903,-51.55680103943546],[-73.42499589709408,-51.58951222107622],[-73.46458004422965,-51.55442392355004],[-73.6385745917564,-51.1718632952933],[-73.74644914416568,-51.01853932068331],[-73.75949744331939,-50.94913787211532],[-73.7139446682541,-50.876635837609825],[-73.72828487821509,-50.791938165083444],[-73.68218950061075,-50.71152963643729],[-73.65518856473824,-50.69008391703616],[-73.58979203967286,-50.683107598676756],[-73.518995327433,-50.69933399841641],[-73.51116634794079,-50.64776091898912],[-73.598137783488,-50.60946868266084],[-73.60979081896983,-50.519241631879225],[-73.58943030464683,-50.41656056091527],[-73.67513566760289,-50.40069589620167],[-73.75270199247299,-50.47629851664468],[-73.84104285347595,-50.48740894958744],[-73.89279680041628,-50.433407077842425],[-73.90842892118457,-50.37578785583699],[-73.87936092802039,-50.32023569112322],[-73.88023942736935,-50.26328826273758],[-73.92979712593726,-50.17817717875286],[-73.86946489123649,-49.99715463643443],[-73.85362606473902,-49.81303150817849],[-73.82714189318943,-49.749314467162606],[-73.76352820503814,-49.720117282917705],[-73.74621660022038,-49.6577955055737],[-73.77802344429604,-49.59009937927135],[-73.76301144071522,-49.42721526468736],[-73.79489579943932,-49.318746433306714],[-73.88809424507771,-49.22231821065009],[-73.87726803251256,-49.15260670348835],[-73.79766048856692,-49.15560393656128],[-73.76357988147043,-49.09576262796729],[-73.80809912788989,-49.03690317158684],[-73.91680050321585,-49.00367522562317],[-74.0793228827738,-48.889832045284166],[-74.09250037300822,-48.86068653747155],[-74.07937455920607,-48.83185108825269],[-73.97987158882808,-48.68028411234062],[-73.85184322782496,-48.55150644306927],[-73.86545996773387,-48.47580046976168],[-73.5984736802979,-48.32655893330275],[-73.52976986356586,-48.26046477640144],[-73.51070126005015,-48.26046477640144],[-73.45848222521923,-48.33110645934443],[-73.37251848010169,-48.34113168720906],[-73.16056759305657,-48.377253513381085],[-73.11336117215794,-48.45047901793867],[-73.11584164090795,-48.5525916481474],[-73.20919511584322,-48.64917490010092],[-73.23330217150738,-48.733562514033544],[-73.14359188504869,-48.81071542744531],[-73.10101050484019,-48.90667856221132],[-73.13514278836897,-48.94631438577919],[-73.14124060737942,-49.00031625752419],[-73.10462785510062,-49.039280287472266],[-73.10336178250947,-49.10609791442567],[-73.14795854357735,-49.185938002316604],[-73.16692379422847,-49.26624317809818],[-73.15211849637684,-49.41972218200504],[-73.09651465523079,-49.49480803812513],[-73.130543585895,-49.55185881937536]]]},"properties":{"scalerank":3,"featurecla":"Glaciated Areas","min_zoom":2.1}},{"type":"Feature","geometry":{"bbox":[50.418142531135715,81.04337392854289,50.87609907410629,81.1706529812778],"type":"Polygon","coordinates":[[[50.428064406135746,81.07846222606908],[50.428064406135746,81.07846222606908],[50.428064406135746,81.07846222606908],[50.418142531135715,81.08546438264464],[50.44925174337542,81.1255911323193],[50.46496137879215,81.12621124950677],[50.5059924660319,81.1442204861605],[50.52159874858404,81.15822479931158],[50.591775343636414,81.16941274690278],[50.71590213400148,81.1706529812778],[50.87609907410629,81.15117096630375],[50.87041466655418,81.10078644481918],[50.829021844288405,81.08114940054826],[50.81305382671022,81.0774545356394],[50.56733239116236,81.04337392854289],[50.51818810405277,81.04554433869917],[50.428064406135746,81.07846222606908]]]},"properties":{"scalerank":4,"featurecla":"Glaciated Areas","min_zoom":3}},{"type":"Feature","geometry":{"bbox":[48.01167443216775,80.63825653759075,48.650136753133836,80.76540639924494],"type":"Polygon","coordinates":[[[48.55029788594595,80.63825653759075],[48.55029788594595,80.63825653759075],[48.55029788594595,80.63825653759075],[48.046039259641844,80.6746109077081],[48.01167443216775,80.7212488878515],[48.03916629414704,80.74871491161464],[48.130633579303634,80.76540639924494],[48.283699171752176,80.76385610627615],[48.406844109903716,80.75439931916677],[48.650136753133836,80.67306061473933],[48.55029788594595,80.63825653759075]]]},"properties":{"scalerank":4,"featurecla":"Glaciated Areas","min_zoom":3}},{"type":"Feature","geometry":{"bbox":[45.34966637551648,80.44762217886604,47.27838585794606,80.70143097606758],"type":"Polygon","coordinates":[[[46.59010745625059,80.52069265412676],[46.59010745625059,80.52069265412676],[46.59010745625059,80.52069265412676],[46.517967156771135,80.5089104275642],[46.28072065611914,80.4526606310145],[46.162691684764525,80.44762217886604],[46.11566613137891,80.45842255321504],[46.070707635284975,80.47886058218647],[46.03592939635254,80.54751272248622],[46.006473829946174,80.54983816193938],[45.969008416534564,80.56950104442642],[45.84245283385178,80.5569436713795],[45.59032352069974,80.54164744742111],[45.420773146350086,80.55735708283784],[45.38191246926661,80.57260163036393],[45.34966637551648,80.62541494416622],[45.46185591002214,80.65063304312467],[45.83449466327883,80.648746853346],[46.382626580598725,80.70143097606758],[47.131934848830895,80.70143097606758],[47.2412821795605,80.69016551382796],[47.27838585794606,80.66551585562472],[47.16040856302371,80.61378774690057],[46.84140994648598,80.56169790315035],[46.67759565612076,80.5613361681243],[46.62395551940179,80.54066559520757],[46.59010745625059,80.52069265412676]]]},"properties":{"scalerank":4,"featurecla":"Glaciated Areas","min_zoom":3}},{"type":"Feature","geometry":{"bbox":[18.582463006268767,79.72658091909754,22.112738478288094,80.29349721955553],"type":"Polygon","coordinates":[[[20.12278242359264,79.81580027944946],[20.12278242359264,79.81580027944946],[20.12278242359264,79.81580027944946],[19.709939406012865,79.74862091747],[19.669890170986662,79.73053416616786],[19.63810916512716,79.72862213817307],[19.3999841651262,79.72658091909754],[18.942130975020206,79.73632192658455],[18.724986606529768,79.76076487905861],[18.582463006268767,79.79135732697539],[18.705142856529676,79.91315867788735],[18.976030714603667,79.9266979031478],[19.091579217208306,79.95170929637708],[19.22578291187031,80.01744171825233],[19.28908654142785,80.00733897573927],[19.357764519943743,80.02679515249717],[19.4082523942929,80.10430980093498],[19.812620476976804,80.1575882026279],[19.96031172046699,80.21347626415157],[20.036844516691247,80.27432526317524],[20.226186964608672,80.29349721955553],[20.714167514740836,80.23665314403446],[20.809252150157874,80.19164297150824],[21.098485141695505,80.20233999299266],[21.338160434665213,80.18073924429466],[21.486420118910587,80.10813385692457],[21.59023807138496,80.08100372997136],[22.013984816178326,80.04669057892953],[22.09330813974637,79.98819285757513],[22.112738478288094,79.9324339871322],[22.04530073414722,79.85791657176732],[21.874768507584037,79.82548961050416],[20.54606408049537,79.79409617788686],[20.12278242359264,79.81580027944946]]]},"properties":{"scalerank":3,"featurecla":"Glaciated Areas","min_zoom":2.1}},{"type":"Feature","geometry":{"bbox":[20.813334588308948,79.22927277293668,27.13806481294361,80.29021576610499],"type":"Polygon","coordinates":[[[27.13806481294361,80.0644414334218],[27.13806481294361,80.0644414334218],[27.13806481294361,80.0644414334218],[27.123233676875856,80.01255829540075],[26.96965132010442,79.84122508413706],[26.221066521924314,79.6774624702041],[26.178795200309565,79.66557689077696],[25.991209751090082,79.66423330353739],[25.841296421011354,79.61620005972209],[25.83307986827694,79.53390534129728],[25.841658156037397,79.51959096955243],[25.726419712026512,79.43975088166148],[25.64115359874492,79.40300893830197],[25.239110955514153,79.34507965770278],[25.14505984874293,79.3388526476116],[24.842856072700076,79.36724884715598],[24.75056196462677,79.36461334910909],[24.383349236760722,79.30161977814532],[24.25684533051023,79.2634825711139],[24.168581984155708,79.22927277293668],[24.09199751149913,79.26141551382223],[23.403925815532858,79.28601349559317],[23.144716831156813,79.2606145291217],[22.952738885192506,79.27138906525455],[22.716474236754067,79.33247060822355],[22.711616652118636,79.33683726675223],[22.865509067483828,79.41187144644003],[22.631621534930815,79.4043266873254],[22.484136997169802,79.44378164338026],[22.262031691179317,79.46941315379702],[22.10338504404328,79.46930980093244],[22.017705519303348,79.4230593940312],[21.881486443781966,79.40784068472125],[21.608841587010033,79.42556570099738],[20.941698846121966,79.41923533804162],[20.813334588308948,79.56620311147971],[20.871522251069592,79.6660419786676],[20.99347863127841,79.68635081655832],[21.142513462008168,79.70622040477453],[21.41784549325928,79.69715119090732],[21.817200962010872,79.71921702749593],[21.880039503677807,79.74670888947522],[22.519690382586617,79.827582506012],[22.633585239357902,79.8886123725487],[23.091438429463892,79.98038971629906],[23.3826868018609,80.09976227489331],[23.66706220876307,80.0908222521068],[23.774445835065592,80.0990904812735],[23.82172977061265,80.15304067658623],[24.253383009546667,80.1474596218987],[24.640181105251344,80.18073924429466],[24.80781945160618,80.2529312202064],[24.838721958116707,80.29021576610499],[24.907038201606582,80.27667654084452],[25.471344842233833,80.23308747020631],[25.666888462026265,80.20978139924269],[25.751121046662035,80.1880256212478],[25.83628380707904,80.17515818960713],[26.43676395031062,80.17546824820089],[26.86082075369771,80.16001699494562],[27.017193637812937,80.1254712999585],[27.13806481294361,80.0644414334218]]]},"properties":{"scalerank":3,"featurecla":"Glaciated Areas","min_zoom":2.1}},{"type":"Feature","geometry":{"bbox":[49.65736209493474,80.06260692007544,50.240065545457924,80.22680878368287],"type":"Polygon","coordinates":[[[50.2298852882964,80.16720001903418],[50.2298852882964,80.16720001903418],[50.2298852882964,80.16720001903418],[50.15583296082215,80.14167186148201],[50.12555057149914,80.12306834585694],[50.07222049337392,80.10947744416417],[50.05475385925925,80.07955678986717],[50.044315219936294,80.0730972358307],[49.99573937358193,80.06490652131245],[49.961426222540126,80.06260692007544],[49.86789188009183,80.08105540640365],[49.65736209493474,80.13045807567467],[49.742473178919454,80.19949778921661],[49.84505089701884,80.22182200796671],[49.87977745951898,80.22680878368287],[50.19836266459836,80.22006500926877],[50.240065545457924,80.20730093049268],[50.2298852882964,80.16720001903418]]]},"properties":{"scalerank":4,"featurecla":"Glaciated Areas","min_zoom":3}},{"type":"Feature","geometry":{"bbox":[50.623142938037574,79.92969513622073,51.2829476255402,80.09139069286202],"type":"Polygon","coordinates":[[[51.267186313691184,79.98576406525741],[51.267186313691184,79.98576406525741],[51.267186313691184,79.98576406525741],[51.2829476255402,79.9746794705308],[51.147658725800085,79.92969513622073],[51.076293572805014,79.93196889924157],[51.06544152202372,79.93186554637701],[50.7807043800955,79.94426789012705],[50.623142938037574,80.02165334748413],[50.67394087098049,80.04844757762747],[50.67580122254299,80.04855093049206],[50.73760623556407,80.05940298127335],[50.9561975441587,80.09139069286202],[51.02125817241415,80.08206309683332],[51.17044803244079,80.05371857372124],[51.23907433452442,80.00550446239292],[51.242795037649415,79.99124176708035],[51.267186313691184,79.98576406525741]]]},"properties":{"scalerank":4,"featurecla":"Glaciated Areas","min_zoom":3}},{"type":"Feature","geometry":{"bbox":[14.461267530991876,79.52129629181808,14.773961622789983,79.72619334585535],"type":"Polygon","coordinates":[[[14.629215935940465,79.72619334585535],[14.629215935940465,79.72619334585535],[14.629215935940465,79.72619334585535],[14.75871707526389,79.61798289663615],[14.773961622789983,79.59607208934442],[14.771739536201437,79.5468502875864],[14.62931928880505,79.52129629181808],[14.486330600653417,79.54018402782076],[14.461267530991876,79.62227204051639],[14.53438968268486,79.71957876252198],[14.629215935940465,79.72619334585535]]]},"properties":{"scalerank":4,"featurecla":"Glaciated Areas","min_zoom":3}},{"type":"Feature","geometry":{"bbox":[19.674592726325216,79.46013723420064,20.550818312266216,79.64025543895396],"type":"Polygon","coordinates":[[[20.379304233489506,79.63258148875862],[20.379304233489506,79.63258148875862],[20.379304233489506,79.63258148875862],[20.550818312266216,79.53297516551602],[20.453304884531462,79.46013723420064],[20.399509718515617,79.46339284943501],[20.128208448983287,79.48961863882313],[19.900212029711554,79.5338019884327],[19.674592726325216,79.59116282827667],[19.746733025804673,79.61798289663615],[19.82114708830497,79.63364085562058],[20.01483035653493,79.64025543895396],[20.187119581796026,79.63229726838101],[20.379304233489506,79.63258148875862]]]},"properties":{"scalerank":4,"featurecla":"Glaciated Areas","min_zoom":3}},{"type":"Feature","geometry":{"bbox":[20.972549676200202,78.24571523712545,22.075789829199408,78.59698578562946],"type":"Polygon","coordinates":[[[21.0432430355755,78.4979479031421],[21.0432430355755,78.4979479031421],[21.0432430355755,78.4979479031421],[21.40399620940505,78.53065908478284],[21.50336998870233,78.59698578562946],[21.608118116957968,78.59571971303833],[21.74557742685434,78.5720260688325],[21.906084425552905,78.57468740509553],[21.93223270029259,78.53634349233495],[22.039099562272185,78.48983470327228],[22.075789829199408,78.44722748484763],[22.037187534277393,78.36875682241241],[21.896989373469523,78.35191030548525],[21.82283369313069,78.26488719350574],[21.74495730966683,78.24571523712545],[21.65989790211441,78.29398102488607],[21.520526564223246,78.31377309845386],[21.336610141696468,78.33744090444354],[21.008878208101407,78.34317698842794],[20.972549676200202,78.45474640574609],[21.0432430355755,78.4979479031421]]]},"properties":{"scalerank":4,"featurecla":"Glaciated Areas","min_zoom":3}},{"type":"Feature","geometry":{"bbox":[17.19505415209656,78.034410305484,17.898577101318125,78.21222890900033],"type":"Polygon","coordinates":[[[17.693318312254803,78.21222890900033],[17.693318312254803,78.21222890900033],[17.693318312254803,78.21222890900033],[17.856822544026272,78.18659739858356],[17.898577101318125,78.12546417918226],[17.853928663817953,78.1024164903801],[17.54087283699377,78.034410305484],[17.36093549975348,78.04071483022359],[17.256652459388476,78.06820669220288],[17.198103061601785,78.05983511017159],[17.19505415209656,78.1229578722161],[17.247143995846756,78.14406769480733],[17.693318312254803,78.21222890900033]]]},"properties":{"scalerank":5,"featurecla":"Glaciated Areas","min_zoom":5}},{"type":"Feature","geometry":{"bbox":[21.411385939222782,77.80558706329556,22.52434126149288,78.18682994252886],"type":"Polygon","coordinates":[[[22.04762617360035,77.99694489207239],[22.04762617360035,77.99694489207239],[22.04762617360035,77.99694489207239],[22.494989047951094,77.93082489695492],[22.52434126149288,77.85225088165514],[22.436232944435233,77.8239321967592],[22.254228549903246,77.80558706329556],[22.118474562272496,77.8305209418764],[22.007111850683515,77.86718537058748],[21.879109327896543,77.94795563425969],[21.818957960708815,78.01079417592659],[21.67550418466655,78.03027619090064],[21.47763512542099,78.02590953237198],[21.411385939222782,78.09680959747642],[21.55974897633277,78.14882192657821],[21.80810590992752,78.18682994252886],[21.8946122575841,78.14902863230739],[22.03672244638676,78.1360061713698],[22.063077426855614,78.10262319610926],[22.003339471126196,78.05900828725491],[22.04762617360035,77.99694489207239]]]},"properties":{"scalerank":4,"featurecla":"Glaciated Areas","min_zoom":3}},{"type":"Feature","geometry":{"bbox":[16.144265577873597,77.92149730092625,17.083949822669013,78.16453156199493],"type":"Polygon","coordinates":[[[16.967367791418553,78.0712556017081],[16.967367791418553,78.0712556017081],[16.967367791418553,78.0712556017081],[17.057904900793915,78.0355471869944],[17.083949822669013,77.98420665151242],[16.96137332527269,78.00102733022344],[16.883858676834905,78.07342601186436],[16.84923546719935,78.07203074819246],[16.81998660652215,78.06799998647371],[16.796060418371013,78.03580556915587],[16.830218540115936,77.99761668569217],[16.755907830480226,77.93118663198096],[16.67177859870904,77.92149730092625],[16.451998732171717,77.9413927273586],[16.383320753655795,77.9218590359523],[16.32978396980144,77.93136749949399],[16.30125857917631,77.9987535672026],[16.25505984870739,78.04490062123925],[16.144265577873597,78.08035065379146],[16.196562127352962,78.1443777534011],[16.328388706129545,78.10786835398689],[16.54067548998455,78.14326671010683],[16.55752200691171,78.08006643341385],[16.486311883213517,78.05988678660388],[16.508532749099004,78.00976064728077],[16.561397739333614,78.01916575795788],[16.702681105219597,78.1360061713698],[16.818643019282547,78.16453156199493],[16.967367791418553,78.0712556017081]]]},"properties":{"scalerank":4,"featurecla":"Glaciated Areas","min_zoom":3}},{"type":"Feature","geometry":{"bbox":[14.061085239323603,77.76765656199335,14.581363559638193,77.99632477488488],"type":"Polygon","coordinates":[[[14.581363559638193,77.85607493764475],[14.581363559638193,77.85607493764475],[14.581363559638193,77.85607493764475],[14.54281294114844,77.77375438100377],[14.477338901434651,77.76765656199335],[14.45392947760641,77.76791494415481],[14.378120151434244,77.81845449493626],[14.261796502345248,77.85390452748847],[14.115035434636326,77.86816722280103],[14.061085239323603,77.93663849558776],[14.151674025131257,77.98679047312702],[14.23885216640764,77.99632477488488],[14.476977166408602,77.90744131134285],[14.546895379299515,77.90744131134285],[14.581363559638193,77.85607493764475]]]},"properties":{"scalerank":4,"featurecla":"Glaciated Areas","min_zoom":3}},{"type":"Feature","geometry":{"bbox":[22.679370558368504,77.35982615834588,24.244132928166408,77.93426137970233],"type":"Polygon","coordinates":[[[24.244132928166408,77.79897247996222],[24.244132928166408,77.79897247996222],[24.244132928166408,77.79897247996222],[24.22036176931215,77.71722036407648],[24.13855797699412,77.65934275990956],[24.129824659936787,77.6582317166153],[24.06192182790528,77.63061066355529],[24.04946780772292,77.62213572865942],[23.895937127383775,77.55903880483105],[23.751139764101936,77.55182994252634],[23.64329104990881,77.48860382761721],[23.525158725689582,77.45578929311189],[23.168798048604827,77.45325714792959],[22.96700158050507,77.35982615834588],[22.87295047373385,77.41083079701797],[22.945607537536233,77.51196157501316],[22.91651370615591,77.55237254506538],[22.939716424254954,77.59547068959681],[22.99749067555726,77.62606313751361],[22.981677687275948,77.67345042592525],[22.866542596129648,77.69463776316493],[22.788149448342892,77.72807241485778],[22.679370558368504,77.82543081329565],[22.701281365660236,77.87542776153803],[22.7358528988635,77.88770091420737],[23.159134555766258,77.93426137970233],[23.370439487407708,77.91384918894705],[23.42309777191315,77.8781666124495],[23.655331658632804,77.84305247670717],[24.056754184676095,77.87173289662918],[24.244132928166408,77.79897247996222]]]},"properties":{"scalerank":3,"featurecla":"Glaciated Areas","min_zoom":2.1}},{"type":"Feature","geometry":{"bbox":[21.27728559742539,77.50831838653659,22.331846551205643,77.74352366811304],"type":"Polygon","coordinates":[[[22.026697218522145,77.74352366811304],[22.026697218522145,77.74352366811304],[22.026697218522145,77.74352366811304],[22.23242109547607,77.73313670522238],[22.331846551205643,77.61691640899794],[22.2195536638354,77.58485118276083],[21.90195031096954,77.5554731310029],[21.80810590992752,77.51371857371109],[21.692247348729126,77.53366567657575],[21.42756066253014,77.50831838653659],[21.316973097425546,77.51873118764338],[21.27728559742539,77.57513601348997],[21.41893069833742,77.59929474558642],[21.52125003427531,77.63195425079489],[21.5786625505516,77.66996226674554],[21.814565463963987,77.72802073842549],[22.026697218522145,77.74352366811304]]]},"properties":{"scalerank":4,"featurecla":"Glaciated Areas","min_zoom":3}},{"type":"Feature","geometry":{"bbox":[15.892291294018433,77.57759064402383,16.360014682692167,77.71572174754],"type":"Polygon","coordinates":[[[16.26539513516576,77.7135254991676],[16.26539513516576,77.7135254991676],[16.26539513516576,77.7135254991676],[16.322084181389926,77.71572174754],[16.360014682692167,77.664019477032],[16.318931919020145,77.62130890574277],[16.038793979565895,77.57759064402383],[15.933425734122752,77.59552236602912],[15.892291294018433,77.63533905710999],[15.955129835685339,77.66693919545646],[16.26539513516576,77.7135254991676]]]},"properties":{"scalerank":4,"featurecla":"Glaciated Areas","min_zoom":3}},{"type":"Feature","geometry":{"bbox":[15.873584425528778,67.09786855739337,16.47142907071344,67.42895945908741],"type":"Polygon","coordinates":[[[16.362443475009883,67.2457148301804],[16.362443475009883,67.2457148301804],[16.362443475009883,67.2457148301804],[16.408848911207997,67.21295197210738],[16.469517042718653,67.16225739202905],[16.47142907071344,67.09786855739337],[16.365595737379692,67.10220937770588],[16.282706739983524,67.13357697210704],[16.23423424649374,67.18075755478954],[16.06075646328992,67.20052379014116],[15.99993330248239,67.23796336533663],[15.925932651440434,67.32994741481617],[15.873584425528778,67.3622451849986],[15.922056919018559,67.40921906195192],[16.049542677482606,67.42895945908741],[16.158063185295532,67.3894786648164],[16.218989698967647,67.29181020778476],[16.28616906094709,67.23801504176892],[16.362443475009883,67.2457148301804]]]},"properties":{"scalerank":4,"featurecla":"Glaciated Areas","min_zoom":3}},{"type":"Feature","geometry":{"bbox":[13.732061394921232,66.50281443955244,14.456978387111635,66.7695165066108],"type":"Polygon","coordinates":[[[14.124233839584264,66.7008385280949],[14.124233839584264,66.7008385280949],[14.124233839584264,66.7008385280949],[14.237766961329527,66.68605906845941],[14.38199588385612,66.7224909532252],[14.456978387111635,66.69572256129801],[14.438064812892806,66.63296153427952],[14.35310875820497,66.57327525498242],[14.277506137761975,66.54040904404478],[14.099222446355014,66.50281443955244],[13.959489373437778,66.56632477483915],[13.808284132551762,66.54642934840679],[13.746065708072337,66.56017527939643],[13.732061394921232,66.66306305608954],[13.97220177578157,66.7695165066108],[14.056227654688174,66.76062816025659],[14.124233839584264,66.7008385280949]]]},"properties":{"scalerank":4,"featurecla":"Glaciated Areas","min_zoom":3}},{"type":"Feature","geometry":{"bbox":[6.67616132978884,61.470615139402106,7.516471795287004,61.94350617130503],"type":"Polygon","coordinates":[[[6.67616132978884,61.5355207383607],[6.67616132978884,61.5355207383607],[6.67616132978884,61.5355207383607],[6.726855909867169,61.58528514265777],[6.731300083044289,61.63928701440279],[6.680037062210744,61.67339345971541],[6.677453240596151,61.73090932885627],[6.715280389033808,61.77535106062729],[6.760807325882951,61.75305268009333],[6.773674757523623,61.693547268309246],[6.833722771846766,61.670912990965405],[6.867932570023982,61.70718984643431],[6.884365675492802,61.75514557560116],[6.9352669613003,61.80240367293207],[7.000327589555781,61.76589427351788],[7.058721958045595,61.77847748478094],[7.065026482785186,61.830851548908754],[7.2919893734110985,61.879995836018324],[7.352812534218628,61.920794379312746],[7.431722446328338,61.94350617130503],[7.516471795287004,61.875499986408926],[7.511769239948451,61.81834585229412],[7.2252234228899965,61.66796743432476],[7.168689405962681,61.604147040444296],[7.140112338905283,61.5431171739076],[7.077273797238377,61.525340481199194],[7.020274692420429,61.56766347924626],[6.9576428564826935,61.561539822019654],[6.925810174190901,61.49960561791785],[6.859612664424986,61.470615139402106],[6.732230258825524,61.48712575951936],[6.67616132978884,61.5355207383607]]]},"properties":{"scalerank":4,"featurecla":"Glaciated Areas","min_zoom":3}},{"type":"Feature","geometry":{"bbox":[7.761934848673406,46.397917588886074,8.251000603883682,46.63942739520215],"type":"Polygon","coordinates":[[[8.233533969769042,46.520571600930836],[8.233533969769042,46.520571600930836],[8.233533969769042,46.520571600930836],[8.022487420289025,46.4146349147325],[7.90197798018437,46.397917588886074],[7.79170047367353,46.428561713235155],[7.761934848673406,46.474915473000976],[7.817538689819458,46.51449962013655],[7.901564568726029,46.52573924416002],[8.10992394372687,46.63942739520215],[8.211778191774158,46.63565501564484],[8.232603793987778,46.62175405535832],[8.251000603883682,46.60242706968117],[8.233533969769042,46.520571600930836]]]},"properties":{"scalerank":5,"featurecla":"Glaciated Areas","min_zoom":5}},{"type":"Feature","geometry":{"bbox":[7.298603956744471,45.89807729754295,7.949003533569994,46.16193716082523],"type":"Polygon","coordinates":[[[7.717699822631546,46.16193716082523],[7.717699822631546,46.16193716082523],[7.717699822631546,46.16193716082523],[7.76224490726716,46.129355170265214],[7.751237827188987,46.064733791684226],[7.795989617553744,46.03282359474399],[7.83676232263204,46.11186269793441],[7.935774366903274,46.10346527768698],[7.949003533569994,46.019310207699675],[7.9190312028407,45.93926341407956],[7.797746616251657,45.89807729754295],[7.619928012735329,45.94381094012124],[7.315760532265358,45.91905792905344],[7.298603956744471,45.98949290626726],[7.349401889687385,46.01750153256946],[7.5161100602609565,46.039205634132045],[7.717699822631546,46.16193716082523]]]},"properties":{"scalerank":5,"featurecla":"Glaciated Areas","min_zoom":5}},{"type":"Feature","geometry":{"bbox":[42.37889163592126,42.72152700456148,43.87146202980745,43.407273261074636],"type":"Polygon","coordinates":[[[42.51769453305724,43.407273261074636],[42.51769453305724,43.407273261074636],[42.51769453305724,43.407273261074636],[42.57980960467205,43.341773383144684],[42.53459272641666,43.29156972917313],[42.53588463722397,43.24423411719377],[42.56776899594806,43.21237559668584],[42.6699333025891,43.22240082455046],[42.83855350115746,43.282939764980384],[42.94040774920475,43.2638194850324],[42.96206017433505,43.19240265560502],[43.01042931496025,43.15359365495382],[43.14954227068998,43.148064276698605],[43.23672041196636,43.116386623703676],[43.30054080584682,43.08455394141188],[43.330513136576116,43.03267080339084],[43.53727054217589,43.0109925400444],[43.59768029152508,42.94848989518738],[43.60507002134284,42.88053538672357],[43.85166995623965,42.8231228704473],[43.87146202980745,42.72953685156672],[43.778599480978926,42.72152700456148],[43.47453535337357,42.85288849544742],[43.07926232277302,42.967222601893184],[42.84599490740749,43.09545766862547],[42.67205203631306,43.11571483008389],[42.566838820166794,43.14628143978454],[42.50405195493218,43.13292308203709],[42.46126386899451,43.156254991216855],[42.37889163592126,43.266041571620946],[42.382664015478554,43.36122955990258],[42.443125441260065,43.40518036556682],[42.51769453305724,43.407273261074636]]]},"properties":{"scalerank":5,"featurecla":"Glaciated Areas","min_zoom":5}},{"type":"Feature","geometry":{"bbox":[46.83975630065265,80.08601634390367,51.641478712781236,80.90570791291735],"type":"Polygon","coordinates":[[[48.095907016803494,80.12229319937255],[48.095907016803494,80.12229319937255],[48.095907016803494,80.12229319937255],[48.05663292826168,80.10950328238032],[47.93116255065701,80.0882901069245],[47.86418989440674,80.08601634390367],[47.79628706237523,80.12425690379963],[47.83695641458891,80.17484813101338],[47.83540612162017,80.17838796662538],[47.97756798685513,80.21257192658645],[47.89292199076101,80.23923696564906],[47.80031782409398,80.24148489045375],[47.76166385273967,80.2523111030189],[47.52880984883248,80.24419790314907],[47.447471144405085,80.23037445751099],[47.44437055846757,80.2301419135657],[47.44318200052484,80.22965098745892],[47.15813480000287,80.181152655753],[47.0403125343774,80.18228953726344],[46.887608676954926,80.2357229682532],[46.8438387388037,80.26771067984187],[46.83975630065265,80.29499583609199],[46.8832161802101,80.3340890571208],[47.09379764179948,80.37121857372252],[47.19926924010721,80.33251292593589],[47.49325646341566,80.31416779247228],[47.880209588417216,80.35858368602713],[47.915762973834035,80.4001832140221],[48.06355757018878,80.49033275015528],[48.17889936706425,80.53828847932213],[48.20566775899144,80.54376618114507],[48.20825158060603,80.5438953722258],[48.30612674336683,80.56159455028576],[48.37868045430463,80.56702057567641],[48.553553501180346,80.53051117626221],[48.625073683472294,80.50831614859284],[48.65742313008701,80.50883291291576],[48.701244744670504,80.4996861844001],[48.86888309102534,80.50764435497305],[48.90340294779631,80.51281199820222],[49.08778445821372,80.51578339305901],[49.172533807172385,80.55304210074145],[49.23320193868304,80.56211131460869],[50.002043898321546,80.7522289090105],[50.41566206238571,80.73011139598957],[50.47524498881822,80.78297638622416],[50.41478356303674,80.82674632437538],[50.53100385926115,80.88271190054748],[50.653735385954356,80.89694875764387],[50.77222944519963,80.90570791291735],[50.922039422413775,80.88170421011777],[50.965602654835806,80.817651272292],[51.044305861216344,80.77618093537778],[51.1100382830916,80.7642178413022],[51.21116906108679,80.78238210725279],[51.35689660014987,80.77098745393245],[51.36103071473323,80.77010895458349],[51.454771762910696,80.74468414989586],[51.48603600444727,80.74380565054692],[51.553060337129835,80.72967214631508],[51.641478712781236,80.68778839794253],[51.52122765483804,80.6602706977471],[51.402940301321934,80.64251984325485],[51.22295128764936,80.62143585887976],[51.186829461477316,80.61006704377554],[51.14616010926363,80.6039692247651],[50.99774539572135,80.55309377717374],[50.38124555847932,80.53182892528564],[50.34414188009376,80.52857331005127],[50.2796496925935,80.5273589138924],[49.84598107280007,80.49767080354071],[49.749862908737214,80.47209096955625],[49.78955040873737,80.43012970653525],[49.781023797409205,80.42227488882686],[49.59142296733032,80.37783315705586],[49.24839480977687,80.37297557242043],[49.12111575704199,80.37158030874853],[48.93771609883811,80.38672150341007],[48.85679080586905,80.37328563101418],[48.85549889506174,80.36181346304538],[48.81100548685845,80.35370026317555],[48.677060174357905,80.30006012645659],[48.68894575378505,80.29029328075343],[48.887744988811875,80.27879527456848],[48.95606123230172,80.25303457307099],[48.95420088073922,80.16293671337012],[48.855550571494035,80.15756236441176],[48.79736290873339,80.16115387645603],[48.5817688332117,80.19536367463327],[48.5748441912846,80.19231476512805],[48.566989373576206,80.19339997020616],[48.447513462117406,80.10973582632563],[48.34602094909616,80.10255280223704],[48.24385664245514,80.11983856883869],[48.18711591979866,80.13156911896895],[48.180759718626746,80.13050975210696],[48.1672204933663,80.1327835151278],[48.095907016803494,80.12229319937255]]]},"properties":{"scalerank":3,"featurecla":"Glaciated Areas","min_zoom":2.1}},{"type":"Feature","geometry":{"bbox":[10.953781365613255,78.2409610053546,15.267213169015918,79.82060618765259],"type":"Polygon","coordinates":[[[13.957370639713815,78.29868358022462],[13.957370639713815,78.29868358022462],[13.957370639713815,78.29868358022462],[13.842183872135223,78.27951162384436],[13.83097008632788,78.26018463816719],[13.65501183437405,78.24514679637026],[13.379266391664629,78.2409610053546],[13.335548129945693,78.28845164663083],[12.759562615620467,78.39356150991252],[12.696724073953561,78.45738190379298],[12.720030144917189,78.51595713979582],[12.784987420308084,78.50285716420983],[13.06124962734043,78.50414907501711],[13.12563846197611,78.57210358348094],[13.074168735413394,78.63700918243951],[13.002855258850616,78.62295319285614],[12.961462436584839,78.5621817084809],[12.875524529683446,78.54781566030375],[12.460872836973437,78.5678144396007],[12.372712843483527,78.62274648712697],[12.040898471737393,78.70486033803876],[11.941007928117216,78.76614858673692],[11.91604821132023,78.85343008087789],[12.042448764706137,78.91231537547448],[12.290598992571717,78.88236888296133],[12.438600294655657,78.8839191759301],[12.459425896869279,78.9652578803575],[12.433536004291057,79.03150706655568],[12.361757439837646,79.04830190705056],[12.17324181483687,78.9840422634956],[12.12017011887312,79.03440094676402],[12.183163689836931,79.13739207632175],[12.230602654680865,79.17191193309272],[12.225124952857927,79.2388329129107],[12.166627231503526,79.27939891225981],[12.122185499732526,79.37050446239037],[12.138980340227363,79.48026520457832],[12.167402377987912,79.50964325633625],[12.225331658587095,79.49615570750807],[12.24734581874344,79.4371153836146],[12.363359409238683,79.26402517365297],[12.4102299333274,79.27430878367905],[12.416379428770142,79.46961985952619],[12.372712843483527,79.56465281851094],[12.255407342180973,79.58961253530792],[12.109524773820995,79.55519603140154],[12.020796339575867,79.51571523713055],[11.961781853898545,79.42344696727339],[11.955994093481848,79.35799876577575],[11.87036624517421,79.30596059845782],[11.70929080572043,79.30539215770263],[11.581288282933485,79.28358470327545],[11.579789666397005,79.28348135041087],[11.579841342829297,79.28335215933015],[11.432201775771404,79.25821157502013],[11.152167189181768,79.25500763621805],[11.027006870170851,79.2998627794474],[10.953781365613255,79.41758169220829],[10.97181644048311,79.50181427684403],[11.0812671240773,79.51592194285972],[11.149635043999467,79.54958913849786],[11.145862664442149,79.61160085724812],[11.222602166395575,79.63658641226122],[11.401350945693167,79.60589061147986],[11.430496453505782,79.62364146597211],[11.492869907282085,79.68679006623277],[11.521085239313436,79.76164337840756],[11.636220330459738,79.79368276642852],[11.655082228246272,79.81781566030882],[11.702366163793329,79.82060618765259],[11.871244744523182,79.78546621369411],[11.89687625493994,79.73751048452725],[11.978318312231949,79.67270823843326],[12.394106886452336,79.64020376252166],[12.431210564837926,79.71094879832923],[12.690987989969159,79.74598541942312],[12.730882195698484,79.67469778107649],[12.63708947108873,79.62180695262576],[12.624118686583472,79.5858918321829],[12.555337355202996,79.5694587267141],[12.618847690489702,79.57124156362816],[12.612284783588649,79.55310313589372],[12.771964959370536,79.44370412873182],[12.965441521871298,79.45742422150533],[13.034171176819484,79.42561737742965],[13.068536004293577,79.33071360952563],[13.119178907939613,79.31071483022869],[13.19679690924201,79.30921621369221],[13.282838169007988,79.35055735952572],[13.393839145570922,79.36745555288515],[13.49083580898278,79.33611379670013],[13.552434116274696,79.27353363719469],[13.625918002993728,79.25356069611387],[13.730872836978534,79.26632477488995],[13.83391564296852,79.19635488556679],[14.206296014063753,79.17010325796248],[14.344220411850785,79.17490916616565],[14.39315799323117,79.15000112580096],[14.660118442450994,79.12754771597012],[14.689935743883412,79.19428782827508],[14.599450310940341,79.21025584585328],[14.54973758307557,79.27722850210354],[14.558212517971413,79.37939280874458],[14.633763461982142,79.42954478628384],[14.754893019274306,79.44238637970837],[14.80527754075888,79.40698802358843],[14.783625115628581,79.35820547150492],[14.836800164456918,79.29671051707759],[14.963614129301163,79.27454132762436],[15.204477980213596,79.29376496043695],[15.267213169015918,79.24431061473364],[15.228972609119952,79.19216909455112],[15.032085402087915,79.11444774038414],[14.961857130603251,79.06757721629542],[14.915296665108258,78.96608470327418],[14.94671593594174,78.90619171824788],[14.842587924873612,78.8593987088076],[14.512943963283732,78.85596222606019],[14.48638227708571,78.7572602403827],[14.416412387762534,78.69628205027831],[14.30349938320478,78.65514761017398],[14.306961704168344,78.57897654897575],[14.34726932135601,78.56825368927518],[14.404010044012466,78.5170165066578],[14.390470818751993,78.48350434031651],[14.242417840235788,78.44404938426167],[14.213530714584637,78.35191030548525],[14.076123081120528,78.34157501902688],[13.957370639713815,78.29868358022462]]]},"properties":{"scalerank":3,"featurecla":"Glaciated Areas","min_zoom":2.1}},{"type":"Feature","geometry":{"bbox":[15.91575239427894,78.13621287709898,21.38880333831125,79.9656102566636],"type":"Polygon","coordinates":[[[20.588852166433043,78.72020823842944],[20.588852166433043,78.72020823842944],[20.588852166433043,78.72020823842944],[20.104799025155074,78.63494212514784],[20.103300408618594,78.63383108185359],[19.76874718596102,78.62269481069468],[19.67676313648147,78.60956899689255],[19.65495568205432,78.59783844676228],[19.618575473720824,78.56215587026476],[19.42401370614192,78.4947956407723],[19.385979851975122,78.49753449168377],[19.106048618250043,78.47190298126698],[18.999336785567323,78.44691742625389],[18.929005161218072,78.2846017524251],[18.84921674975942,78.18737254506793],[18.480557081789186,78.14672903107038],[18.02957685717803,78.13621287709898],[17.98477339038095,78.17987946238561],[17.959555291422532,78.25077952749005],[17.88958540209933,78.34942983673524],[17.642468702879597,78.33919790314145],[17.41478234220159,78.38477651642289],[17.36279585131598,78.42131175405324],[17.34801639168049,78.47231639272532],[17.388530714597323,78.5678144396007],[17.325692172930417,78.59613312449666],[17.22574995287792,78.56559235301215],[17.22450971850293,78.50461416290774],[17.19298709480489,78.46908661570707],[17.147305128658875,78.46580516225656],[17.103121779049303,78.49185008413166],[17.14327436694009,78.54719554311625],[17.11102827318996,78.60910390900192],[16.895227491939096,78.65982432729639],[16.847375115636822,78.72201691355967],[16.57767581550553,78.76790558543483],[16.438511183343536,78.75162750926289],[16.32575320808266,78.69685049103352],[16.006961297274103,78.67824697540844],[15.91575239427894,78.73395416941908],[15.919834832429984,78.79291697866411],[15.946551547924884,78.83283702260958],[15.987169223706305,78.84728058543517],[16.075174187899364,78.8594503852399],[16.212581821363443,78.82232086863819],[16.31355757006179,78.83849559194555],[16.36094485847343,78.88738149689364],[16.419959344150755,78.91482168244063],[16.555351596755457,78.94851471629495],[16.588269484125362,79.00572052684204],[16.79833418139185,79.01326528595665],[16.84396447110558,79.08261505809234],[16.805310499751243,79.10726471629557],[16.68485273607888,79.12726349559252],[16.66965986498508,79.18948192007194],[16.506414015375043,79.25834076610086],[16.47540815599993,79.32105011668706],[16.19299645352484,79.37122793244247],[16.105301547925535,79.44923350698706],[16.073675571362912,79.55736644155779],[16.07005822110247,79.65069407827691],[16.103596225659885,79.73265289989182],[16.179198846102906,79.79228750275665],[16.305030958733624,79.82959788687138],[16.368127882561993,79.87339366323873],[16.342496372145234,79.89982615835605],[16.3344348487077,79.95212270783541],[16.38848839688498,79.9656102566636],[16.499489373447943,79.93941030549162],[16.60439253100043,79.83678091095994],[16.69322431811017,79.81047760692338],[16.791616245193893,79.84732290314749],[16.88458214688697,79.8447390815329],[16.98204389818946,79.77432994253523],[17.12792646654941,79.8012533637593],[17.178259311601693,79.85021678335583],[17.75739708829673,79.82939118114221],[17.834601678140785,79.80003896760043],[17.95614464689126,79.70423086213131],[17.85971642423462,79.63501028107633],[17.850414666422097,79.63023021108934],[17.69326663582251,79.634596869618],[17.33561404793045,79.50336456981277],[17.287813348060467,79.48000682241685],[17.265954217201,79.40822825796344],[17.29985395678446,79.3872217882368],[17.350083448972185,79.37908275015083],[17.448372023191325,79.40486928986446],[17.544335157957335,79.4645038927293],[17.61539025235865,79.44000926382294],[17.591722446368976,79.35520823843198],[17.734762810952873,79.34048045522879],[17.92183149584946,79.4060061713749],[18.04895551928746,79.4060061713749],[18.126470167725273,79.47737132436997],[18.115618116943978,79.53832367625824],[18.27209435392379,79.6005679389538],[18.333279249757368,79.610696519683],[18.397358025799292,79.60516714142777],[18.581429477622947,79.57157746043806],[18.748447706790273,79.48817169871897],[18.78524132658208,79.4605764838751],[18.815213657311375,79.42667674429164],[18.83237023283226,79.38474131948679],[18.822965122155153,79.3366563992392],[18.807462192467597,79.30317007111405],[18.720025669029724,79.28149180776764],[18.67785770027956,79.26172557241598],[18.772218865644533,79.26025279409568],[18.88011925626995,79.23428538686899],[18.9790279476766,79.17914663361357],[19.089408807052052,79.15702912059265],[19.327327101323846,79.1680878771031],[19.344380323980147,79.09899648712887],[19.395126580490768,79.03770823843071],[19.43765628426698,79.17325552033229],[19.490211215907806,79.17568431265],[19.75086714038804,79.14684886343115],[19.89359744637818,79.0562084011912],[19.95653934090967,79.06207367625633],[20.009042596118235,79.00442861603477],[20.450049269297068,78.95104686147725],[20.580687290130925,78.94732615835223],[20.590815870860126,78.9507368028835],[20.720317010183578,78.9067084825708],[21.089596795341294,78.85265493439353],[21.3122188656547,78.7958366970886],[21.352526482842364,78.7720397000182],[21.38880333831125,78.74041372345557],[21.243902622164825,78.69943431264811],[21.096314731539252,78.67628327098136],[20.91606733570518,78.67434540477039],[20.909246046642664,78.6785570340022],[20.801242303152634,78.7193297390805],[20.588852166433043,78.72020823842944]]]},"properties":{"scalerank":3,"featurecla":"Glaciated Areas","min_zoom":2.1}},{"type":"Feature","geometry":{"bbox":[14.533769565497378,76.59710785593397,18.380821567465887,78.05490001088772],"type":"Polygon","coordinates":[[[17.592342563556485,77.45852814402336],[17.592342563556485,77.45852814402336],[17.592342563556485,77.45852814402336],[17.48464887866021,77.32246409779886],[17.45881066251428,77.24097036407456],[17.442480909910046,77.22526072865783],[17.348636508867997,77.15689280873569],[17.152576124752642,77.04894074167795],[17.187922804440262,77.01064850534969],[17.249004347409283,76.9692040066516],[17.1420341325651,76.89494497344818],[16.976669549231104,76.81164256459367],[16.979873488033206,76.77939647084357],[17.035580682043843,76.72038198516624],[17.06265913256476,76.6589903836035],[16.93512169766842,76.6061770698012],[16.85595340339728,76.59710785593397],[16.60609785326608,76.648810126442],[16.37587934740577,76.67289134389002],[16.322445916415973,76.71774648711936],[16.113466424227653,76.78515839304409],[16.044220004956543,76.83913442657295],[16.05042117683155,76.91173981394304],[16.101890903394263,76.94398590769318],[16.15718468594656,76.91664907501077],[16.275317010165793,76.93783641225043],[16.318621860426394,76.95695669219843],[16.338052198968114,77.00181183542777],[16.308803338290915,77.01183706329239],[15.84821129727345,77.11803213165219],[15.734109734773,77.07289276804524],[15.681606479564463,77.02212067331847],[15.586366814850521,77.01803823516742],[15.46637413906882,77.0525580919384],[15.390099725005996,77.09632803008962],[15.34788007982354,77.14459381785024],[15.117713250395525,77.13508535430852],[14.717117547268941,77.17076793080606],[14.533769565497378,77.25440623647044],[14.576092563544421,77.29714264597582],[14.712725050524114,77.36654409454381],[14.725437452867936,77.43855520294254],[14.776183709378559,77.48687266713544],[14.9221179541708,77.46710643178379],[14.965319451566813,77.48410797800783],[15.074356723702664,77.48059398061197],[15.356355014719414,77.51749095326839],[15.458105909902116,77.46292064076816],[15.557634718496248,77.48403046335939],[15.595151808340146,77.50824087188813],[15.6724080746165,77.5149071316538],[15.827902459382754,77.39884186472624],[15.999984978914682,77.34153270131456],[16.105714959383874,77.34220449493435],[16.092692498446297,77.3909353705856],[16.21165164558221,77.46085358347649],[16.44135338711959,77.49346141225267],[16.52274376797928,77.59397207306036],[16.501659783604197,77.64936920847724],[16.523984002354297,77.70037384714932],[16.553956333083562,77.71329295522229],[16.596331007562895,77.719261583152],[16.656740756912114,77.685801093243],[16.68733320482889,77.62249746368546],[16.753944126053113,77.60301544871142],[16.825154249751336,77.60348053660205],[16.879621209386954,77.6394990099095],[16.908870070064154,77.70313853627694],[16.997340122147847,77.75081004506619],[17.054132521236625,77.73582387970156],[17.09800581225241,77.66895457631587],[17.15717532722661,77.67272695587316],[17.158932325924525,77.73685740834739],[17.123327264075442,77.79352061635542],[17.054959344153275,77.81669749623832],[17.05025678881472,77.88196483022297],[17.08281294115861,77.90831981069182],[17.172626580481875,77.93281443959818],[17.299543898190734,77.89472890899906],[17.553585239337565,77.92012787547051],[17.655181105223395,77.97089997019727],[17.769489373453013,77.95823924428576],[17.848450961995013,78.01257701284068],[18.021670363037373,78.05490001088772],[18.09396569181368,78.05458995229397],[18.173030633220264,78.01668528920787],[18.17628624845466,77.97105499949414],[18.345164829184483,77.87728811310056],[18.380821567465887,77.77773346629026],[18.35601687996578,77.68290721303468],[18.275091586996695,77.59309357371139],[18.20222781746517,77.55723012970084],[17.735176222411212,77.49979177520841],[17.592342563556485,77.45852814402336]]]},"properties":{"scalerank":3,"featurecla":"Glaciated Areas","min_zoom":2.1}},{"type":"Feature","geometry":{"bbox":[89.90121056514784,81.06383779573049,91.56715538937323,81.2136994493769],"type":"Polygon","coordinates":[[[91.56715538937323,81.14119741487143],[91.56715538937323,81.14119741487143],[91.56715538937323,81.14119741487143],[91.2228869974448,81.06383779573049],[89.9758313333773,81.11313711213693],[89.91940066931458,81.14874217398604],[89.90121056514784,81.17070465771009],[90.06988244014849,81.2136994493769],[91.10899214067348,81.19912669547061],[91.4778585143729,81.18393382437682],[91.56715538937323,81.14119741487143]]]},"properties":{"scalerank":4,"featurecla":"Glaciated Areas","min_zoom":3}},{"type":"Feature","geometry":{"bbox":[78.97763960156246,80.81204437938834,79.99370161328528,80.9753677436468],"type":"Polygon","coordinates":[[[79.95628787630596,80.96728038199312],[79.95628787630596,80.96728038199312],[79.95628787630596,80.96728038199312],[79.99370161328528,80.87330678987034],[79.97825036002999,80.84625417756554],[79.09856245312545,80.81204437938834],[79.00688846223966,80.83480784781291],[78.97763960156246,80.8482437202088],[79.10982791536506,80.92358795849033],[79.21741824739675,80.96032990184987],[79.8066329283887,80.9753677436468],[79.95628787630596,80.96728038199312]]]},"properties":{"scalerank":4,"featurecla":"Glaciated Areas","min_zoom":3}},{"type":"Feature","geometry":{"bbox":[92.34478234250133,80.00989695913772,97.41703087767789,80.84374787059939],"type":"Polygon","coordinates":[[[96.4606034688199,80.80462881135445],[96.4606034688199,80.80462881135445],[96.4606034688199,80.80462881135445],[97.06893842975984,80.64456106233037],[97.12237186074964,80.61735342072869],[97.11307010293709,80.614046129062],[97.02542687377007,80.53554962841066],[97.07255578002025,80.51989166942623],[97.11503380736417,80.49658559846262],[97.25021935423973,80.36300202098812],[97.28680626830237,80.34251231558436],[97.41703087767789,80.32315949169107],[97.29838178913573,80.27274913199037],[97.17518517455193,80.24101980256312],[95.85578250527581,80.17694102652122],[94.96136681516808,80.15040517853932],[94.66123009641686,80.12280996369547],[94.56500857948939,80.12606557892987],[94.3284338724572,80.07604279247131],[93.87233768104913,80.01012950308304],[93.76293867388722,80.00989695913772],[93.71854861854852,80.0215241564034],[93.58475833534486,80.15794993765395],[93.06577192583757,80.17231598583108],[92.82930057166996,80.19841258413847],[92.63747765500253,80.24740184195117],[92.7222270039612,80.26559194611791],[92.64765791216402,80.35083222118335],[92.41010135291828,80.3721229112876],[92.34478234250133,80.43617584911338],[92.56885135291891,80.4500768093999],[92.7507523945863,80.51524079051997],[92.80702802935215,80.50092641877511],[92.87756635943057,80.52797903107991],[92.93513390500371,80.61089386669222],[93.24209191281746,80.707528795078],[94.12379520058138,80.79682567007839],[94.90555626829283,80.84374787059939],[96.4606034688199,80.80462881135445]]]},"properties":{"scalerank":3,"featurecla":"Glaciated Areas","min_zoom":2.1}},{"type":"Feature","geometry":{"bbox":[96.27673872272541,79.79068553335559,98.0178210795032,80.16828522411232],"type":"Polygon","coordinates":[[[96.63278934121641,80.09443960236722],[96.63278934121641,80.09443960236722],[96.63278934121641,80.09443960236722],[96.82326867064427,80.09443960236722],[96.92682824095718,80.13965648062265],[97.12051150918711,80.15304067658623],[97.58683963418899,80.16828522411232],[97.67448286335599,80.15825999624771],[97.90361616413816,80.09500804312243],[98.0178210795032,80.02286774364298],[97.90671675007567,80.003747463695],[97.80791141153361,79.95630849885104],[97.75995568236675,79.89584707306956],[97.66900516153305,79.86478953726215],[97.43294721882378,79.86587474234027],[97.1856238138749,79.82096792267863],[96.81706749876923,79.79068553335559],[96.42091596881974,79.83510142691047],[96.33890547077254,79.86406606721006],[96.27673872272541,79.91589752879882],[96.30237023314217,80.05340851512749],[96.63278934121641,80.09443960236722]]]},"properties":{"scalerank":4,"featurecla":"Glaciated Areas","min_zoom":3}},{"type":"Feature","geometry":{"bbox":[94.81264204303204,79.7717202827045,95.85867638548417,79.98359365510116],"type":"Polygon","coordinates":[[[95.65269412636876,79.7717202827045],[95.65269412636876,79.7717202827045],[95.65269412636876,79.7717202827045],[95.09861941933528,79.79574982372021],[94.81264204303204,79.87719188101221],[94.87093305865729,79.96276805288754],[95.29798709511732,79.98359365510116],[95.79511437376516,79.93599966096035],[95.85867638548417,79.86690827098612],[95.8335616393903,79.80432811148064],[95.65269412636876,79.7717202827045]]]},"properties":{"scalerank":4,"featurecla":"Glaciated Areas","min_zoom":3}},{"type":"Feature","geometry":{"bbox":[97.29972537637533,78.79126333283078,99.9293323099796,79.97385264761415],"type":"Polygon","coordinates":[[[99.78484500529152,79.74448680288667],[99.78484500529152,79.74448680288667],[99.78484500529152,79.74448680288667],[99.76810184122897,79.66950429963116],[99.77244266154149,79.57565989858911],[99.7710990743019,79.5677275662323],[99.74887820841639,79.51519847280763],[99.72117964070793,79.4918407254117],[99.70629682820788,79.46347036408345],[99.72159305216627,79.38512889272899],[99.6806653177911,79.3233238797079],[99.53731489461344,79.27658254669988],[99.38776329956076,79.27474803335353],[99.16710493367448,79.30632233348388],[99.10436974487214,79.30539215770263],[99.04173790893438,79.29304149038485],[99.31737999877924,79.22717987742887],[99.51726443888421,79.13015737580086],[99.75084191284347,79.10767812775391],[99.81461063029164,79.09584422475906],[99.89967003784406,79.00639232046184],[99.9293323099796,78.96140798615177],[99.5408288920093,78.85273244904194],[99.43954308471723,78.8342064480653],[98.81952925007936,78.81823843048711],[98.45758751830704,78.79126333283078],[98.41180219929646,78.82934886342987],[98.12892540893074,78.91084259715417],[98.05523481648251,79.0149706082223],[98.16251508992045,79.11083039012372],[98.24090823770725,79.12788361278002],[98.27677168171778,79.24203685171277],[98.16303185424337,79.3544330919476],[97.98371463419056,79.41499787059367],[97.7482768086688,79.43835561798961],[97.47459842325102,79.49008372671378],[97.3342452331463,79.53860789663584],[97.29972537637533,79.57478139924017],[97.33140302937025,79.67544708934473],[97.39305301309447,79.69616933869376],[98.06153934122213,79.80236440705356],[98.22659386596237,79.80236440705356],[98.44435835164032,79.77730133739202],[98.58863895059923,79.78965200470977],[98.68945967000067,79.89822418895498],[98.81756554565223,79.93351919221034],[99.11098432820549,79.97385264761415],[99.20379520060169,79.93372589793951],[99.5568485860198,79.90948965119462],[99.69658165893699,79.88117096629868],[99.8282532084167,79.8027778185119],[99.78484500529152,79.74448680288667]]]},"properties":{"scalerank":3,"featurecla":"Glaciated Areas","min_zoom":2.1}},{"type":"Feature","geometry":{"bbox":[92.74661828000296,79.82776337352503,93.47050174354752,79.97969208446314],"type":"Polygon","coordinates":[[[92.7648083841697,79.93853180614265],[92.7648083841697,79.93853180614265],[92.7648083841697,79.93853180614265],[92.85245161333671,79.96095937775733],[92.86247684120133,79.97969208446314],[93.41830854693275,79.94504303661144],[93.45448204953703,79.93109039989262],[93.47050174354752,79.91667267528318],[93.44549035031824,79.88447825796534],[93.25852501828626,79.84205190705372],[92.9148767435453,79.82776337352503],[92.8193786966699,79.84375722931937],[92.74661828000296,79.90396027293939],[92.7648083841697,79.93853180614265]]]},"properties":{"scalerank":4,"featurecla":"Glaciated Areas","min_zoom":3}},{"type":"Feature","geometry":{"bbox":[94.25019575396729,79.1207781033399,97.01938073119192,79.77143606232688],"type":"Polygon","coordinates":[[[96.47011193236159,79.39205353465609],[96.47011193236159,79.39205353465609],[96.47011193236159,79.39205353465609],[96.96574059447295,79.30348012970781],[97.01938073119192,79.27120819774153],[97.00713341673875,79.17516754832708],[96.87174116413405,79.15196483022804],[96.21560550332414,79.1207781033399],[95.94001508991155,79.12682424591806],[95.54376020709748,79.16736440705101],[95.15474002480425,79.16514232046246],[95.12466434121038,79.17948253042347],[94.7099609720681,79.20669017202515],[94.61637495318753,79.23674001740285],[94.55508670448936,79.35841217723409],[94.58170006711968,79.40233714468216],[94.78546023964654,79.51561188426597],[94.79114464719862,79.56640981720888],[94.61663333534898,79.6342092963758],[94.57141645709359,79.68208751089422],[94.51317711790065,79.67916779246973],[94.51136844277042,79.62294383413617],[94.45225060422854,79.55101024038588],[94.37153201698862,79.5349905463754],[94.32140587766551,79.54837474233899],[94.31463626503526,79.69968333608962],[94.25019575396729,79.71311920848551],[94.3500346211552,79.77143606232688],[94.78830244342257,79.75898204214452],[94.87744428912607,79.71451447215738],[95.02389529824123,79.67343170848532],[95.38893761595102,79.65069407827691],[95.50955040892026,79.55674632437028],[95.59367964069142,79.53721263296397],[95.6695406432959,79.55323232697445],[95.87810672402588,79.5522504747609],[96.04812218626617,79.52243317332848],[96.39962527871549,79.43543589956512],[96.47011193236159,79.39205353465609]]]},"properties":{"scalerank":5,"featurecla":"Glaciated Areas","min_zoom":5}},{"type":"Feature","geometry":{"bbox":[101.74782596233064,79.04365102814428,102.23043216350445,79.15364431427754],"type":"Polygon","coordinates":[[[102.15116051636869,79.04365102814428],[102.15116051636869,79.04365102814428],[102.15116051636869,79.04365102814428],[101.77500776571614,79.05424469676412],[101.74782596233064,79.10586945262368],[102.2070227396762,79.15364431427754],[102.23043216350445,79.05884389923808],[102.15116051636869,79.04365102814428]]]},"properties":{"scalerank":4,"featurecla":"Glaciated Areas","min_zoom":3}},{"type":"Feature","geometry":{"bbox":[100.96420454305667,78.25636058217758,105.14100385947961,78.93270172801361],"type":"Polygon","coordinates":[[[105.04746951703132,78.66137462026514],[105.04746951703132,78.66137462026514],[105.04746951703132,78.66137462026514],[105.14084883018275,78.62398672150196],[105.14100385947961,78.52797191030366],[105.08622684125024,78.49905894643636],[104.75653120322809,78.42162181264699],[104.65612389528496,78.44038035756894],[104.61762495322753,78.50585439728276],[104.47809858603947,78.58605622019975],[104.34203453981496,78.60037059194458],[104.01042687379802,78.58610789663206],[103.93497928265188,78.60347117788211],[103.8273372741879,78.60062897410604],[103.53800092978571,78.57626353628042],[103.39826785686847,78.54435333934019],[103.31300174358688,78.50549266225671],[103.30028934124309,78.41805613881888],[103.1286202331695,78.42115672475636],[103.05549808147649,78.45087067332419],[102.76698855999095,78.48079132762119],[102.10615034384247,78.49350372996498],[102.0391776875922,78.44968211538149],[101.58494184774665,78.38038401967809],[101.09882164917698,78.25636058217758],[100.96420454305667,78.28757314728189],[101.03334760946319,78.32984446889664],[101.49114912313689,78.49779287384523],[101.66442020061154,78.53556834585059],[101.82854454957052,78.52311432566825],[101.85903364462274,78.61489166941861],[101.79981245321625,78.64470897085103],[101.62628299358013,78.68625682241368],[101.48654992066292,78.67747182892406],[101.36480024618325,78.72483327911955],[101.3080595235268,78.71333527293463],[101.10843346558329,78.77387421336456],[101.0528813008695,78.85038117137266],[101.09143191935927,78.93270172801361],[101.72550174358054,78.92606130646412],[102.15369266155099,78.87619354930247],[102.83044721884536,78.69747060822102],[103.16448367718004,78.7134903022315],[103.23641727093033,78.76568349884629],[103.52130944215543,78.82505971954966],[103.63949344280695,78.87774384227122],[103.75256147666155,78.8793716498884],[103.83452029827649,78.84469676382058],[104.3735054870807,78.72284373647632],[104.58300174359198,78.72284373647632],[104.89719445192657,78.80712799754438],[105.01429324749995,78.76433991160671],[105.00519819541658,78.71225006785649],[105.04746951703132,78.66137462026514]]]},"properties":{"scalerank":4,"featurecla":"Glaciated Areas","min_zoom":3}},{"type":"Feature","geometry":{"bbox":[55.11723554873262,73.08406647408397,55.457679884671506,73.27526927356392],"type":"Polygon","coordinates":[[[55.335568475165786,73.08406647408397],[55.335568475165786,73.08406647408397],[55.335568475165786,73.08406647408397],[55.1517037290713,73.17667064075103],[55.11723554873262,73.23320465767831],[55.31004031761361,73.27526927356392],[55.376599562405545,73.27428742135037],[55.42874108258803,73.26534739856386],[55.457679884671506,73.19783213977455],[55.44067833844747,73.11848297799035],[55.39272260928061,73.08406647408397],[55.335568475165786,73.08406647408397]]]},"properties":{"scalerank":4,"featurecla":"Glaciated Areas","min_zoom":3}},{"type":"Feature","geometry":{"bbox":[53.78615400575856,72.77995067004629,55.341046176988726,73.15486318632385],"type":"Polygon","coordinates":[[[55.24963056826442,72.98608795845858],[55.24963056826442,72.98608795845858],[55.24963056826442,72.98608795845858],[55.341046176988726,72.9548753933543],[55.27412519717075,72.89952993436971],[54.947685174383,72.77995067004629],[54.60145307802745,72.79126780871822],[54.55163699729809,72.79638377551512],[54.49949547711557,72.84583812121845],[54.518254022037524,72.90852163358848],[54.43309126162052,72.956063951297],[54.16396040224444,72.90624787056764],[53.89183230979543,73.03326854114106],[53.78615400575856,73.06060537382346],[53.82589318219101,73.12235871041226],[54.043916050030425,73.05900340442243],[54.42549482607362,73.15486318632385],[54.66449832542352,73.13042023384979],[54.745992059147824,73.09375580513871],[54.78376753115316,73.03099477812022],[54.85265221539825,73.0063967963493],[54.96411827985182,73.03326854114106],[55.24963056826442,72.98608795845858]]]},"properties":{"scalerank":4,"featurecla":"Glaciated Areas","min_zoom":3}},{"type":"Feature","geometry":{"bbox":[137.67090457575557,67.6482742377341,138.04793582575707,67.83048533799526],"type":"Polygon","coordinates":[[[137.97558882054847,67.79849762640659],[137.97558882054847,67.79849762640659],[137.97558882054847,67.79849762640659],[138.02333784398616,67.7799457872138],[138.04793582575707,67.73012970648445],[137.97434858617345,67.66754954697898],[137.8062968283603,67.6482742377341],[137.69798302627652,67.69359446885407],[137.67090457575557,67.77007558864607],[137.7166898947662,67.83048533799526],[137.90623904841277,67.78619863552113],[137.97558882054847,67.79849762640659]]]},"properties":{"scalerank":5,"featurecla":"Glaciated Areas","min_zoom":5}},{"type":"Feature","geometry":{"bbox":[55.09113895042524,73.41427887642904,68.06388716011256,76.94486440704212],"type":"Polygon","coordinates":[[[66.28942182807421,76.18764964466932],[66.28942182807421,76.18764964466932],[66.28942182807421,76.18764964466932],[66.36931359239745,76.10687938099711],[66.3084387551576,75.98807526315811],[66.2823938332825,75.98368276641328],[65.9593127785937,75.94515798613972],[65.91616295763001,75.98484548613986],[65.73390018093656,76.01797007923894],[65.7393778827595,75.91893219675156],[65.6191785012486,75.90461782500672],[65.51127811062318,75.88777130807958],[65.50926272976378,75.8895799832098],[65.38043338406015,75.97143545196012],[65.30446902859109,75.94146312123083],[65.27294640489305,75.85061595326171],[65.20152957546568,75.83945384388666],[64.86511600124558,75.80175588652973],[64.85519412624555,75.81485586211575],[64.71318729030747,75.9088294542385],[64.65810021348435,75.91536652292343],[64.55262861517662,75.9034809434963],[64.45072269069706,75.74646210397744],[64.26256880072233,75.71969371205024],[64.08273481634663,75.70214956328718],[64.0644930357476,75.71310496693305],[63.82724653509562,75.79997304961567],[63.72596072780354,75.81232371693343],[63.641831496032346,75.80612254505841],[63.57899295436544,75.77865652129528],[63.26169966009335,75.7776488308656],[63.0953015481135,75.68576813425064],[63.00667646673295,75.56980622018769],[62.52257164902267,75.49668406849467],[62.42743533717333,75.54360626901568],[62.242898797459056,75.57621409779186],[62.00218997584349,75.54370962188027],[61.94198693222347,75.55549184844283],[61.9272591490203,75.48547028268733],[61.976506788994435,75.43317373320797],[61.986428663994474,75.40857575143703],[61.72773644394136,75.34643484160604],[61.56252688990424,75.41304576283027],[61.463463169200736,75.38087718372857],[61.424292433523476,75.34950958932741],[61.28931359237711,75.3409571397831],[61.009434035084325,75.35736440703577],[61.11165001815766,75.23794017200926],[61.11836795435559,75.21453074818105],[60.93564008977154,75.16368113880584],[60.82918663925028,75.11081614857126],[60.71921919133317,75.0685965033888],[60.6674394061767,75.05758942331063],[60.6102852720619,75.09681183542017],[60.45287885930085,75.16784109160533],[59.96639692570514,75.20553904896225],[59.85405236190263,75.15688568795944],[59.82893761580877,75.11234060332386],[59.82309817895978,75.05696930612312],[59.863095737553685,75.00480194772449],[59.710495232995804,74.94627838815394],[59.21967247908759,74.91553091094026],[59.149495884035225,74.89062287057557],[59.116784702394455,74.83941152617435],[59.11585452661322,74.77455760364805],[59.02707441593578,74.74897776966357],[58.856438836508005,74.77693471953346],[58.692676222575045,74.7426990831401],[58.547052036376556,74.68998912220239],[58.226141391844045,74.6597325710955],[58.13105675642697,74.63340342884278],[58.12475223168739,74.58102936471498],[57.97551069522845,74.52506378854288],[57.941610955644954,74.47969188099061],[57.96827599470757,74.43160696074303],[57.92796837751991,74.38667430286525],[57.728238966711814,74.32445587838582],[57.482207472570224,74.30665334746128],[57.42029910668456,74.27923900013043],[57.42588016137208,74.05108755156179],[57.450839878169056,74.00209829374911],[57.34645348493948,73.94918162708224],[57.14362348819387,73.88370758736842],[57.00394209170892,73.86448395455584],[56.932266880120096,73.92246491158734],[56.85640587751564,73.95344493274631],[56.721116977775495,73.9624366319651],[56.678638950431576,73.90954580351438],[56.737963494702655,73.86094411894386],[56.95443606957332,73.84464020455577],[56.96689008975565,73.77490285917789],[56.90921919131793,73.74245005969858],[56.72292565290573,73.69289236113069],[56.608927443269835,73.70710338001096],[56.53947431826958,73.67317780221133],[56.539370965405,73.59571483020581],[56.493430617097516,73.51318756783569],[56.39049116397209,73.44471629504896],[56.269051548086196,73.41427887642904],[56.13572635277316,73.41427887642904],[56.0286011086321,73.4279214545541],[55.965297479074565,73.48321523710642],[55.77140750511546,73.51432444934612],[55.69182579938598,73.51432444934612],[55.599118279854345,73.45236440702816],[55.11423831565969,73.52628754342167],[55.09113895042524,73.57935923938543],[55.12426354352434,73.61607534452882],[55.26880252464469,73.63560903593513],[55.4899776548539,73.63439463977629],[55.53958702985412,73.68539927844837],[55.40600345237962,73.80231720650873],[55.272419874905125,73.85053131783705],[55.267562290269694,73.91404165312376],[55.31112552269175,73.93721853300667],[55.45333906435897,73.96117055937394],[55.46486290876007,74.0108574490226],[55.58273685081784,74.07273997669209],[55.699060499906835,74.08131826445255],[55.97408247256419,74.05604848906184],[56.09924279157511,74.13335643177048],[56.13252241397106,74.17624787057271],[56.09361006045529,74.21322235787757],[55.92695356631398,74.18746165638005],[55.86235802594916,74.19965729440095],[55.83326419456884,74.25371084257823],[55.706398553292274,74.3207351752608],[55.756731398344556,74.41194407825596],[55.98963707868404,74.43633535429773],[56.07097578311144,74.48077708606873],[56.078365512929196,74.48129385039165],[56.137069940012765,74.49607331002711],[56.100224643788636,74.50503917102976],[56.07040734235625,74.55126373971486],[56.156603631419074,74.64009552682457],[56.37472985212307,74.68278025989765],[56.4935339699621,74.73528351510622],[56.47244998558702,74.79791535104395],[56.516943393790314,74.86261424427339],[56.61300988142091,74.88561025664326],[56.63057986840013,74.94901723906538],[56.544745314363354,74.97227163359675],[56.542833286368534,75.0590880398471],[56.8387325376718,75.11536367461294],[56.93490237816698,75.10567434355823],[57.13778405134488,75.05102651640955],[57.19044233585029,75.05505727812833],[57.22997480655357,75.06632274036794],[57.26532148624122,75.13060822213903],[57.23354048038172,75.19112132435284],[57.310486688064316,75.21933665638419],[57.43280480329918,75.17649689401422],[57.47512780134622,75.11660390898795],[57.44608564639819,75.076244615368],[57.49533328637235,75.00965953235992],[57.65584028507093,75.00226980254216],[57.77655643090472,75.01699758574536],[57.8130399921028,75.07621877715185],[57.97489057804095,75.16334524199594],[57.98150516137429,75.24145416940512],[57.90052819197294,75.26491526966562],[57.901923455644805,75.34217153594199],[58.121651645749864,75.39436473255675],[58.1626310565573,75.45126048451012],[58.22975874210445,75.46167328561692],[58.286447788328644,75.40594025339014],[58.41662072127186,75.36604604766082],[58.61908898299143,75.32956248646276],[58.7420272154138,75.33199127878048],[58.77406660343476,75.36397899036915],[58.785177036377526,75.41369171823392],[58.743215773356525,75.45658315703618],[58.8030570819505,75.55326976185428],[58.76709028507537,75.59926178659403],[58.67929202661147,75.56244232858607],[58.62689212426749,75.60468781198469],[58.67867190942396,75.64608063425048],[58.72151167179393,75.74524770781859],[59.104227329347545,75.76374787057908],[59.20225752140521,75.83397614206372],[59.2583264504419,75.89459259714211],[59.34658979679642,75.90704661732444],[59.78191206242318,75.94585561797562],[59.96370975122597,75.97301158314501],[60.063548618413876,75.9244098985745],[60.129849481044346,75.9098888211005],[60.26007409041986,75.97965200469453],[60.41226118351943,75.97314077422574],[60.58072635279095,75.92885407175162],[60.688626743416364,75.92885407175162],[60.761077101489576,75.95838715280642],[60.79621707544806,76.0176083442129],[60.90194705591722,76.05525462513752],[61.02969119654273,76.04832998321042],[61.08669030136068,76.00600698516338],[61.169682651621436,76.01365509714257],[61.2207906431581,76.08923187936945],[61.36631147649201,76.14452566192175],[61.79713789250934,76.12904857045034],[61.864523960217944,76.16661733672653],[62.47714806503811,76.1553001980546],[62.565514764257216,76.18299876576303],[62.67909956243474,76.18346385365366],[62.93727501816497,76.1406240912837],[63.0089502297538,76.09633738880957],[63.08879031764474,76.10532908802837],[63.11054609563963,76.17710765248178],[63.18056766139509,76.20775177683085],[63.33342654811445,76.19555613880998],[63.400037469338685,76.25276194935707],[63.55170779811534,76.28552480743012],[63.811795281840325,76.25379547800291],[64.00098270046087,76.26888499623213],[64.19704308457625,76.32257680938339],[64.54094974147867,76.3556497260502],[64.6487467792395,76.34629629180536],[64.73540815619299,76.36776784942263],[64.78672285345883,76.42003856068585],[64.92971154161043,76.44308624948805],[65.62506961452988,76.51755198842064],[65.90556928901017,76.52457998321232],[65.97295535671876,76.56385407175414],[65.98845828640634,76.6410586615982],[66.04922977078158,76.70071910267917],[66.22808190294376,76.7561937527445],[66.35701460151196,76.75696889922888],[66.47204633979368,76.80849030222389],[66.83192101427429,76.89267121042735],[67.1459070168797,76.91484039988056],[67.45270999539656,76.9044534369899],[67.79403283068439,76.86373240834389],[67.823178338497,76.90011261667736],[67.90544721870566,76.94486440704212],[68.05406863797708,76.9145820177191],[68.06388716011256,76.85236359323967],[67.99686282743,76.82688711211979],[67.98859459826329,76.76229157175494],[68.01091881701339,76.66581167266601],[67.91009809761192,76.54212413197543],[67.43632856636003,76.45280141875891],[67.36413659044828,76.40071157500871],[66.65265547065377,76.35642487253456],[66.53023400255432,76.31591054961775],[66.28942182807421,76.18764964466932]]]},"properties":{"scalerank":3,"featurecla":"Glaciated Areas","min_zoom":2.1}},{"type":"Feature","geometry":{"bbox":[83.3490523619966,43.896545722014096,84.01092410679092,44.252131252614475],"type":"Polygon","coordinates":[[[83.63482303257067,43.907371934579245],[83.63482303257067,43.907371934579245],[83.63482303257067,43.907371934579245],[83.57394819533084,43.932615871753825],[83.49602013543469,43.99338735612906],[83.42584354038235,44.01829539649374],[83.37752607618944,44.08196076107734],[83.3490523619966,44.183091539072535],[83.36713911329878,44.23916046810922],[83.41721357618961,44.252131252614475],[83.45803795770018,44.229083563812296],[83.53467410678903,44.08893707943673],[83.60960493361225,44.059946600920995],[83.83124515171207,44.04537384701469],[83.88545372918625,44.082580878264835],[83.94384809767607,44.09436310482738],[84.0002270853065,44.07829173438461],[84.01092410679092,44.04837108008762],[83.89940636590507,43.98860728614207],[83.82530236199852,43.90773366960528],[83.71693688348245,43.896545722014096],[83.63482303257067,43.907371934579245]]]},"properties":{"scalerank":5,"featurecla":"Glaciated Areas","min_zoom":5}},{"type":"Feature","geometry":{"bbox":[88.12333458857822,43.743583482430154,88.60671593623638,43.90783702246986],"type":"Polygon","coordinates":[[[88.60671593623638,43.78890371355013],[88.60671593623638,43.78890371355013],[88.60671593623638,43.78890371355013],[88.56516808467373,43.754900621102074],[88.17098025915132,43.743583482430154],[88.12333458857822,43.82311351172734],[88.2029162943077,43.872102769540035],[88.31329715368312,43.90783702246986],[88.5653747904029,43.84130361589408],[88.60671593623638,43.78890371355013]]]},"properties":{"scalerank":5,"featurecla":"Glaciated Areas","min_zoom":5}},{"type":"Feature","geometry":{"bbox":[84.76684695835644,43.40665314388713,85.33043012893162,43.69764313412267],"type":"Polygon","coordinates":[[[84.79609581903364,43.443059190436756],[84.79609581903364,43.443059190436756],[84.79609581903364,43.443059190436756],[84.77645877476274,43.49610504818436],[84.80302046096077,43.602403469408756],[84.76684695835644,43.67996979427885],[84.8009534036691,43.69764313412267],[84.83619673049213,43.66715403907047],[84.97944380080523,43.63255666765106],[85.01184492385221,43.66736074479964],[85.09607750848798,43.67810944271635],[85.15690066929551,43.65777476660949],[85.33043012893162,43.51762828223393],[85.32515913283785,43.4580453558014],[85.2562227721605,43.44324005794978],[85.11721316929537,43.46827728939519],[85.0056954284095,43.462618720059226],[84.93965294794046,43.417040106777804],[84.8644637389558,43.40665314388713],[84.82720503127337,43.42334463151741],[84.79609581903364,43.443059190436756]]]},"properties":{"scalerank":5,"featurecla":"Glaciated Areas","min_zoom":5}},{"type":"Feature","geometry":{"bbox":[77.09325849803929,42.879062608403245,77.57338423046309,43.17472931576121],"type":"Polygon","coordinates":[[[77.4841907083273,43.13695384375585],[77.4841907083273,43.13695384375585],[77.4841907083273,43.13695384375585],[77.54511722199945,43.17472931576121],[77.57338423046309,43.142379869146495],[77.48853152863984,43.08168589941968],[77.31825768423812,43.002285061203224],[77.25908816926392,42.90459076595543],[77.20348432811787,42.879062608403245],[77.13702843619052,42.89838959408041],[77.09325849803929,42.96531057389839],[77.1021985208258,43.0158242864637],[77.14953413280514,43.02052684180225],[77.19144371939385,43.04830292415913],[77.21728193553982,43.09742137305257],[77.26487592968061,43.126825263026646],[77.36078738801433,43.14517039649026],[77.4841907083273,43.13695384375585]]]},"properties":{"scalerank":5,"featurecla":"Glaciated Areas","min_zoom":5}},{"type":"Feature","geometry":{"bbox":[79.45290774935083,41.801634833333836,80.09188683463984,42.41314789485972],"type":"Polygon","coordinates":[[[80.07772749219185,42.35485687923449],[80.07772749219185,42.35485687923449],[80.07772749219185,42.35485687923449],[80.06997602734808,42.28447357845296],[79.99974775586341,42.23956675879131],[80.0036751647176,42.1860041367208],[80.06945926302517,42.16461009375196],[80.09188683463984,42.12419912369971],[80.02780805859791,42.0529890000015],[80.06925255729598,41.92415965429787],[80.03747155143648,41.846257432617875],[79.96672651562892,41.801634833333836],[79.89324262890986,41.81336538346409],[79.83257449739921,41.87387848567788],[79.75149417513327,42.005239976563814],[79.5001916848979,42.001235053061194],[79.45290774935083,42.06110219987133],[79.75216596875305,42.31558279069266],[79.94031985872778,42.41314789485972],[80.02491417838957,42.40764435482063],[80.05529992057717,42.38521678320597],[80.07772749219185,42.35485687923449]]]},"properties":{"scalerank":3,"featurecla":"Glaciated Areas","min_zoom":2.1}},{"type":"Feature","geometry":{"bbox":[78.24125044140325,41.9255290797536,78.9144393248695,42.36059296321889],"type":"Polygon","coordinates":[[[78.8636413919266,42.36059296321889],[78.8636413919266,42.36059296321889],[78.8636413919266,42.36059296321889],[78.87294314973911,42.269823309898214],[78.65032107942574,42.14192413997583],[78.70297936393115,42.08942088476728],[78.85433963411404,42.12298472754085],[78.9144393248695,42.078181260743804],[78.83408247265564,42.0529890000015],[78.76220055533764,41.95968720149854],[78.70122236523324,41.9255290797536],[78.62799686067564,41.9385773789073],[78.59275353385257,41.96407969824334],[78.58004113150878,42.02756419531392],[78.5253157897117,42.06275584570467],[78.40077558788826,42.086837063152686],[78.28016279491905,42.0740729843766],[78.24125044140325,42.11401886653822],[78.45632775260206,42.22750031185117],[78.58944624218591,42.2813471542993],[78.65621219270702,42.26886729590081],[78.7942399433586,42.34640778255476],[78.8636413919266,42.36059296321889]]]},"properties":{"scalerank":5,"featurecla":"Glaciated Areas","min_zoom":5}},{"type":"Feature","geometry":{"bbox":[77.38796919139983,41.817189439453685,77.76308841340656,42.01482595475397],"type":"Polygon","coordinates":[[[77.6864522643177,41.92638174088643],[77.6864522643177,41.92638174088643],[77.6864522643177,41.92638174088643],[77.74820560090649,41.948344224610466],[77.76308841340656,41.90772654882906],[77.68671064647916,41.85496491145905],[77.57922366731208,41.817189439453685],[77.44595014843134,41.82395905208392],[77.40099165233741,41.88940725358158],[77.38796919139983,41.93950755468856],[77.46935957225955,42.00162262630339],[77.52222456249415,42.01482595475397],[77.59731041861423,41.994026190756486],[77.63234703970814,41.94679393164171],[77.6864522643177,41.92638174088643]]]},"properties":{"scalerank":5,"featurecla":"Glaciated Areas","min_zoom":5}},{"type":"Feature","geometry":{"bbox":[78.1932947122364,41.69735179296883,78.49756554557095,41.994232896485656],"type":"Polygon","coordinates":[[[78.1932947122364,41.77380707454466],[78.1932947122364,41.77380707454466],[78.1932947122364,41.77380707454466],[78.23670291536158,41.89162934017014],[78.31892011913794,41.994232896485656],[78.39963870637787,41.983561713217384],[78.46624962760208,41.93816396744897],[78.49756554557095,41.829824327149055],[78.42449507031026,41.7643244492191],[78.2364962096324,41.69735179296883],[78.1932947122364,41.77380707454466]]]},"properties":{"scalerank":5,"featurecla":"Glaciated Areas","min_zoom":5}},{"type":"Feature","geometry":{"bbox":[76.46420128775031,41.85354380957102,76.83699507030389,41.98498281510541],"type":"Polygon","coordinates":[[[76.705995314444,41.85607595475332],[76.705995314444,41.85607595475332],[76.705995314444,41.85607595475332],[76.53169070832351,41.85354380957102],[76.48316653840143,41.88780528418053],[76.46420128775031,41.94227224381618],[76.48389000845353,41.977593085287666],[76.56228315624028,41.9656299912121],[76.80784956249127,41.98498281510541],[76.83699507030389,41.894213161784734],[76.705995314444,41.85607595475332]]]},"properties":{"scalerank":5,"featurecla":"Glaciated Areas","min_zoom":5}},{"type":"Feature","geometry":{"bbox":[77.53317996614001,41.2715379908838,77.87930870963098,41.44336212825428],"type":"Polygon","coordinates":[[[77.71642459504699,41.44336212825428],[77.71642459504699,41.44336212825428],[77.71642459504699,41.44336212825428],[77.81802046093281,41.44336212825428],[77.87930870963098,41.40987580012914],[77.87569135937053,41.33910492610542],[77.78530927929205,41.275026150063496],[77.60418338410904,41.2715379908838],[77.53317996614001,41.34352326106638],[77.62175337108829,41.410470079100506],[77.71642459504699,41.44336212825428]]]},"properties":{"scalerank":5,"featurecla":"Glaciated Areas","min_zoom":5}},{"type":"Feature","geometry":{"bbox":[77.14875898632076,40.92189524999698,77.75673221223465,41.10855052343523],"type":"Polygon","coordinates":[[[77.46217654817099,40.92189524999698],[77.46217654817099,40.92189524999698],[77.46217654817099,40.92189524999698],[77.28492638540985,40.94016286881217],[77.14875898632076,40.98902293554413],[77.34239057811843,41.04803742122145],[77.65389611197384,41.108498847002934],[77.72743167512516,41.10855052343523],[77.75673221223465,41.002665513669186],[77.46217654817099,40.92189524999698]]]},"properties":{"scalerank":5,"featurecla":"Glaciated Areas","min_zoom":5}},{"type":"Feature","geometry":{"bbox":[71.22529625843248,39.49696930598087,71.66072187692382,39.71729177505728],"type":"Polygon","coordinates":[[[71.44269900908441,39.5310757512935],[71.44269900908441,39.5310757512935],[71.44269900908441,39.5310757512935],[71.40301150908425,39.49696930598087],[71.23764692575025,39.50464325617621],[71.22529625843248,39.568437811840525],[71.34017296741732,39.57582754165827],[71.44719485869379,39.60613576919745],[71.5164412779649,39.68393463801287],[71.59752160023086,39.71729177505728],[71.66072187692382,39.684218858390466],[71.63839765817372,39.606109930981305],[71.59126875192354,39.573837999015026],[71.44269900908441,39.5310757512935]]]},"properties":{"scalerank":5,"featurecla":"Glaciated Areas","min_zoom":5}},{"type":"Feature","geometry":{"bbox":[70.39645796090312,39.24476247818038,70.67928307483655,39.60386200617661],"type":"Polygon","coordinates":[[[70.67928307483655,39.5438398300696],[70.67928307483655,39.5438398300696],[70.67928307483655,39.5438398300696],[70.58011600126844,39.42710276952225],[70.52626915882033,39.3079885930895],[70.53608768095577,39.26287506769869],[70.50032758980979,39.24476247818038],[70.44947798043458,39.25290151626635],[70.39645796090312,39.41348602961335],[70.45206180204917,39.4748776311761],[70.43366499215328,39.55334829361131],[70.48420454293472,39.59931448013492],[70.54647464384644,39.60386200617661],[70.61391238798734,39.599624538728676],[70.67928307483655,39.5438398300696]]]},"properties":{"scalerank":5,"featurecla":"Glaciated Areas","min_zoom":5}},{"type":"Feature","geometry":{"bbox":[71.15506798694784,38.06940786391786,73.22977339060196,39.47397329361098],"type":"Polygon","coordinates":[[[71.404561802053,38.43346832941411],[71.404561802053,38.43346832941411],[71.404561802053,38.43346832941411],[71.20385053903135,38.502353013659175],[71.15506798694784,38.56777537694069],[71.16809044788539,38.62188060155029],[71.2041605976251,38.64593598078216],[71.24927412301591,38.626428127591964],[71.27816124866706,38.56811127375059],[71.33795088082877,38.56901561131569],[71.39081587106335,38.63123403579512],[71.39681033720922,38.692212225899524],[71.33562544137564,38.737816677397106],[71.42047814319889,38.80029348403798],[71.60909712106422,38.74037466079555],[71.72175174346052,38.73177053481895],[71.74128543486685,38.75127838800915],[71.72805626820013,38.824710598295894],[71.55096113473587,38.939819851226034],[71.38988569528209,38.917573147124386],[71.25289147327635,38.87439748794452],[71.19253340035945,38.91067434341342],[71.32565188994332,38.97684601496316],[71.3777934101258,39.06319733332289],[71.56630903512655,39.08242096613546],[71.85972781767983,39.07988882095316],[72.0258675474982,39.10841421157828],[72.11986697783712,39.10464183202096],[72.18187869658735,39.130040798492416],[72.27014204294187,39.1005593938699],[72.35080895374949,39.00508718521067],[72.57151899606808,38.99769745539294],[72.63012007028706,38.951343695627116],[72.64681155791735,38.8990729843639],[72.7677860859126,38.86765371353044],[72.82266645700659,38.882717393543516],[72.84850467315252,38.93188751886923],[72.83630903513165,38.98105764419495],[72.75672732940217,39.00862702082266],[72.58671186716188,39.1101195338439],[72.5663513528389,39.17952098241189],[72.6400419452871,39.21342072199536],[72.63218712757873,39.278429673818536],[72.42052046091123,39.30977143000355],[72.39034142445277,39.336333116201594],[72.40847985218721,39.35780467381885],[72.53245161325543,39.39715627700912],[72.99412885935101,39.47397329361098],[73.12507693877862,39.4697099879469],[73.16652143747672,39.446171373037956],[73.2021264993258,39.41852448176181],[73.22977339060196,39.33356842707397],[73.19577029815392,39.24375478775069],[73.02859703968969,39.19065725357079],[72.98229495635618,39.156628322906585],[72.95960900258004,39.06441172948175],[73.0197603697678,39.010280666656],[73.03226606638242,38.92465281834838],[73.0139726093511,38.821765041655254],[72.93728478382997,38.79127594660305],[72.87232750843907,38.83587270767093],[72.82457848500138,38.82804372817871],[72.80571658721485,38.77370595962381],[72.61911299020889,38.733940944975224],[72.60407514841197,38.665495510404625],[72.68727420440189,38.58586212824285],[72.66241784046949,38.54080027928434],[72.58991580596398,38.495815944974254],[72.54681766143256,38.4437002630079],[72.49968875518238,38.41434804946613],[72.40150353382782,38.408069362942655],[72.29468834828052,38.36411855727842],[72.1612081236706,38.25384105076756],[71.88541100452889,38.20779734959551],[71.71513716012716,38.06940786391786],[71.66005008330403,38.105193793279994],[71.77621870309613,38.26748362889262],[71.82655154814844,38.309909979804246],[71.95067833851351,38.36998383234356],[72.06250613799313,38.3423369410674],[72.09402876169116,38.41210012466142],[72.04596967965972,38.45894481053401],[71.96747317900838,38.47455109308615],[71.84939253122144,38.452278550768355],[71.77590864450241,38.409542141262975],[71.74903689971063,38.4529761826043],[72.05568484893061,38.623818467761225],[72.1077746926808,38.62606639256593],[72.10896325062353,38.684254055326576],[71.99191613148244,38.700428778633935],[71.82190066924215,38.66089630793064],[71.71901289254905,38.62061452895914],[71.48342003773038,38.462562160794434],[71.404561802053,38.43346832941411]]]},"properties":{"scalerank":3,"featurecla":"Glaciated Areas","min_zoom":2.1}},{"type":"Feature","geometry":{"bbox":[71.74986372262728,39.21605622004225,72.14229454945178,39.374392808584545],"type":"Polygon","coordinates":[[[71.9246850930707,39.22210236262039],[71.9246850930707,39.22210236262039],[71.9246850930707,39.22210236262039],[71.861174757784,39.21605622004225],[71.78381513864306,39.22251577407873],[71.74986372262728,39.26434784601901],[71.79099816273163,39.30419037531604],[71.99636030465953,39.36754568130587],[72.08891279489427,39.374392808584545],[72.14229454945178,39.32101105402704],[72.12611982614442,39.263753567047644],[72.01413699736793,39.258947658844505],[71.9246850930707,39.22210236262039]]]},"properties":{"scalerank":5,"featurecla":"Glaciated Areas","min_zoom":5}},{"type":"Feature","geometry":{"bbox":[75.07482872915102,38.395124416653545,75.46400394074112,38.68805227310003],"type":"Polygon","coordinates":[[[75.46400394074112,38.56648346613339],[75.46400394074112,38.56648346613339],[75.46400394074112,38.56648346613339],[75.39682457876168,38.54178213149788],[75.37010786326678,38.4952733424352],[75.38158003123556,38.438584296211005],[75.35072920115732,38.395124416653545],[75.28572024933413,38.402798366848884],[75.23027143748496,38.436517238919336],[75.08914310089585,38.60234691014395],[75.07482872915102,38.66526296645931],[75.11823693227618,38.68805227310003],[75.19626834503691,38.65185293227957],[75.29729577016752,38.651206976875926],[75.37269168488139,38.65629710545667],[75.44529707225146,38.639579779610244],[75.46400394074112,38.56648346613339]]]},"properties":{"scalerank":5,"featurecla":"Glaciated Areas","min_zoom":5}},{"type":"Feature","geometry":{"bbox":[70.88262983590508,37.83699310968517,71.18307661325002,38.2434540878769],"type":"Polygon","coordinates":[[[70.88262983590508,37.867869777979564],[70.88262983590508,37.867869777979564],[70.88262983590508,37.867869777979564],[70.927588331999,37.93321462661264],[70.94614017119179,37.99465790460768],[70.9327042987959,38.057496446274584],[70.95451175322307,38.10560720473832],[71.05295535673909,38.154053860011956],[71.07434939970793,38.21813263605388],[71.11155643095807,38.2434540878769],[71.17423994332812,38.20118276626215],[71.18307661325002,38.1346235214702],[70.9377685891605,37.83699310968517],[70.88262983590508,37.867869777979564]]]},"properties":{"scalerank":5,"featurecla":"Glaciated Areas","min_zoom":5}},{"type":"Feature","geometry":{"bbox":[73.02079389841361,37.89187348077914,73.32170576364919,38.19921906183505],"type":"Polygon","coordinates":[[[73.20197147002892,38.111394965155014],[73.20197147002892,38.111394965155014],[73.20197147002892,38.111394965155014],[73.25602501820624,38.098165798488296],[73.32170576364919,37.99494212498527],[73.2880127297949,37.92140656183395],[73.21127322784147,37.89386302342237],[73.12342329294529,37.89187348077914],[73.04668379099186,37.94729645441217],[73.08037682484616,37.973470567368],[73.07660444528884,38.02421682387862],[73.02079389841361,38.080053208969986],[73.03345462432515,38.157386989894775],[73.13499881377868,38.19921906183505],[73.19649376820598,38.18508555760323],[73.18130089711218,38.14847280532443],[73.20197147002892,38.111394965155014]]]},"properties":{"scalerank":5,"featurecla":"Glaciated Areas","min_zoom":5}},{"type":"Feature","geometry":{"bbox":[72.01424035023251,37.780769151351606,72.64061038604231,38.18720429132719],"type":"Polygon","coordinates":[[[72.2344853046605,37.99711253514154],[72.2344853046605,37.99711253514154],[72.2344853046605,37.99711253514154],[72.24631920765532,38.0348363307146],[72.38016116729128,38.06997630467308],[72.36874067575476,38.115193182928465],[72.40264041533823,38.16356232355366],[72.43834883005194,38.180434678696955],[72.48036176950521,38.18720429132719],[72.54061648955755,38.13777578384001],[72.59957929880255,37.9725145533706],[72.64061038604231,37.92016632745894],[72.59637536000048,37.83688975682058],[72.52867923369811,37.80839020441161],[72.44263797393214,37.79774485935948],[72.26409590036371,37.79999278416419],[72.08953291208178,37.780769151351606],[72.01424035023251,37.86365814874778],[72.05217085153475,37.96189504653462],[72.09862796416513,38.016362006170255],[72.2344853046605,37.99711253514154]]]},"properties":{"scalerank":5,"featurecla":"Glaciated Areas","min_zoom":5}},{"type":"Feature","geometry":{"bbox":[73.58613406768671,37.15788727472152,74.16217125844423,37.38141368260001],"type":"Polygon","coordinates":[[[73.87609052927641,37.20320750584149],[73.87609052927641,37.20320750584149],[73.87609052927641,37.20320750584149],[73.75831994008325,37.15788727472152],[73.60473758331179,37.23669383396661],[73.58613406768671,37.30692210545128],[73.60840661000452,37.32816111912324],[73.67780805857251,37.34128693292537],[73.75217044464051,37.27276398370634],[73.87485029490142,37.265994371076104],[73.96735110870387,37.29307282159705],[74.12961510610035,37.38141368260001],[74.15901899607442,37.3614407415192],[74.16217125844423,37.33356130629774],[73.92657840362557,37.24907033950052],[73.87609052927641,37.20320750584149]]]},"properties":{"scalerank":5,"featurecla":"Glaciated Areas","min_zoom":5}},{"type":"Feature","geometry":{"bbox":[73.04280805856996,37.03210683852309,73.50091963083742,37.30116018325073],"type":"Polygon","coordinates":[[[73.07763797393469,37.154063218731906],[73.07763797393469,37.154063218731906],[73.07763797393469,37.154063218731906],[73.19887088409143,37.22325796157074],[73.44490237823304,37.30116018325073],[73.50091963083742,37.21690176039883],[73.42867597849337,37.12264394789845],[73.25654178252915,37.04554271091898],[73.16259402862252,37.03210683852309],[73.10445804229417,37.040943508445],[73.04280805856996,37.11267039646613],[73.07763797393469,37.154063218731906]]]},"properties":{"scalerank":5,"featurecla":"Glaciated Areas","min_zoom":5}},{"type":"Feature","geometry":{"bbox":[71.63121463408515,36.77227773695955,72.30435184111909,37.17432038019032],"type":"Polygon","coordinates":[[[71.6977222024448,36.79669485121747],[71.6977222024448,36.79669485121747],[71.6977222024448,36.79669485121747],[71.67121219267906,36.909478664694475],[71.63121463408515,36.97647715916089],[71.63700239450185,37.12786326755993],[71.66811160674155,37.17432038019032],[71.74831342965854,37.15352061619285],[71.78634728382536,37.073344631492006],[71.84892744333081,37.04479340265074],[72.20404788604057,37.137190863588614],[72.27970218291588,37.12359996189585],[72.30435184111909,37.08807241469519],[72.02168175648255,36.9500446640436],[71.8472737974975,36.803309434550826],[71.7886210468462,36.77227773695955],[71.6977222024448,36.79669485121747]]]},"properties":{"scalerank":5,"featurecla":"Glaciated Areas","min_zoom":5}},{"type":"Feature","geometry":{"bbox":[71.69167605986664,36.19745494236089,72.98441369008015,36.934645087220616],"type":"Polygon","coordinates":[[[72.72597985218849,36.75879018813137],[72.72597985218849,36.75879018813137],[72.72597985218849,36.75879018813137],[72.68200320830812,36.77418976495436],[72.61642581572971,36.76395783136056],[72.54619754424508,36.697811998026964],[72.48227379750003,36.66990672458935],[72.43292280466127,36.68876862237589],[72.35711347848908,36.66597931573517],[72.25546593617099,36.46498383233593],[72.10302046090996,36.49038279880739],[72.03470421742009,36.45348582615098],[71.99165774932098,36.277889309223205],[71.95543257028436,36.222001247699545],[71.8585909361694,36.19745494236089],[71.69167605986664,36.382869981424136],[71.71255333851255,36.445372626281156],[71.78030114124721,36.461340643859344],[71.8713033385132,36.51800385186739],[72.08214318226405,36.6667286240034],[72.12927208851423,36.7274742701625],[72.21593346546769,36.790235297180985],[72.35819868356724,36.85080007582705],[72.6432458840892,36.934645087220616],[72.92142011911636,36.93355988214249],[72.97350996286656,36.925033270814325],[72.98441369008015,36.8286050481577],[72.91361697784029,36.7973924830534],[72.72597985218849,36.75879018813137]]]},"properties":{"scalerank":3,"featurecla":"Glaciated Areas","min_zoom":2.1}},{"type":"Feature","geometry":{"bbox":[77.23387007030547,36.461676540669245,77.9173942402301,36.804239610332075],"type":"Polygon","coordinates":[[[77.82525516145367,36.804239610332075],[77.82525516145367,36.804239610332075],[77.82525516145367,36.804239610332075],[77.891349318355,36.73364960382138],[77.83130130403183,36.67799408624303],[77.8397245624954,36.61804942478446],[77.9173942402301,36.581126613911906],[77.86127363476112,36.49425853122928],[77.67756391796351,36.461676540669245],[77.48770470572316,36.47079743096876],[77.31531212759748,36.51239695896372],[77.23387007030547,36.56024933526599],[77.23387007030547,36.59833486586511],[77.3043567239516,36.62306203871677],[77.45132449738969,36.627221991516265],[77.55224856965572,36.6632404648237],[77.56527103059327,36.73421804457659],[77.66164757681761,36.78579112400388],[77.82525516145367,36.804239610332075]]]},"properties":{"scalerank":5,"featurecla":"Glaciated Areas","min_zoom":5}},{"type":"Feature","geometry":{"bbox":[87.15254113154307,36.286441758767516,87.49577599482569,36.59259878188071],"type":"Polygon","coordinates":[[[87.47004113154435,36.33770477960104],[87.47004113154435,36.33770477960104],[87.47004113154435,36.33770477960104],[87.25367190953827,36.286441758767516],[87.20297732945994,36.2931855331816],[87.15254113154307,36.3506755641063],[87.1849422545901,36.41353994398936],[87.28576297399152,36.47803213148963],[87.34591434117925,36.55701955824776],[87.4181579935233,36.59259878188071],[87.48073815302877,36.56743235935457],[87.49577599482569,36.507771918273605],[87.47004113154435,36.33770477960104]]]},"properties":{"scalerank":5,"featurecla":"Glaciated Areas","min_zoom":5}},{"type":"Feature","geometry":{"bbox":[76.20333865754094,36.24895050713975,76.49065962108375,36.55425486912014],"type":"Polygon","coordinates":[[[76.3829659361875,36.42687246352067],[76.3829659361875,36.42687246352067],[76.3829659361875,36.42687246352067],[76.46290937694303,36.38439443617675],[76.49065962108375,36.327188625629645],[76.46125573110967,36.260681057270006],[76.39268110545837,36.24895050713975],[76.22576622915562,36.419689439432105],[76.20333865754094,36.48307058363809],[76.21605105988473,36.53536713311746],[76.2392537779838,36.55425486912014],[76.29552941274963,36.52255137790907],[76.3829659361875,36.42687246352067]]]},"properties":{"scalerank":5,"featurecla":"Glaciated Areas","min_zoom":5}},{"type":"Feature","geometry":{"bbox":[79.12972334179744,35.74737905531482,79.94745120638405,36.21786713311619],"type":"Polygon","coordinates":[[[79.12972334179744,36.17978160251708],[79.12972334179744,36.17978160251708],[79.12972334179744,36.17978160251708],[79.1947839700529,36.21786713311619],[79.45802371614772,36.17704275160561],[79.48003787630404,36.130611477191366],[79.54318647656473,36.12792430271219],[79.64075158073177,36.159085191384186],[79.68054243359651,36.08782339125369],[79.63382693880467,36.0143136663185],[79.62881432487237,35.92682546644836],[79.66540123893502,35.88029083916952],[79.71103152864873,35.84548676202096],[79.81180057161788,35.8359524602631],[79.89696333203489,35.906516628557654],[79.94745120638405,35.83807119398706],[79.88404422396194,35.785955512020706],[79.80229210807617,35.75334768324454],[79.65511762890893,35.74737905531482],[79.44035037630388,35.87731944431275],[79.23994917187599,36.05836782484732],[79.20165693554773,36.116917222634015],[79.12972334179744,36.17978160251708]]]},"properties":{"scalerank":5,"featurecla":"Glaciated Areas","min_zoom":5}},{"type":"Feature","geometry":{"bbox":[72.14136437367051,35.767274481747194,72.654718052058,36.19453522393641],"type":"Polygon","coordinates":[[[72.34006025583278,36.19453522393641],[72.34006025583278,36.19453522393641],[72.34006025583278,36.19453522393641],[72.36677697132768,36.12187816013403],[72.31634077341081,35.99870738376636],[72.36956749867144,35.9186347519301],[72.56314741403679,35.964730129534445],[72.61616743356825,35.955790106747955],[72.654718052058,35.928091539039514],[72.63342736195375,35.87336619724242],[72.53482872914086,35.89346832940396],[72.40982343942682,35.79915884047128],[72.30218143096283,35.767274481747194],[72.17841637562381,35.76812714288002],[72.14136437367051,35.84378143975532],[72.23004113148338,35.96969106703446],[72.25551761260328,36.112679755186086],[72.28316450387942,36.16518301039463],[72.34006025583278,36.19453522393641]]]},"properties":{"scalerank":5,"featurecla":"Glaciated Areas","min_zoom":5}},{"type":"Feature","geometry":{"bbox":[90.79738325395348,35.97338593194334,91.06904625851186,36.144279893532556],"type":"Polygon","coordinates":[[[91.04201948442322,35.99224782972986],[91.04201948442322,35.99224782972986],[91.04201948442322,35.99224782972986],[90.87458784379754,35.97338593194334],[90.79738325395348,36.02684520114927],[90.79738325395348,36.06493073174839],[90.87913536983925,36.13464223891013],[90.97628706254795,36.144279893532556],[91.06904625851186,36.115521958962134],[91.04201948442322,35.99224782972986]]]},"properties":{"scalerank":5,"featurecla":"Glaciated Areas","min_zoom":5}},{"type":"Feature","geometry":{"bbox":[82.02220828647046,35.405487779271795,82.43313927605544,35.71714834242408],"type":"Polygon","coordinates":[[[82.31020104363307,35.52664317478009],[82.31020104363307,35.52664317478009],[82.31020104363307,35.52664317478009],[82.18684939975239,35.487084865860666],[82.07145592644463,35.405487779271795],[82.02220828647046,35.44362498630319],[82.04690962110598,35.48096120863407],[82.19082848503886,35.58317719170739],[82.2528918802214,35.65906403252803],[82.3380546406384,35.71714834242408],[82.43313927605544,35.662035427384794],[82.3814111673313,35.5751931829183],[82.31020104363307,35.52664317478009]]]},"properties":{"scalerank":5,"featurecla":"Glaciated Areas","min_zoom":5}},{"type":"Feature","geometry":{"bbox":[80.29864424023961,35.1536168482812,81.70181440626087,35.60136729587414],"type":"Polygon","coordinates":[[[81.37790652865539,35.28621857354214],[81.37790652865539,35.28621857354214],[81.37790652865539,35.28621857354214],[81.26308149610284,35.28926748304737],[81.11740563347206,35.21888418226584],[80.99803307487784,35.21239879001321],[80.9511108743568,35.16705272067709],[80.89710900261181,35.1536168482812],[80.84336551302826,35.192193304987086],[80.64244754427745,35.238262844375285],[80.35006229037003,35.44101532647245],[80.29864424023961,35.49982310642061],[80.30763593945841,35.58467580824386],[80.37176639193262,35.573565375301115],[80.61206180208984,35.60136729587414],[80.7056478209704,35.54987173109528],[81.12283165886271,35.564418646785455],[81.36798465365536,35.51276805270972],[81.42079796745764,35.44672557224071],[81.5062707864684,35.44512360283966],[81.54983401889046,35.51927928317849],[81.61608320508864,35.550724392228105],[81.68610477084411,35.53646169691555],[81.70181440626087,35.471917832982996],[81.62874393100014,35.39427399346445],[81.54352949415085,35.24516164808625],[81.45790164584321,35.221080430638246],[81.37790652865539,35.28621857354214]]]},"properties":{"scalerank":3,"featurecla":"Glaciated Areas","min_zoom":2.1}},{"type":"Feature","geometry":{"bbox":[74.3798323912576,35.12297272393212,74.71397220245686,35.37319000908937],"type":"Polygon","coordinates":[[[74.66699832550356,35.25017426201856],[74.66699832550356,35.25017426201856],[74.66699832550356,35.25017426201856],[74.46241133006001,35.12297272393212],[74.3798323912576,35.13821727145822],[74.42484256378384,35.227204087864834],[74.5877783548001,35.34520722100332],[74.6558362161285,35.37319000908937],[74.70151818227453,35.36993439385499],[74.71397220245686,35.31670766859435],[74.66699832550356,35.25017426201856]]]},"properties":{"scalerank":5,"featurecla":"Glaciated Areas","min_zoom":5}},{"type":"Feature","geometry":{"bbox":[78.12689049674134,34.78849701592297,78.63740197135277,35.01796621351504],"type":"Polygon","coordinates":[[[78.12689049674134,34.97995819756436],[78.12689049674134,34.97995819756436],[78.12689049674134,34.97995819756436],[78.18843712760096,35.01796621351504],[78.438085972003,34.971586615533084],[78.49756554557095,34.91544017184796],[78.55461632682119,34.890170396457236],[78.6054659361964,34.890170396457236],[78.63740197135277,34.86794953057172],[78.55647667838369,34.811725572238174],[78.47322594596147,34.82764191338407],[78.41467654817478,34.78849701592297],[78.36036461783604,34.80924510348815],[78.34863406770577,34.86350535739463],[78.30894656770562,34.88575206149628],[78.24559126171579,34.87567515719937],[78.17856692903322,34.90463979749896],[78.12689049674134,34.97995819756436]]]},"properties":{"scalerank":5,"featurecla":"Glaciated Areas","min_zoom":5}},{"type":"Feature","geometry":{"bbox":[77.83869103384956,33.60911163994169,78.30755130403372,34.252999986298434],"type":"Polygon","coordinates":[[[78.08973514192348,33.773416856413704],[78.08973514192348,33.773416856413704],[78.08973514192348,33.773416856413704],[77.97062096549072,33.85589244235153],[77.8989457539019,34.01404816338081],[77.83869103384956,34.07722260185763],[77.85047326041212,34.17540782321218],[77.89491499218312,34.22680003512646],[77.95749515168859,34.252999986298434],[78.02178063345968,34.20308055270448],[77.98767418814704,34.16489166924079],[78.01356408072527,33.966247463510825],[78.23685794465845,33.826772772755064],[78.28212649934613,33.77370107679131],[78.30755130403372,33.683577378874276],[78.29370202017952,33.63296031344439],[78.25442793163768,33.60911163994169],[78.08973514192348,33.773416856413704]]]},"properties":{"scalerank":5,"featurecla":"Glaciated Areas","min_zoom":5}},{"type":"Feature","geometry":{"bbox":[79.63625573112239,33.864289862598966,79.95804487500388,34.140862128225066],"type":"Polygon","coordinates":[[[79.9114327330766,34.11613495537341],[79.9114327330766,34.11613495537341],[79.9114327330766,34.11613495537341],[79.92011437370164,33.99580638278178],[79.95804487500388,33.913304958627805],[79.89784183138386,33.873436591114626],[79.79919152213868,33.92495799410962],[79.74203738802385,33.8996365422866],[79.72751631054985,33.87333323825004],[79.67930219922152,33.864289862598966],[79.6532572773464,33.886872463510514],[79.63625573112239,33.92302012789868],[79.65754642122664,33.97983836520359],[79.74844526562805,34.001180731740135],[79.86275353385767,34.140862128225066],[79.88817833854526,34.140862128225066],[79.9114327330766,34.11613495537341]]]},"properties":{"scalerank":5,"featurecla":"Glaciated Areas","min_zoom":5}},{"type":"Feature","geometry":{"bbox":[75.71763187042961,33.014367580694525,77.13630496613843,34.04683685967001],"type":"Polygon","coordinates":[[[76.59949018749043,33.06405447034315],[76.59949018749043,33.06405447034315],[76.59949018749043,33.06405447034315],[76.53603152863602,33.12169953056474],[76.59685468944355,33.183892116828005],[76.59091189973,33.26504995374239],[76.50977990103175,33.364036159797486],[76.456708205068,33.467621568326535],[76.34906619660403,33.50880768486316],[76.25620364777552,33.50904022880847],[76.21579267772327,33.429019273404506],[76.1381746764209,33.407005113248175],[76.06722293488414,33.433721828743074],[76.02453820181105,33.6046157903323],[75.92676639191484,33.6904503443691],[75.97565229686296,33.738483588184394],[76.01254926951935,33.84454946546346],[76.05383873892055,33.900540879851704],[76.02278120311314,33.87622711845839],[75.95818566274829,33.88599396416154],[75.8805159850136,33.933613796518515],[75.71763187042961,33.9498660344743],[75.74248823436201,34.00187836357607],[75.92407921743566,33.994566148406776],[76.01626997264435,34.0458808456726],[76.10985599152494,34.04683685967001],[76.2526896503797,33.96947724052908],[76.29170535676005,33.868889065072935],[76.35216678254153,33.82124339449983],[76.38777184439064,33.767861639942325],[76.415987176422,33.66673086194713],[76.44673465363569,33.646189480111104],[76.58729454946956,33.618542588834956],[76.65070153189168,33.57386831311864],[76.89724979035623,33.30582265882069],[77.13630496613843,33.16430674898939],[77.09532555533096,33.07932485608541],[77.01052452994,33.03702769625451],[76.89476932160622,33.014367580694525],[76.72015465689196,33.03121409762167],[76.59949018749043,33.06405447034315]]]},"properties":{"scalerank":3,"featurecla":"Glaciated Areas","min_zoom":2.1}},{"type":"Feature","geometry":{"bbox":[89.02782718298286,33.78625844983823,89.2705513854578,34.0344603541361],"type":"Polygon","coordinates":[[[89.02782718298286,33.94410411227376],[89.02782718298286,33.94410411227376],[89.02782718298286,33.94410411227376],[89.07862511592577,34.0344603541361],[89.21029666540548,33.98578115491715],[89.2705513854578,33.91152212171373],[89.17562177933763,33.812587592090935],[89.10983768103006,33.78625844983823],[89.05268354691526,33.83579031019],[89.02782718298286,33.94410411227376]]]},"properties":{"scalerank":5,"featurecla":"Glaciated Areas","min_zoom":5}},{"type":"Feature","geometry":{"bbox":[77.51214765819722,33.40297435152941,77.9300032897093,33.806463934864354],"type":"Polygon","coordinates":[[[77.89755049023,33.620428778613615],[77.89755049023,33.620428778613615],[77.89755049023,33.620428778613615],[77.9300032897093,33.60353058525416],[77.89444990429249,33.47304759371718],[77.69389367056775,33.40297435152941],[77.6317785989529,33.44317861585249],[77.60718061718197,33.52741120048823],[77.5123026874941,33.65425100354864],[77.51214765819722,33.73825104423908],[77.55064660025465,33.78401052503354],[77.6018579446559,33.806463934864354],[77.64418094270295,33.71644358981192],[77.65611819856238,33.64828237561893],[77.68552208853646,33.59689016370466],[77.75962609244301,33.55469635673835],[77.84344526562043,33.56937246350924],[77.89755049023,33.620428778613615]]]},"properties":{"scalerank":5,"featurecla":"Glaciated Areas","min_zoom":5}},{"type":"Feature","geometry":{"bbox":[90.99540734249595,33.179577134731645,91.23745975135108,33.60451243746772],"type":"Polygon","coordinates":[[[91.07684939978793,33.289957994107084],[91.07684939978793,33.289957994107084],[91.07684939978793,33.289957994107084],[91.02961714067317,33.348791612271384],[90.99540734249595,33.4729442408526],[91.02052208858979,33.56999258069675],[91.08615115760048,33.602445380176036],[91.16232221879869,33.60451243746772],[91.2265043477052,33.4682158472979],[91.23745975135108,33.277529812140884],[91.20128624874678,33.179577134731645],[91.14289188025697,33.179577134731645],[91.09876020707969,33.210738023403636],[91.07684939978793,33.289957994107084]]]},"properties":{"scalerank":5,"featurecla":"Glaciated Areas","min_zoom":5}},{"type":"Feature","geometry":{"bbox":[77.53839928580149,32.49060110120024,77.89682702017794,32.71149201103185],"type":"Polygon","coordinates":[[[77.89196943554248,32.57682322847923],[77.89196943554248,32.57682322847923],[77.89196943554248,32.57682322847923],[77.89682702017794,32.501323960900805],[77.84370364778187,32.49060110120024],[77.70712283723446,32.528040676395705],[77.63787641796335,32.51377798108314],[77.57948204947354,32.53393178967697],[77.53839928580149,32.576642360966204],[77.54046634309316,32.67865163831037],[77.60666385285904,32.71149201103185],[77.68789920442188,32.70131175387036],[77.80680667512547,32.64343414970345],[77.89196943554248,32.57682322847923]]]},"properties":{"scalerank":5,"featurecla":"Glaciated Areas","min_zoom":5}},{"type":"Feature","geometry":{"bbox":[77.39913130077488,31.98207916923205,77.8798254739539,32.412698879520235],"type":"Polygon","coordinates":[[[77.64976199739047,32.054038601198485],[77.64976199739047,32.054038601198485],[77.64976199739047,32.054038601198485],[77.4989701679628,32.10367381441483],[77.39913130077488,32.1611380071234],[77.40192182811865,32.23754161226694],[77.52150109244204,32.26340566662901],[77.55881147655677,32.25133921968886],[77.63715294791126,32.29392059989736],[77.73828372590646,32.412698879520235],[77.81802046093281,32.37559520113467],[77.83238650910997,32.278417670209805],[77.8798254739539,32.256842759727945],[77.87331424348511,32.15537608492285],[77.77890140168788,32.02727020927129],[77.71017174673969,31.98207916923205],[77.68970787955209,32.02437632906296],[77.64976199739047,32.054038601198485]]]},"properties":{"scalerank":5,"featurecla":"Glaciated Areas","min_zoom":5}},{"type":"Feature","geometry":{"bbox":[77.53064782095771,31.690443223592865,77.880548944006,31.927560533164122],"type":"Polygon","coordinates":[[[77.71725141796367,31.690443223592865],[77.71725141796367,31.690443223592865],[77.71725141796367,31.690443223592865],[77.64356082551546,31.712638251262234],[77.65296593619257,31.804079698202703],[77.53064782095771,31.87386872001288],[77.55498742056719,31.927560533164122],[77.72789676301579,31.912005927044277],[77.79962365103691,31.863998521445126],[77.84783776236523,31.819169216431934],[77.880548944006,31.752894192017596],[77.83476362499539,31.691760972616308],[77.71725141796367,31.690443223592865]]]},"properties":{"scalerank":5,"featurecla":"Glaciated Areas","min_zoom":5}},{"type":"Feature","geometry":{"bbox":[78.32558637890361,31.00735830334274,78.64008914583196,31.38082387951611],"type":"Polygon","coordinates":[[[78.3611397643204,31.292198798135544],[78.3611397643204,31.292198798135544],[78.3611397643204,31.292198798135544],[78.47798017773232,31.29597117769285],[78.55208418163889,31.316460883096582],[78.54278242382634,31.36379649507593],[78.57508019400876,31.38082387951611],[78.61290734244642,31.367284654255645],[78.63047732942564,31.33950857189876],[78.61611128124852,31.27847870536205],[78.64008914583196,31.242434393838465],[78.59368370963384,31.00735830334274],[78.5188562356752,31.028726508095435],[78.45457075390411,31.134353135700028],[78.32558637890361,31.237628485635327],[78.3611397643204,31.292198798135544]]]},"properties":{"scalerank":5,"featurecla":"Glaciated Areas","min_zoom":5}},{"type":"Feature","geometry":{"bbox":[78.80044111523362,30.62981028901831,79.8040491067741,31.172412828082987],"type":"Polygon","coordinates":[[[79.45595665885602,30.826077378862845],[79.45595665885602,30.826077378862845],[79.45595665885602,30.826077378862845],[79.39621870312664,30.775072740190765],[79.36552290234525,30.719468899044713],[79.37694339388176,30.662779852820535],[79.33761762890765,30.62981028901831],[79.24046593619892,30.724584865841607],[79.12150678906303,30.751870022091722],[79.03944461458354,30.739080105099475],[78.92368940624974,30.77003428804231],[78.85082563671821,30.807887274696114],[78.80044111523362,30.871888536089603],[78.85123904817652,30.964751084918092],[78.94208621614564,30.95304637300399],[79.01412316276051,30.98617096610307],[79.04760949088568,31.04714915620748],[79.11649417513073,31.077431545530516],[79.25948286328233,31.057665310178873],[79.30320112500127,31.08569977469722],[79.31808393750131,31.149649359658408],[79.36955366406403,31.172412828082987],[79.42495079948092,31.115051988239003],[79.61656701041917,31.078310044879487],[79.7112899108102,31.043015041624134],[79.78131147656566,30.96017772066025],[79.8040491067741,30.864240424110395],[79.77169966015938,30.675647284461203],[79.73831668489882,30.63009450939592],[79.66364424023706,30.64345286714337],[79.59620649609619,30.72388723400567],[79.5325928079449,30.762722072873018],[79.50706465039269,30.813416652951343],[79.45595665885602,30.826077378862845]]]},"properties":{"scalerank":3,"featurecla":"Glaciated Areas","min_zoom":2.1}},{"type":"Feature","geometry":{"bbox":[93.37552046099506,30.792074286414802,94.48511681516615,31.067457994098188],"type":"Polygon","coordinates":[[[94.30900353391544,30.80034251558149],[94.30900353391544,30.80034251558149],[94.30900353391544,30.80034251558149],[94.18022586464411,30.792074286414802],[93.82551883339269,30.835198269162362],[93.74159630735068,30.86842621512604],[93.48362755734965,30.913643093381424],[93.37552046099506,31.029372463499072],[93.38187666216695,31.067457994098188],[93.47675459185484,31.05195506441062],[93.73663536985066,30.94679352469666],[93.98871300657044,30.87855479585525],[94.26280480344653,30.88940684663653],[94.39633670448873,30.963123277300895],[94.43473229368158,30.966585598264455],[94.47054406125986,30.956121120725346],[94.48511681516615,30.894807033811034],[94.30900353391544,30.80034251558149]]]},"properties":{"scalerank":5,"featurecla":"Glaciated Areas","min_zoom":5}},{"type":"Feature","geometry":{"bbox":[79.7112382343779,30.2267341171417,80.15617231641093,30.629784450802166],"type":"Polygon","coordinates":[[[80.15617231641093,30.51674225516369],[80.15617231641093,30.51674225516369],[80.15617231641093,30.51674225516369],[80.10501264844197,30.43196706798888],[80.09736453646278,30.344866441360924],[80.1404626809942,30.281226914993486],[80.05886559440532,30.23391714123027],[79.88688642773798,30.2267341171417],[79.76735883984688,30.25138377534492],[79.73526777539362,30.28592947033204],[79.7112382343779,30.337321682246312],[79.74224409375302,30.40530202892627],[79.8077181334668,30.41860871024143],[79.83732872917005,30.457882798783245],[79.83732872917005,30.50868073172616],[79.8632702981806,30.565163072221182],[79.92052778515998,30.622420559200574],[80.01685265495203,30.629784450802166],[80.08010460807728,30.605367336544262],[80.13746544792127,30.577823798132684],[80.15617231641093,30.51674225516369]]]},"properties":{"scalerank":5,"featurecla":"Glaciated Areas","min_zoom":5}},{"type":"Feature","geometry":{"bbox":[80.21828738802574,30.13573191987571,80.50447147005815,30.56679087983838],"type":"Polygon","coordinates":[[[80.28370975130727,30.55394928641384],[80.28370975130727,30.55394928641384],[80.28370975130727,30.55394928641384],[80.36034590039611,30.47555613862707],[80.45620568229754,30.32316233979833],[80.50447147005815,30.177563991815987],[80.49966556185501,30.15082143810494],[80.43605187370372,30.13573191987571],[80.36887251172428,30.202549546829104],[80.25322065625505,30.378352769486057],[80.22092288607263,30.461241766882225],[80.21828738802574,30.559478664669072],[80.26247073763531,30.56679087983838],[80.28370975130727,30.55394928641384]]]},"properties":{"scalerank":5,"featurecla":"Glaciated Areas","min_zoom":5}},{"type":"Feature","geometry":{"bbox":[90.12486616410706,30.129375718703816,90.800483839891,30.56795359956494],"type":"Polygon","coordinates":[[[90.74343305864078,30.56795359956494],[90.74343305864078,30.56795359956494],[90.74343305864078,30.56795359956494],[90.800483839891,30.47963857677813],[90.58034223832763,30.310811672480583],[90.47988325395221,30.263708604446535],[90.26925011593053,30.22422781017555],[90.20568810421153,30.129375718703816],[90.12486616410706,30.177589830032137],[90.15576867061759,30.237379462193832],[90.30681888220673,30.329105129511902],[90.36133751827467,30.38297781017619],[90.58013553259846,30.482687486283353],[90.65398115434354,30.534518947872105],[90.74343305864078,30.56795359956494]]]},"properties":{"scalerank":5,"featurecla":"Glaciated Areas","min_zoom":5}},{"type":"Feature","geometry":{"bbox":[93.56682661333957,30.14182973888616,93.94742353716921,30.334841213496308],"type":"Polygon","coordinates":[[[93.56682661333957,30.31582428641289],[93.56682661333957,30.31582428641289],[93.56682661333957,30.31582428641289],[93.63328250526692,30.33192149507181],[93.90163821815861,30.334841213496308],[93.94742353716921,30.311871039342563],[93.93776004433064,30.256732286087125],[93.8673767435491,30.239911607376133],[93.81218631386139,30.2013093124541],[93.7757027526633,30.14182973888616],[93.69157352089215,30.15598908133413],[93.59876264849595,30.234485581985478],[93.56682661333957,30.31582428641289]]]},"properties":{"scalerank":5,"featurecla":"Glaciated Areas","min_zoom":5}},{"type":"Feature","geometry":{"bbox":[82.0468062682414,29.725963650017306,82.49143029168067,30.330862128209834],"type":"Polygon","coordinates":[[[82.31531701042996,29.860141506463155],[82.31531701042996,29.860141506463155],[82.31531701042996,29.860141506463155],[82.38172122592502,29.909259955356575],[82.3883358092584,29.970238145460982],[82.37391808464895,29.984578355421988],[82.2980570820445,29.98860911714075],[82.24436526889323,29.924013576775906],[82.1835421080857,29.89941559500498],[82.0582784362102,29.957629095981776],[82.0468062682414,30.014292303989805],[82.09062788282492,30.08725942638594],[82.09352176303328,30.186478176386334],[82.07646854037694,30.245285956334484],[82.12328738803336,30.330862128209834],[82.18173343295547,30.306289984655034],[82.35128380730512,30.066382147740015],[82.45954593295659,29.97791209565634],[82.49143029168067,29.85952138927564],[82.4309171894669,29.75092336681428],[82.35753665561245,29.725963650017306],[82.3208463886852,29.790946763624333],[82.31531701042996,29.860141506463155]]]},"properties":{"scalerank":3,"featurecla":"Glaciated Areas","min_zoom":2.1}},{"type":"Feature","geometry":{"bbox":[81.55768883659883,30.047416897088894,81.95316857292852,30.22466705985002],"type":"Polygon","coordinates":[[[81.80527062370919,30.113149318964165],[81.80527062370919,30.113149318964165],[81.80527062370919,30.113149318964165],[81.61411950066156,30.10219391531828],[81.55768883659883,30.128161322544955],[81.6107605325626,30.213815009068743],[81.74620446159958,30.22466705985002],[81.86340661003754,30.191309922805615],[81.9113623392044,30.15699677176381],[81.95316857292852,30.110901394159473],[81.91193077995962,30.047416897088894],[81.80527062370919,30.113149318964165]]]},"properties":{"scalerank":5,"featurecla":"Glaciated Areas","min_zoom":5}},{"type":"Feature","geometry":{"bbox":[80.87328616732526,29.820479844679145,81.16815188998268,30.179295152297755],"type":"Polygon","coordinates":[[[80.87328616732526,30.026281236281523],[80.87328616732526,30.026281236281523],[80.87328616732526,30.026281236281523],[80.99079837435696,30.071317247023885],[81.04588545118011,30.129220689406935],[81.03291466667486,30.179295152297755],[81.07115522657082,30.177073065709205],[81.14742964063365,30.11885956473242],[81.16815188998268,30.026384589146108],[81.11864586784705,29.947578029900995],[81.09823367709177,29.829394029249485],[81.03611860547693,29.820479844679145],[80.99725792839347,29.846188869744342],[80.94382449740367,29.948327338169232],[80.88987430209093,29.951427924106742],[80.87328616732526,30.026281236281523]]]},"properties":{"scalerank":5,"featurecla":"Glaciated Areas","min_zoom":5}},{"type":"Feature","geometry":{"bbox":[82.549204542983,29.58757416433967,83.00354373569314,29.93732025809106],"type":"Polygon","coordinates":[[[82.94318566277624,29.645710150668023],[82.94318566277624,29.645710150668023],[82.94318566277624,29.645710150668023],[82.82794721876536,29.58757416433967],[82.75162112827027,29.59876211193085],[82.72691979363475,29.665993150342587],[82.67436486199392,29.69674062755625],[82.62056969597808,29.666458238233204],[82.59209598178523,29.695190334587494],[82.59323286329568,29.797457994093108],[82.549204542983,29.894971421827876],[82.57576622918103,29.935072333286367],[82.62785607293122,29.93732025809106],[82.71146854037949,29.89652171479663],[82.9681970560055,29.734283555616287],[83.00354373569314,29.696327216097913],[82.94318566277624,29.645710150668023]]]},"properties":{"scalerank":3,"featurecla":"Glaciated Areas","min_zoom":2.1}},{"type":"Feature","geometry":{"bbox":[96.02083703001605,29.04760712332188,97.14645307819767,29.61542776134499],"type":"Polygon","coordinates":[[[96.92558800658216,29.230541693635118],[96.92558800658216,29.230541693635118],[96.92558800658216,29.230541693635118],[96.98201867064489,29.205969550080326],[97.1238188008538,29.126129462189382],[97.14645307819767,29.097759100861143],[97.10418175658288,29.04760712332188],[97.02248131712943,29.081971950795975],[96.91385745645192,29.101402289337713],[96.78657840371704,29.08623525646006],[96.67206342975825,29.140986436473302],[96.59589236856002,29.300124009716114],[96.49977420449713,29.36567556407836],[96.42349979043433,29.36567556407836],[96.19085249225631,29.46804657644856],[96.11457807819352,29.462336330680316],[96.03975060423488,29.515304673779482],[96.02083703001605,29.545871283480125],[96.02383426308899,29.584241034456838],[96.02838178913068,29.59886546479544],[96.11995242715187,29.61542776134499],[96.20769900918347,29.590984808870928],[96.29441206256922,29.5584028183109],[96.5075773457732,29.4370148788573],[96.75298872272731,29.379964097607058],[96.80559533080043,29.287359930940028],[96.8613025248111,29.22984406179917],[96.92558800658216,29.230541693635118]]]},"properties":{"scalerank":3,"featurecla":"Glaciated Areas","min_zoom":2.1}},{"type":"Feature","geometry":{"bbox":[82.50176557813904,29.265940049755045,82.8162166686351,29.49409149832367],"type":"Polygon","coordinates":[[[82.65421105340008,29.483161932893935],[82.65421105340008,29.483161932893935],[82.65421105340008,29.483161932893935],[82.74774539584837,29.443939520784397],[82.8162166686351,29.3787497014482],[82.81006717319238,29.275939439403516],[82.65679487501467,29.296015733348913],[82.58320763543105,29.265940049755045],[82.52615685418081,29.312397162385434],[82.50176557813904,29.414406439729603],[82.50615807488387,29.478846950797564],[82.5403161966288,29.49409149832367],[82.65421105340008,29.483161932893935]]]},"properties":{"scalerank":5,"featurecla":"Glaciated Areas","min_zoom":5}},{"type":"Feature","geometry":{"bbox":[84.12605919793722,28.340751044217484,84.75268761590848,28.948491726186063],"type":"Polygon","coordinates":[[[84.49926639194913,28.49676219330665],[84.49926639194913,28.49676219330665],[84.49926639194913,28.49676219330665],[84.47565026239175,28.55980744070274],[84.49575239455328,28.61670319265609],[84.44273237502183,28.65639069265625],[84.35539920444856,28.621509100859242],[84.29545454298997,28.67246206309902],[84.32113772983905,28.787571316029172],[84.24543175653145,28.837258205677813],[84.12781619663514,28.831263739531945],[84.12605919793722,28.93761383718862],[84.22243574416159,28.948491726186063],[84.46929406121984,28.930120754506305],[84.51497602736586,28.900148423777026],[84.5363700703347,28.864026597605005],[84.5363700703347,28.825941067005886],[84.61677859898086,28.595412502551838],[84.67093550002272,28.49978526459573],[84.73191369012713,28.4662472600383],[84.75268761590848,28.41304637299382],[84.7493803242418,28.36741608328009],[84.69563683465826,28.340751044217484],[84.65388227736642,28.357571722928498],[84.49926639194913,28.49676219330665]]]},"properties":{"scalerank":5,"featurecla":"Glaciated Areas","min_zoom":5}},{"type":"Feature","geometry":{"bbox":[83.1272054381676,28.64124949799474,83.56304446811725,28.916426499948958],"type":"Polygon","coordinates":[[[83.47219730014814,28.902680568959326],[83.47219730014814,28.902680568959326],[83.47219730014814,28.902680568959326],[83.51560550327332,28.916426499948958],[83.56071902866412,28.833640855417375],[83.56304446811725,28.754007473255598],[83.53818810418487,28.686311346953246],[83.45555748895015,28.64124949799474],[83.41736860548647,28.67535594330737],[83.29608401889745,28.667501125599006],[83.1990873554856,28.680704454049575],[83.1272054381676,28.72176137950547],[83.1392460468916,28.822375393177747],[83.3446598652518,28.800464585885987],[83.39530276889784,28.820489203399095],[83.47219730014814,28.902680568959326]]]},"properties":{"scalerank":5,"featurecla":"Glaciated Areas","min_zoom":5}},{"type":"Feature","geometry":{"bbox":[85.35389122919213,28.098491929633184,85.89768232619952,28.716128648385666],"type":"Polygon","coordinates":[[[85.87732181187653,28.34054433848833],[85.87732181187653,28.34054433848833],[85.87732181187653,28.34054433848833],[85.82972781773569,28.294759019477723],[85.82001264846483,28.2252800562613],[85.89768232619952,28.158539943956345],[85.86879520054838,28.098491929633184],[85.78745649612094,28.127146511339035],[85.58447147007848,28.240550442003553],[85.49042036330727,28.438858750923615],[85.46809614455717,28.532677313749502],[85.39233849481731,28.55926483816367],[85.35389122919213,28.61021780040346],[85.39192508335896,28.684709377552196],[85.4298039082289,28.716128648385666],[85.62901655471407,28.526269436145313],[85.79510460810013,28.465446275337783],[85.8482796569285,28.429221096301177],[85.87732181187653,28.34054433848833]]]},"properties":{"scalerank":5,"featurecla":"Glaciated Areas","min_zoom":5}},{"type":"Feature","geometry":{"bbox":[83.76360070184202,28.427696641548565,84.25199466343253,28.6875774195444],"type":"Polygon","coordinates":[[[83.86447309767576,28.50639984792909],[83.86447309767576,28.50639984792909],[83.86447309767576,28.50639984792909],[83.79977420444632,28.542289130155794],[83.76360070184202,28.631896063749906],[83.82127160027976,28.6875774195444],[84.01397301629615,28.62639252371082],[84.14259565627063,28.56556936290329],[84.25199466343253,28.491517035429027],[84.19406538283332,28.427696641548565],[84.11510379429134,28.438471177681425],[83.946845330749,28.516554266874437],[83.86447309767576,28.50639984792909]]]},"properties":{"scalerank":5,"featurecla":"Glaciated Areas","min_zoom":5}},{"type":"Feature","geometry":{"bbox":[90.05344933467967,27.727222601832224,90.76369022009919,28.326126613878884],"type":"Polygon","coordinates":[[[90.17509565629476,27.87023712819999],[90.17509565629476,27.87023712819999],[90.17509565629476,27.87023712819999],[90.21654015499283,27.954159654241995],[90.29095421749312,28.03110586192459],[90.22129438676369,28.106708482367594],[90.08672895707565,28.142442735297422],[90.05344933467967,28.221507676703993],[90.57393436072343,28.326126613878884],[90.62478397009863,28.32488637950388],[90.6420438984841,28.241816514594703],[90.57775841671304,28.17399119721162],[90.60752404171313,28.1015925155707],[90.73258100785951,28.08903514252377],[90.76369022009919,28.03614431407304],[90.70715620317188,28.012812404893268],[90.65217247921333,27.904395249944912],[90.61982303259862,27.875404771429174],[90.53714074093162,27.885688381455257],[90.47254520056677,27.974158433538946],[90.34278567908189,28.007541408799483],[90.27886193233684,27.952325140895624],[90.25943159379509,27.757375800074527],[90.208426955123,27.727222601832224],[90.17509565629476,27.77499746348606],[90.17509565629476,27.87023712819999]]]},"properties":{"scalerank":5,"featurecla":"Glaciated Areas","min_zoom":5}},{"type":"Feature","geometry":{"bbox":[86.29042321161776,27.552065334578913,88.98989668168065,28.252229315701513],"type":"Polygon","coordinates":[[[87.52936567581543,27.608134263615597],[87.52936567581543,27.608134263615597],[87.52936567581543,27.608134263615597],[87.56466067907076,27.68978302663676],[87.5695699401385,27.76337026622039],[87.54497195836757,27.84543244069988],[87.51396609899243,27.926151027939795],[87.42415245966916,27.958758856715964],[87.36451785680433,27.966277777614422],[87.1014848164387,27.721305650334802],[86.88883629755765,27.66252370860279],[86.82635949091676,27.720065415959795],[86.83152713414597,27.859488430283278],[86.81354373570838,27.930181789658562],[86.74140343622892,27.93682221120807],[86.64218468622855,27.910260525010045],[86.61448611852009,27.840988267522775],[86.63339969273892,27.764067898056325],[86.56632368362406,27.7366018742932],[86.37832482294624,27.831453965764936],[86.3143493997689,27.927158718369483],[86.29042321161776,27.99769704844789],[86.44126671747773,28.153113918565694],[86.49376997268627,28.187762966417395],[86.61019697463988,28.211172390245622],[86.66254520055153,28.252229315701513],[86.73003462112473,28.250730699165047],[86.78346805211453,28.205823879503413],[86.85994917190649,28.18608348236791],[86.94903934117767,28.180140692654348],[87.10902957555331,28.23713979747228],[87.22344119664751,28.227088731391518],[87.31924930211665,28.119860134385874],[87.38689375198672,28.110299994411875],[87.41727949417435,28.190992743435643],[87.48575076696108,28.232695624295175],[87.56998335159682,28.235382798774353],[87.62910119013873,28.149832465115168],[87.62093631383661,27.9960175643984],[87.67550662633684,27.914368801377236],[87.76371829625907,28.013277492783885],[87.8544621113636,28.053688462836135],[87.9899060404006,28.021235663356833],[88.60935143428327,28.034645697536575],[88.71461632686183,27.994079698187463],[88.90509565628966,27.955968329372197],[88.98292036332123,27.88212270762712],[88.98989668168065,27.818509019475812],[88.95439497269612,27.75877106374641],[88.83894982295607,27.667975572209585],[88.79399132686214,27.673789170842426],[88.77683475134123,27.719083563746253],[88.73973107295566,27.725284735621276],[88.70030195511697,27.681075547795587],[88.58092939652275,27.683220119735694],[88.45876631058476,27.636582139592278],[88.30750939326647,27.639424343368333],[88.2499418476933,27.585241604110294],[88.08147667842178,27.552065334578913],[88.01770796097361,27.597385565698886],[87.98887251175475,27.681721503199228],[87.93740278519203,27.724742133082216],[87.825678338577,27.701978664657645],[87.77007449743095,27.616092434188545],[87.72656294144122,27.591856187443653],[87.6833614440452,27.608883571883837],[87.62362348831579,27.59655874278222],[87.55701256709156,27.55552765554248],[87.52936567581543,27.608134263615597]]]},"properties":{"scalerank":3,"featurecla":"Glaciated Areas","min_zoom":2.1}},{"type":"Feature","geometry":{"bbox":[92.08660688677114,27.741562811793216,92.78134484250312,28.02981395111729],"type":"Polygon","coordinates":[[[92.39625206906405,27.991805935166614],[92.39625206906405,27.991805935166614],[92.39625206906405,27.991805935166614],[92.67525312700786,28.02981395111729],[92.7362313171123,28.023896999619865],[92.78134484250312,27.947312526963316],[92.62998457232018,27.777581285100652],[92.50828657427283,27.741562811793216],[92.32876264849085,27.753913479110977],[92.23409142453215,27.80830292409817],[92.22913048703214,27.8736219345151],[92.17130455929755,27.90519623464543],[92.08660688677114,27.88362132416357],[92.1231938008338,27.997102769476527],[92.2427730651572,28.00769643809636],[92.39625206906405,27.991805935166614]]]},"properties":{"scalerank":3,"featurecla":"Glaciated Areas","min_zoom":2.1}},{"type":"Feature","geometry":{"bbox":[72.8161552265378,36.30259064385872,75.91684451691482,37.28723338474806],"type":"Polygon","coordinates":[[[74.01205122263633,36.41188629815602],[74.01205122263633,36.41188629815602],[74.01205122263633,36.41188629815602],[74.08274458201163,36.52885590264869],[74.09643883656898,36.64285411228455],[74.04636437367816,36.728869533834384],[73.9747408385216,36.73228017836564],[73.94213300974545,36.65355113376897],[73.88875125518794,36.63445669203712],[73.82627444854705,36.66861481378206],[73.74819135935404,36.68021617283158],[73.6143493997181,36.66817556410757],[73.44345543812886,36.70535675714157],[73.37601769398796,36.66752960870393],[73.37302046091503,36.57926626234941],[73.29488569528974,36.60634471287035],[73.25127078643538,36.64210480401633],[73.16569461456004,36.6336557073366],[73.08301232289304,36.535754706359654],[72.91640750518407,36.41356578220551],[72.87480797718908,36.38710744887208],[72.8161552265378,36.407907212869546],[72.83760094593893,36.472218532856786],[72.8879854674235,36.51118256280486],[72.95738691599149,36.53172394464089],[72.99976159047083,36.590686753885905],[72.9923718606531,36.69354869236288],[73.10905724476814,36.775197455384045],[73.48030073435297,36.812016913392],[73.54189904164488,36.78612702081378],[73.61166222523892,36.792354030904946],[73.7121728860466,36.86501109470731],[73.81697269073453,36.8622464055797],[73.85733198435446,36.89128856052774],[73.90446089060467,36.81863149672536],[73.93593183787041,36.79827098240236],[74.00057905466755,36.81811473240245],[74.02889773956349,36.91239838311897],[74.07158247263658,36.972911485332745],[74.1223287291472,36.99843964288493],[74.1775708352672,37.00334890395267],[74.32701907745532,36.97420339614004],[74.39114952992952,36.98358266860102],[74.4364180846172,37.01148794203863],[74.37647342315864,37.08830495864051],[74.21777509959028,37.067531032859165],[74.1833069192516,37.167912502586134],[74.50845503123207,37.2670537379381],[74.56514407745627,37.25555573175315],[74.73960371287362,37.28723338474806],[74.72353234243084,37.22457571059418],[74.58142215362821,37.200959581036784],[74.57889000844591,37.10481557875775],[74.65547448110246,37.06897797296334],[75.06439008982804,37.00686290134851],[75.20510501495883,37.047971503236695],[75.2440690449069,37.01135875095791],[75.42359297068887,36.98740672459063],[75.47780154816303,36.941440538067],[75.48286583852763,36.87609568943393],[75.5600187519394,36.84715688735048],[75.65040083201791,36.92857310642633],[75.71685672394526,36.94771922459046],[75.7617118671746,36.92908987074924],[75.90867964061269,36.76607656508453],[75.87953413280007,36.72814606378229],[75.76775800975275,36.784680080709606],[75.68833133332012,36.794756985006515],[75.66554202667942,36.74659455011049],[75.68213016144512,36.675952867167496],[75.77550947459653,36.63673045505797],[75.88671715688864,36.54025055596904],[75.91684451691482,36.49402598728396],[75.90774946483143,36.423694362934725],[75.76904992056004,36.41658885349459],[75.58983605337181,36.541025702453425],[75.47790490102761,36.52252553969292],[75.4303625833191,36.55484914809149],[75.37419030141783,36.55921580662016],[75.29073286326647,36.515781765278845],[75.2104276874849,36.52702138930233],[75.01684777211952,36.599755967753126],[74.97881391795272,36.64055451104757],[74.9826896503746,36.733933824198985],[75.02284223826538,36.75827342380846],[75.14309329620858,36.82545278578789],[75.3057190286311,36.83341095636084],[75.26851199738095,36.8584223495901],[75.23295861196414,36.93751312921282],[74.98635867706733,36.926170152324744],[74.92103966665039,36.868757636048485],[74.8325696145667,36.84374624281921],[74.65888512563373,36.9093236353976],[74.54886600128432,36.915163072246585],[74.47729414256008,36.909892076152815],[74.37637007029406,36.85868073175156],[74.20640628448606,36.86746572524119],[74.17472863149115,36.80214671482426],[74.19524417511104,36.779202378886666],[74.35094526560644,36.718947658834345],[74.43476443878387,36.73364960382138],[74.6812610208161,36.6699325628055],[74.71717614125896,36.63481842706317],[74.7193982278475,36.58270274509681],[74.74766523631115,36.530509548482016],[74.81241580597288,36.494852810200626],[74.80471601756139,36.40408315687995],[74.74394453318615,36.37527354587724],[74.48178999216947,36.35188996026517],[74.38908247263785,36.37607453057775],[74.37647342315864,36.458343410786426],[74.30898400258545,36.49983958591679],[74.10734256378257,36.38113882094237],[74.07385623565742,36.320212307270246],[74.0237300963343,36.30259064385872],[73.99727176300087,36.3363870305776],[74.01205122263633,36.41188629815602]]]},"properties":{"scalerank":3,"featurecla":"Glaciated Areas","min_zoom":2.1}},{"type":"Feature","geometry":{"bbox":[74.39745405466914,34.23687693942337,78.25902713411168,36.45410594333849],"type":"Polygon","coordinates":[[[77.2636356953056,34.84092275648308],[77.2636356953056,34.84092275648308],[77.2636356953056,34.84092275648308],[77.22710045767525,34.89913625745987],[76.97063032421067,34.94711782484288],[76.86732913605923,34.98385976820239],[76.82180219921008,35.05088410088496],[76.86278161001755,35.090907497695014],[76.90975548697085,35.099976711562235],[76.95440392447104,35.15687246351558],[76.94008955272619,35.21234711358092],[76.85999108267379,35.24071747490916],[76.78180464061617,35.20059072523452],[76.7403601419181,35.22343170830753],[76.77208947134531,35.2697079534249],[76.73240197134515,35.34122813571685],[76.58905154816748,35.33691315362047],[76.48068606965143,35.39344717054779],[76.4559847350159,35.52258657484518],[76.3855497578021,35.56612396905108],[76.32808556509352,35.52604889580873],[76.33304650259353,35.362131252578905],[76.25666873566615,35.31771535902405],[76.0903223001186,35.47540599216269],[76.04055789582154,35.460626532527215],[75.894571974597,35.53307689060043],[75.70838178904938,35.588706569962625],[75.7519966979037,35.640408840470656],[75.82113976431023,35.639323635392515],[75.98650434764423,35.60103139906424],[76.09078738800923,35.550569362931235],[76.15951704295745,35.583461412085],[76.2799231301975,35.718672797176694],[76.24426639191611,35.78138214776288],[76.07817833853002,35.71567556410377],[76.0421598652226,35.74319326429918],[75.99373904816512,35.8464169378022],[75.90423546743558,35.91641266534154],[75.85292077016976,35.93594635674788],[75.79106408071638,35.91233022719048],[75.80372480662788,35.84210195570583],[75.74558882029953,35.81001089125258],[75.63024702342406,35.86522715915645],[75.54637617381437,35.86548554131791],[75.52244998566323,35.911503404273816],[75.31936160675616,36.00777659763358],[75.25259565623506,36.00777659763358],[75.16557254425555,35.951552639300026],[75.09704959503651,35.93157969821921],[75.01457400909868,35.93157969821921],[74.97075239451519,35.89786082614876],[74.98914920441109,35.81988108982033],[74.94243370961922,35.77740306247641],[74.91194461456705,35.78138214776288],[74.89013716013986,35.790115464820204],[74.87034508657206,35.83933726657821],[74.89390953969715,35.89628469496385],[74.83980431508758,35.970621242815724],[74.67526655467026,36.0527867701598],[74.57956180206568,36.07128693292029],[74.43838178904429,36.063561306292655],[74.39745405466914,36.11774404555068],[74.40675581248166,36.1681544052514],[74.49780968617995,36.21784129490004],[74.6036430195137,36.21598094333754],[74.69180301300364,36.18063426364989],[74.96207075389015,36.14611440687892],[74.99338667185901,36.23086375583759],[74.9292562193848,36.31680166273898],[74.97803877146835,36.4184492050571],[75.0335909361821,36.442711290018124],[75.11089887889074,36.45410594333849],[75.25641971222464,36.427285874979006],[75.3788411803241,36.35434459079903],[75.48250410350161,36.338557440733865],[75.5569181660019,36.3745759140413],[75.64771365753873,36.36922740329909],[75.74770755402349,36.320987453754626],[75.8360742532426,36.31429535577283],[75.90108320506576,36.36165680596832],[76.01978397004021,36.36020986586415],[76.25222456248906,36.2202959254339],[76.30302249543197,36.16779267022537],[76.32110924673412,36.091595770811],[76.29232547394756,36.01733673760758],[76.36193362824471,35.96398082126622],[76.52853844595371,35.96901927341467],[76.64920291535523,35.94700511325833],[76.81580773306422,35.78660146742436],[76.9036576679604,35.74107453057522],[77.02178999217963,35.76448395440343],[77.13118899934153,35.880859279924735],[77.11759809764877,35.92754893650044],[77.19025516145115,35.93238068291973],[77.2795003600192,35.84075836846624],[77.4867745299419,35.796264960262945],[77.53617719921294,35.7466297470466],[77.53907107942129,35.64454295505399],[77.48134850455125,35.60470042575696],[77.47519900910854,35.53416209567855],[77.55855309439531,35.449826158178226],[77.62087487173932,35.35505158135493],[77.66397301627075,35.23679006605497],[77.67415327343224,35.15030955661452],[77.71213545116677,35.13126679131497],[77.781226841141,35.00931041110614],[77.97294640494385,34.924431871066744],[78.03661176952744,34.87694122979052],[78.08105350129844,34.78133983005054],[78.03723188671495,34.73702728936027],[78.03826541536077,34.699742743461684],[78.07888309114219,34.68529918063609],[78.10327436718396,34.64868642835731],[78.25902713411168,34.31397817640284],[78.2333439472626,34.24312978773068],[78.16378746939773,34.23687693942337],[78.01687137239193,34.364466050752],[77.95961388541255,34.38379303642917],[77.83352339062037,34.55905365654705],[77.7927506855421,34.652639675427636],[77.7252612649689,34.69222382256321],[77.65167402538529,34.77087535251144],[77.56268720897867,35.017036037733774],[77.41737308137391,35.08654083916635],[77.34621463410801,35.14224803317698],[77.31004113150371,35.1949579941147],[77.31004113150371,35.245755927057616],[77.27789839061816,35.2731444361723],[77.22224287303982,35.252706407200876],[77.19273563020116,35.18309825290372],[77.24255171093051,35.072278143853794],[77.4155644062437,34.874874172498835],[77.40016482942073,34.816789862602775],[77.36564497264976,34.80198456475115],[77.32440717968083,34.803018093396986],[77.2636356953056,34.84092275648308]]]},"properties":{"scalerank":3,"featurecla":"Glaciated Areas","min_zoom":2.1}},{"type":"Feature","geometry":{"bbox":[78.25385949088249,34.01386729586778,78.97794966015621,34.66540375420372],"type":"Polygon","coordinates":[[[78.75155521028552,34.03921458590695],[78.75155521028552,34.03921458590695],[78.75155521028552,34.03921458590695],[78.6943493997384,34.01386729586778],[78.51658247265436,34.140862128225066],[78.34460330598701,34.08921153414934],[78.29235843293992,34.15626170504804],[78.32724002473695,34.26157827405888],[78.3344230488255,34.3473094752311],[78.35989952994541,34.39867584892923],[78.35958947135165,34.455390733369555],[78.30129845572642,34.50657623955466],[78.25385949088249,34.64163259534947],[78.36925296419022,34.66540375420372],[78.46831668489375,34.62605215101347],[78.6148710468735,34.41758942314805],[78.75615441275949,34.37692007093435],[78.76881513867099,34.29227407484025],[78.69212731314987,34.27284373629851],[78.67047488801956,34.21589630791287],[78.68597781770711,34.17698395439709],[78.74509565624902,34.12817556409742],[78.78731530143148,34.13393748629795],[78.84881025585881,34.18866282809505],[78.91965864453098,34.20460500745709],[78.97794966015621,34.18411530205337],[78.9691129902343,34.12174184827707],[78.76917687369703,34.06417430270393],[78.75155521028552,34.03921458590695]]]},"properties":{"scalerank":5,"featurecla":"Glaciated Areas","min_zoom":5}},{"type":"Feature","geometry":{"bbox":[68.91515302925657,-49.46824635192711,69.25280683785167,-49.18816008890515],"type":"Polygon","coordinates":[[[69.09591718941354,-49.46824635192711],[69.09591718941354,-49.46824635192711],[68.98129886259017,-49.450624688515575],[68.91515302925657,-49.3977080218487],[68.92161258329307,-49.30236500427019],[68.99220258980375,-49.19208749775933],[69.08656375516873,-49.18816008890515],[69.17720421740867,-49.22035450622299],[69.25280683785167,-49.310219821978556],[69.23337649930994,-49.366030368853785],[69.16795413602841,-49.419257094114414],[69.09591718941354,-49.46824635192711]]]},"properties":{"scalerank":5,"featurecla":"Glaciated Areas","min_zoom":5}},{"type":"Feature","geometry":{"bbox":[-123.34621232795786,-74.40310678496957,-120.27244645880491,-73.67297047311769],"type":"Polygon","coordinates":[[[-120.72221228725726,-73.75193206165967],[-120.72221228725726,-73.75193206165967],[-120.72221228725726,-73.75193206165967],[-120.72221228725726,-73.75193206165967],[-120.72221228725726,-73.75193206165967],[-120.72221228725726,-73.75193206165967],[-120.72221228725726,-73.75193206165967],[-120.72221228725726,-73.75193206165967],[-120.72221228725726,-73.75193206165967],[-120.72221228725726,-73.75193206165967],[-120.72221228725726,-73.75193206165967],[-120.72221228725726,-73.75193206165967],[-120.72221228725726,-73.75193206165967],[-120.72221228725726,-73.75193206165967],[-120.72221228725726,-73.75193206165967],[-120.72221228725726,-73.75193206165967],[-120.72221228725726,-73.75193206165967],[-120.72221228725726,-73.75193206165967],[-120.72221228725726,-73.75193206165967],[-120.72221228725726,-73.75193206165967],[-120.55622758673574,-73.75601449981073],[-120.37812476284182,-73.85585336699863],[-120.31228898810197,-73.92194752389993],[-120.27244645880491,-73.98912688587937],[-120.98950863328696,-74.15707529082795],[-121.01906755255793,-74.17345671986448],[-121.05410417365182,-74.25996306752107],[-121.03643083380798,-74.27929005319824],[-121.00470150438078,-74.292880954891],[-121.00242774135992,-74.32641895944843],[-121.06239824103467,-74.337322686662],[-122.28663876024528,-74.40310678496957],[-122.85908443895852,-74.34269703562036],[-122.93840776252654,-74.30202768340666],[-122.95605526415422,-74.24032602325016],[-122.89063290087269,-74.22704518015115],[-122.76472327359355,-74.21867359811986],[-122.79417883999992,-74.19045826608853],[-122.87523332404972,-74.14121062611434],[-122.88073686408879,-74.09904265736418],[-122.70999793179645,-73.99362273548876],[-122.62468014208257,-73.96551075632198],[-122.95117184130262,-73.86655038848305],[-122.99155697313873,-73.84412281686836],[-123.03465511767013,-73.83761158639959],[-123.1908212960562,-73.84929046009756],[-123.34621232795786,-73.84308928822253],[-123.2917970447545,-73.80304005319633],[-123.24906063524912,-73.73865121856066],[-123.11216976610794,-73.68222055449793],[-123.01248592821693,-73.67297047311769],[-122.91047665087277,-73.67974008574792],[-122.43567359097506,-73.68160043731042],[-121.96668412971016,-73.71183115020118],[-121.4973329334192,-73.73286345814397],[-120.72221228725726,-73.75193206165967]]]},"properties":{"scalerank":1,"featurecla":"Glaciated Areas","min_zoom":2}},{"type":"Feature","geometry":{"bbox":[-127.4290638904742,-74.25613901153147,-123.80042232958726,-73.27888600045986],"type":"Polygon","coordinates":[[[-127.23292599171037,-73.58553394967984],[-127.23292599171037,-73.58553394967984],[-127.23292599171037,-73.58553394967984],[-127.23292599171037,-73.58553394967984],[-127.23292599171037,-73.58553394967984],[-127.23292599171037,-73.58553394967984],[-127.23292599171037,-73.58553394967984],[-127.23292599171037,-73.58553394967984],[-127.23292599171037,-73.58553394967984],[-127.23292599171037,-73.58553394967984],[-127.23292599171037,-73.58553394967984],[-127.23292599171037,-73.58553394967984],[-127.23292599171037,-73.58553394967984],[-127.23292599171037,-73.58553394967984],[-127.23292599171037,-73.58553394967984],[-127.23292599171037,-73.58553394967984],[-127.23292599171037,-73.58553394967984],[-127.23292599171037,-73.58553394967984],[-127.23292599171037,-73.58553394967984],[-127.23292599171037,-73.58553394967984],[-127.33201555063005,-73.56749887480997],[-127.41433610727101,-73.51628753040873],[-127.4290638904742,-73.44688608184074],[-127.39433732797406,-73.3822388650436],[-127.26762671599435,-73.30400074655371],[-127.12352698454846,-73.29428557728285],[-126.9778511219177,-73.30797983184019],[-126.83000484913063,-73.290771579887],[-126.596892463062,-73.27888600045986],[-126.32990617562605,-73.2862240538453],[-126.06527116585936,-73.314852797335],[-125.97587093799442,-73.356814060356],[-125.85665340869706,-73.38823333118947],[-125.73580807178253,-73.40564828887182],[-125.62682247607896,-73.45319060658035],[-125.56132259814902,-73.53638966257027],[-125.50391008187275,-73.56248626087768],[-125.32619483122097,-73.61783171986225],[-125.26395056852542,-73.66645924264891],[-125.27606869189786,-73.69048878366463],[-125.61237891325337,-73.71069426869076],[-125.72317318408714,-73.70268442168552],[-125.82843807666569,-73.71834238066995],[-125.85990902393146,-73.74867644642528],[-125.85704098193925,-73.78014739369104],[-125.79856909880101,-73.8019548481182],[-125.67439063200362,-73.82216033314432],[-125.55238257536253,-73.82014495228493],[-125.32686662484078,-73.79554697051401],[-125.22441809782214,-73.80076629017549],[-125.10876624235291,-73.82593271270163],[-124.99342444547746,-73.82975676869123],[-124.69439877002054,-73.74955494577424],[-124.61747840055408,-73.73529225046168],[-124.53998959033242,-73.73973642363879],[-124.12849015999223,-73.83394255970687],[-124.04203548876792,-73.88039967233726],[-124.10053321012231,-73.9068580056707],[-124.15179623095587,-73.94422006621772],[-124.12934282112505,-73.9710918110095],[-123.93232642301228,-74.00804046009819],[-123.85116858609788,-74.0569780414786],[-123.80042232958726,-74.07625335072346],[-123.81104183642324,-74.11738779082779],[-123.838792080564,-74.168237400203],[-123.83672502327231,-74.22570159291156],[-123.9373907133769,-74.25613901153147],[-123.9824525623354,-74.25603565866689],[-124.19939022509668,-74.22559824004698],[-124.87301835823739,-74.20833831166149],[-125.0895684477565,-74.18239674265098],[-125.42078854053125,-74.06994882598386],[-125.54930782764114,-74.06271412546299],[-125.68271053760262,-74.03542896921289],[-125.8868841215878,-73.95460702910839],[-126.24409745980539,-73.89088998809251],[-126.47168046761881,-73.81213510527971],[-126.46555681039221,-73.74624765410758],[-126.49607174366056,-73.70020395293551],[-126.53836890349145,-73.68015349720625],[-126.5826556059656,-73.66997324004477],[-126.71094234913016,-73.65359181100823],[-126.83824724008119,-73.65736419056554],[-126.90168006071949,-73.67679452910728],[-127.00640235075896,-73.72583546335227],[-127.12208004444429,-73.73420704538356],[-127.21160946338998,-73.7243885232481],[-127.23163408090308,-73.71348479603452],[-127.23292599171037,-73.58553394967984]]]},"properties":{"scalerank":1,"featurecla":"Glaciated Areas","min_zoom":2}},{"type":"Feature","geometry":{"bbox":[-67.808749559181,-80.08146819449749,-65.50444576685406,-79.52842701610986],"type":"Polygon","coordinates":[[[-66.785220302992,-79.60800872183934],[-66.785220302992,-79.60800872183934],[-66.785220302992,-79.60800872183934],[-66.785220302992,-79.60800872183934],[-66.785220302992,-79.60800872183934],[-66.785220302992,-79.60800872183934],[-66.785220302992,-79.60800872183934],[-66.785220302992,-79.60800872183934],[-66.785220302992,-79.60800872183934],[-66.785220302992,-79.60800872183934],[-66.785220302992,-79.60800872183934],[-66.785220302992,-79.60800872183934],[-66.785220302992,-79.60800872183934],[-66.785220302992,-79.60800872183934],[-66.785220302992,-79.60800872183934],[-66.785220302992,-79.60800872183934],[-66.785220302992,-79.60800872183934],[-66.785220302992,-79.60800872183934],[-66.785220302992,-79.60800872183934],[-66.785220302992,-79.60800872183934],[-66.27377865259933,-79.61198780712581],[-66.01415625676496,-79.62439015087587],[-65.87028906926439,-79.73771656689195],[-65.57924740259655,-79.77078948355874],[-65.5395599025964,-79.83693531689235],[-65.50444576685406,-79.95434417105949],[-65.89902116561866,-80.04048878369004],[-65.98940324569715,-80.0539763325182],[-66.17362972681768,-80.07779916780477],[-66.26716406926597,-80.08146819449749],[-66.3194864569615,-80.07511199332559],[-66.36689958358929,-80.05433806754425],[-66.4103853013629,-79.97330942171061],[-66.9041794501279,-79.90892058707492],[-66.9623412746724,-79.87269540803833],[-66.99363135442513,-79.793320408038],[-67.07724382187338,-79.76179778433998],[-67.71916846380303,-79.62025603629253],[-67.77076738144646,-79.58940520621427],[-67.808749559181,-79.54589365022451],[-67.68793006048259,-79.52842701610986],[-67.43822953964826,-79.56036305126624],[-66.9789294094381,-79.56868295686523],[-66.8812867906226,-79.582273858558],[-66.785220302992,-79.60800872183934]]]},"properties":{"scalerank":1,"featurecla":"Glaciated Areas","min_zoom":2}},{"type":"Feature","geometry":{"bbox":[-58.438107062398714,-64.41007333766396,-57.22223812521938,-63.803805434015715],"type":"Polygon","coordinates":[[[-57.29468848329258,-64.36697519313255],[-57.29468848329258,-64.36697519313255],[-57.29468848329258,-64.36697519313255],[-57.29468848329258,-64.36697519313255],[-57.29468848329258,-64.36697519313255],[-57.29468848329258,-64.36697519313255],[-57.29468848329258,-64.36697519313255],[-57.29468848329258,-64.36697519313255],[-57.29468848329258,-64.36697519313255],[-57.29468848329258,-64.36697519313255],[-57.29468848329258,-64.36697519313255],[-57.29468848329258,-64.36697519313255],[-57.29468848329258,-64.36697519313255],[-57.29468848329258,-64.36697519313255],[-57.29468848329258,-64.36697519313255],[-57.29468848329258,-64.36697519313255],[-57.29468848329258,-64.36697519313255],[-57.29468848329258,-64.36697519313255],[-57.29468848329258,-64.36697519313255],[-57.29468848329258,-64.36697519313255],[-57.38786109071482,-64.37886077255968],[-57.58076921246038,-64.35043873479914],[-57.68321773947904,-64.35726002386167],[-57.67073788108054,-64.31090626409586],[-57.703294033424434,-64.29323292425204],[-57.82282162131553,-64.30201791774165],[-57.871500820534465,-64.40102996201288],[-57.90979305686275,-64.41007333766396],[-57.95224524599053,-64.39405364365348],[-57.920696784076334,-64.33121510198656],[-57.97108130556092,-64.32041472763757],[-58.021569179910074,-64.32160328558028],[-58.169467129129416,-64.36852548610129],[-58.214063890197295,-64.36971404404402],[-58.30444597027578,-64.31457529078858],[-58.01996721050902,-64.24202157985079],[-58.13771196148605,-64.20615813584023],[-58.16223242860855,-64.16078622828796],[-58.14709123394703,-64.09732756943355],[-58.25044409853078,-64.10683603297525],[-58.35198828798431,-64.1307105446941],[-58.39759273948188,-64.13474130641286],[-58.438107062398714,-64.11345061630861],[-58.424955410380434,-64.06776865016259],[-58.341911383687396,-63.994284763443545],[-58.27478369814026,-63.916253350682815],[-58.145670132058996,-63.8775993793285],[-58.07037757020974,-63.84742034287004],[-57.97069373231872,-63.83465626409395],[-57.92565772157636,-63.80607919703655],[-57.83134823264367,-63.803805434015715],[-57.77951677105493,-63.868297621515964],[-57.7806794907815,-63.9068482400057],[-57.826929897682724,-63.949222914485034],[-57.84599850119843,-64.05386768987609],[-57.80855892600297,-64.06756194443342],[-57.77367733420596,-64.06151580185528],[-57.741172858294355,-64.04787322373022],[-57.71006364605466,-64.01516204208947],[-57.59291317404897,-63.967102960058035],[-57.47974178732978,-63.96162525823509],[-57.517103847876804,-64.01061451604778],[-57.249471605037186,-64.09706918727208],[-57.272803514216974,-64.1662639301109],[-57.22223812521938,-64.22140268336634],[-57.3276063706625,-64.23778411240286],[-57.413957689022226,-64.29592009873122],[-57.338406745011504,-64.3182959939136],[-57.29468848329258,-64.36697519313255]]]},"properties":{"scalerank":3,"featurecla":"Glaciated Areas","min_zoom":2.1}},{"type":"Feature","geometry":{"bbox":[-64.27206620955747,-64.83428517034795,-62.83649492048923,-64.26052174261129],"type":"Polygon","coordinates":[[[-63.13050798201384,-64.57233733506044],[-63.13050798201384,-64.57233733506044],[-63.13050798201384,-64.57233733506044],[-63.13050798201384,-64.57233733506044],[-63.13050798201384,-64.57233733506044],[-63.13050798201384,-64.57233733506044],[-63.13050798201384,-64.57233733506044],[-63.13050798201384,-64.57233733506044],[-63.13050798201384,-64.57233733506044],[-63.13050798201384,-64.57233733506044],[-63.13050798201384,-64.57233733506044],[-63.13050798201384,-64.57233733506044],[-63.13050798201384,-64.57233733506044],[-63.13050798201384,-64.57233733506044],[-63.13050798201384,-64.57233733506044],[-63.13050798201384,-64.57233733506044],[-63.13050798201384,-64.57233733506044],[-63.13050798201384,-64.57233733506044],[-63.13050798201384,-64.57233733506044],[-63.13050798201384,-64.57233733506044],[-63.032064378497815,-64.53497527451343],[-62.92824642602344,-64.51931731552898],[-62.83649492048923,-64.57182057073753],[-63.02557898624519,-64.61088795355019],[-63.20257076684486,-64.68028940211816],[-63.275434536376395,-64.71734140407145],[-63.35486121280902,-64.73387786240484],[-63.45782650415056,-64.72736663193606],[-63.558440517822845,-64.7341879209986],[-63.64685889347424,-64.80302092881136],[-63.739488898357415,-64.83428517034795],[-63.76990047876119,-64.80839527776972],[-63.804368659099865,-64.79149708441028],[-64.00709530298089,-64.7685010720404],[-64.099182705325,-64.73268930446213],[-64.18372534855452,-64.70953826279538],[-64.27206620955747,-64.69760100693594],[-64.22620337589844,-64.63538258245653],[-64.171064622643,-64.58194915146673],[-63.86715552433449,-64.50980885198729],[-63.896921149334624,-64.48707122177885],[-63.916144782147185,-64.45720224391415],[-63.67440243188582,-64.42139047633589],[-63.66830461287536,-64.38402841578886],[-63.683109910726984,-64.34279062281995],[-63.605569424073025,-64.31416187933024],[-63.53420427107795,-64.27292408636133],[-63.48560258650746,-64.26052174261129],[-63.33362219913705,-64.26620615016338],[-63.22964921736581,-64.32367034287195],[-63.27073198103784,-64.38061777125759],[-63.18055660668851,-64.46955291123192],[-63.27695899112901,-64.573319187274],[-63.13050798201384,-64.57233733506044]]]},"properties":{"scalerank":3,"featurecla":"Glaciated Areas","min_zoom":2.1}},{"type":"Feature","geometry":{"bbox":[-76.51150000680695,-71.13281544381064,-73.55033708361802,-70.55295419706354],"type":"Polygon","coordinates":[[[-74.20502580432377,-70.92409433378377],[-74.20502580432377,-70.92409433378377],[-74.20502580432377,-70.92409433378377],[-74.20502580432377,-70.92409433378377],[-74.20502580432377,-70.92409433378377],[-74.20502580432377,-70.92409433378377],[-74.20502580432377,-70.92409433378377],[-74.20502580432377,-70.92409433378377],[-74.20502580432377,-70.92409433378377],[-74.20502580432377,-70.92409433378377],[-74.20502580432377,-70.92409433378377],[-74.20502580432377,-70.92409433378377],[-74.20502580432377,-70.92409433378377],[-74.20502580432377,-70.92409433378377],[-74.20502580432377,-70.92409433378377],[-74.20502580432377,-70.92409433378377],[-74.20502580432377,-70.92409433378377],[-74.20502580432377,-70.92409433378377],[-74.20502580432377,-70.92409433378377],[-74.20502580432377,-70.92409433378377],[-74.50474911161663,-70.97339365019022],[-74.80581600614909,-71.01225432727371],[-76.17630082874572,-71.13240203235232],[-76.27130794951432,-71.13281544381064],[-76.36393795439751,-71.11684742623245],[-76.42147966175452,-71.09038909289902],[-76.51150000680695,-70.99080860787258],[-76.50026038278347,-70.94145761503384],[-76.3776063707387,-70.89417367948678],[-76.24888037789965,-70.86373626086686],[-76.03457821318526,-70.83588266386154],[-75.21000322131997,-70.772579034304],[-75.12695919462693,-70.75180510852266],[-75.05990902372824,-70.70560637805373],[-75.03755896676199,-70.65062265409517],[-75.00748328316811,-70.60891977323564],[-74.9535847642877,-70.59021290474598],[-74.89849768746456,-70.59052296333972],[-74.79049394397455,-70.63093393339197],[-74.58967932808832,-70.79200937284574],[-74.52712500679901,-70.76968515409567],[-74.4686789618769,-70.72669036242881],[-74.45617326526227,-70.58669890735013],[-74.40098283557455,-70.57589853300112],[-74.22497290718843,-70.61465585722003],[-74.1145403713807,-70.65537688586603],[-74.11265418160204,-70.5767253559178],[-74.03834347196633,-70.55295419706354],[-73.95783159045558,-70.56091236763649],[-73.87951595731725,-70.57817229602198],[-73.7066324530848,-70.63517140083991],[-73.55033708361802,-70.72348642362672],[-73.69451432971235,-70.79428313586658],[-74.20502580432377,-70.92409433378377]]]},"properties":{"scalerank":1,"featurecla":"Glaciated Areas","min_zoom":2}},{"type":"Feature","geometry":{"bbox":[-75.8129379950854,-70.17933359159329,-74.43800899931168,-69.7278366026592],"type":"Polygon","coordinates":[[[-74.84883663603208,-70.17933359159329],[-74.84883663603208,-70.17933359159329],[-74.84883663603208,-70.17933359159329],[-74.84883663603208,-70.17933359159329],[-74.84883663603208,-70.17933359159329],[-74.84883663603208,-70.17933359159329],[-74.84883663603208,-70.17933359159329],[-74.84883663603208,-70.17933359159329],[-74.84883663603208,-70.17933359159329],[-74.84883663603208,-70.17933359159329],[-74.84883663603208,-70.17933359159329],[-74.84883663603208,-70.17933359159329],[-74.84883663603208,-70.17933359159329],[-74.84883663603208,-70.17933359159329],[-74.84883663603208,-70.17933359159329],[-74.84883663603208,-70.17933359159329],[-74.84883663603208,-70.17933359159329],[-74.84883663603208,-70.17933359159329],[-74.84883663603208,-70.17933359159329],[-74.84883663603208,-70.17933359159329],[-75.26842342802594,-70.14946461372858],[-75.72674170602257,-70.09608285917109],[-75.76446550159562,-70.08507577909292],[-75.80415300159578,-70.0381535785719],[-75.8129379950854,-69.98394500109772],[-75.75950456409561,-69.9160938454985],[-75.68136979847031,-69.88167734159211],[-75.33996944853403,-69.84023284289403],[-75.31392452665892,-69.8168234190658],[-75.26454769560405,-69.74933399849262],[-75.1789715237287,-69.73517465604463],[-75.1363901435202,-69.74065235786757],[-74.987096930629,-69.7278366026592],[-74.81018266467775,-69.75243458443012],[-74.54970760771056,-69.86090341581077],[-74.46544918485867,-69.91692066841516],[-74.43800899931168,-69.94963185005591],[-74.46004899768417,-69.97164601021225],[-74.57843970406483,-69.9980009906811],[-74.67176734078396,-70.13173959745248],[-74.84883663603208,-70.17933359159329]]]},"properties":{"scalerank":1,"featurecla":"Glaciated Areas","min_zoom":2}},{"type":"Feature","geometry":{"bbox":[-102.31362016478778,-72.57830860787894,-95.53106258826324,-71.76373300566213],"type":"Polygon","coordinates":[[[-99.734914516991,-72.0329672179028],[-99.734914516991,-72.0329672179028],[-99.734914516991,-72.0329672179028],[-99.734914516991,-72.0329672179028],[-99.734914516991,-72.0329672179028],[-99.734914516991,-72.0329672179028],[-99.734914516991,-72.0329672179028],[-99.734914516991,-72.0329672179028],[-99.734914516991,-72.0329672179028],[-99.734914516991,-72.0329672179028],[-99.734914516991,-72.0329672179028],[-99.734914516991,-72.0329672179028],[-99.734914516991,-72.0329672179028],[-99.734914516991,-72.0329672179028],[-99.734914516991,-72.0329672179028],[-99.734914516991,-72.0329672179028],[-99.734914516991,-72.0329672179028],[-99.734914516991,-72.0329672179028],[-99.734914516991,-72.0329672179028],[-99.734914516991,-72.0329672179028],[-99.56306454140439,-71.94496225370973],[-99.25409115273126,-71.97219573352754],[-99.08211198606391,-71.93250823352739],[-98.96457394081605,-71.85432179146979],[-98.61542212603601,-71.76373300566213],[-98.39427283404294,-71.78150969837056],[-98.18914323606035,-71.82006031686029],[-98.09108720578651,-71.91245777779814],[-98.17591406939364,-72.01849781686107],[-98.16795589882067,-72.12303923938752],[-97.92316463905406,-72.11657968535104],[-97.81601355669687,-71.91886565540233],[-97.58476152219075,-71.88258879993344],[-97.47347632525018,-72.00025603626203],[-97.58199683306312,-72.09508228951762],[-97.52564368364884,-72.14918751412722],[-97.4602729967996,-72.18825489693987],[-97.34521542030177,-72.18908171985655],[-97.24199174679873,-72.13182423287715],[-97.19550879595221,-72.09099985136656],[-97.1547877673062,-72.04536956165285],[-97.08871944862106,-71.94403207792848],[-96.86943050819048,-71.8510144998031],[-96.38336198605312,-71.83628671659991],[-96.12497982459374,-71.8955595844387],[-96.2981992256361,-72.04516285592368],[-96.71491797563777,-72.13166920358027],[-96.97890703000081,-72.22189625436188],[-96.89015275753951,-72.24701100045573],[-96.79873714881519,-72.25946502063807],[-96.71760515011695,-72.2554859353516],[-96.48234819210819,-72.20763355904933],[-95.90636267778297,-72.1219540343094],[-95.68542009151908,-72.05668670032476],[-95.60937822140158,-72.06841725045501],[-95.60953325069846,-72.17497405384086],[-95.53106258826324,-72.24876799915366],[-95.57540096716967,-72.4099984679043],[-95.82569576697537,-72.43893726998775],[-96.07816097693731,-72.45382008248781],[-96.01428890662456,-72.52472014759226],[-96.02986935096055,-72.55427906686322],[-96.05175432003617,-72.57727507923309],[-96.69269710975226,-72.54761280709756],[-96.80393063026052,-72.55799976998823],[-96.9147765775266,-72.57830860787894],[-97.0276120674359,-72.57381275826954],[-97.25028581418158,-72.52084441517037],[-97.36552425819247,-72.52177459095162],[-97.59561357297203,-72.54766448352984],[-97.82831254758233,-72.55701791777469],[-98.16343421099512,-72.55608774199342],[-98.4078120593034,-72.54761280709756],[-98.64066606321059,-72.48973520293066],[-98.88152991412302,-72.47319874459725],[-99.14885209836886,-72.47195851022225],[-99.43433854856531,-72.40663949980532],[-99.67238603391783,-72.37987110787813],[-100.01425147174473,-72.31243336373724],[-100.10403927285185,-72.28700855904964],[-100.19519649941472,-72.2726941873048],[-100.35743465859505,-72.27812021269544],[-101.60195817748024,-72.17569752389295],[-101.7847893949289,-72.17771290475233],[-101.90333513060645,-72.19037363066384],[-102.02213924844546,-72.18499928170549],[-102.2648117744881,-72.1352865538407],[-102.31362016478778,-72.08107797636653],[-102.28827287474861,-72.03214039498611],[-102.23654476602445,-72.00924773548083],[-102.1281276110761,-71.98542490019426],[-100.40092037636867,-71.86569060657399],[-100.21863176145908,-71.83287607206866],[-100.0846089343101,-71.83690683378742],[-99.98518347858055,-71.93948455188679],[-99.833177252994,-72.04609303170493],[-99.78400712766827,-72.04438770943929],[-99.734914516991,-72.0329672179028]]]},"properties":{"scalerank":1,"featurecla":"Glaciated Areas","min_zoom":2}},{"type":"Feature","geometry":{"bbox":[-76.0963573879902,-73.61137216582577,-74.22388770211032,-72.82041269316636],"type":"Polygon","coordinates":[[[-75.3768405829743,-72.82041269316636],[-75.3768405829743,-72.82041269316636],[-75.3768405829743,-72.82041269316636],[-75.3768405829743,-72.82041269316636],[-75.3768405829743,-72.82041269316636],[-75.3768405829743,-72.82041269316636],[-75.3768405829743,-72.82041269316636],[-75.3768405829743,-72.82041269316636],[-75.3768405829743,-72.82041269316636],[-75.3768405829743,-72.82041269316636],[-75.3768405829743,-72.82041269316636],[-75.3768405829743,-72.82041269316636],[-75.3768405829743,-72.82041269316636],[-75.3768405829743,-72.82041269316636],[-75.3768405829743,-72.82041269316636],[-75.3768405829743,-72.82041269316636],[-75.3768405829743,-72.82041269316636],[-75.3768405829743,-72.82041269316636],[-75.3768405829743,-72.82041269316636],[-75.3768405829743,-72.82041269316636],[-74.47387244332224,-72.89379322702082],[-74.33556047229304,-72.91890797311467],[-74.27577084013134,-72.95130909616168],[-74.22388770211032,-72.99704273873998],[-74.35444820829572,-73.09843189889664],[-74.4989355129838,-73.22922494902737],[-74.52247412789274,-73.24390105579828],[-74.66768490263291,-73.27526865019942],[-74.61538835315353,-73.31139047637144],[-74.57546830920806,-73.32777190540797],[-74.55063778349182,-73.36911305124147],[-74.46712866890815,-73.42709400827295],[-74.36612708199368,-73.4643010395231],[-74.45211666532737,-73.56538014108601],[-74.57466732450754,-73.61137216582577],[-75.90081376819774,-73.3326294900434],[-76.0032106187841,-73.28798105254323],[-76.05310421416189,-73.25464975371497],[-76.09044043649277,-73.20281829212622],[-76.0963573879902,-73.15047006621455],[-76.06243181019057,-73.1088188617873],[-76.0176800198258,-73.08546111439138],[-75.89763566761178,-73.05636728301106],[-75.77464575875713,-73.05430022571937],[-75.50585079619094,-73.10892221465188],[-75.46758439807883,-73.10106739694352],[-75.41725155302655,-73.05150969837561],[-75.27622656930201,-73.05037281686519],[-75.2438771226873,-73.00934172962545],[-75.43944658069589,-72.99420053496392],[-75.6003153144205,-72.95260100696898],[-75.7017303127933,-72.91105315540631],[-75.73105668811894,-72.8793238259791],[-75.3768405829743,-72.82041269316636]]]},"properties":{"scalerank":1,"featurecla":"Glaciated Areas","min_zoom":2}},{"type":"Feature","geometry":{"bbox":[-69.138048265241,-67.75343515408359,-67.68113460963622,-66.62430510850615],"type":"Polygon","coordinates":[[[-68.90134436712808,-67.74423674913564],[-68.90134436712808,-67.74423674913564],[-68.90134436712808,-67.74423674913564],[-68.90134436712808,-67.74423674913564],[-68.90134436712808,-67.74423674913564],[-68.90134436712808,-67.74423674913564],[-68.90134436712808,-67.74423674913564],[-68.90134436712808,-67.74423674913564],[-68.90134436712808,-67.74423674913564],[-68.90134436712808,-67.74423674913564],[-68.90134436712808,-67.74423674913564],[-68.90134436712808,-67.74423674913564],[-68.90134436712808,-67.74423674913564],[-68.90134436712808,-67.74423674913564],[-68.90134436712808,-67.74423674913564],[-68.90134436712808,-67.74423674913564],[-68.90134436712808,-67.74423674913564],[-68.90134436712808,-67.74423674913564],[-68.90134436712808,-67.74423674913564],[-68.90134436712808,-67.74423674913564],[-68.98234717474558,-67.68000294379684],[-69.09755978054031,-67.60274667752049],[-69.12034908718104,-67.57794199002039],[-69.138048265241,-67.51520680121806],[-69.1326480780665,-67.45267831814489],[-69.0824185858788,-67.40317229600927],[-68.81992814805223,-67.23362192165963],[-68.73357682969251,-67.15719247829995],[-68.65637223984845,-67.0704277484819],[-68.57459428574656,-66.99260304145034],[-68.41685197617561,-66.85328337999144],[-68.33592668320654,-66.8020720355902],[-67.93765641953307,-66.65686126085005],[-67.83053117539201,-66.62430510850615],[-67.7111069403655,-66.63298674913119],[-67.68113460963622,-66.70895110460025],[-67.74079505071718,-66.7461581358504],[-67.93238542343931,-66.84449838650183],[-67.96917904323111,-66.98211272569509],[-67.96840389674674,-67.03218718858591],[-67.9489218817727,-67.04479623806513],[-67.8760839504573,-67.06236622504437],[-67.8277664862644,-67.08195159288299],[-67.76118140325632,-67.12293100369044],[-67.68785254583416,-67.1473739561645],[-67.8480753241551,-67.21915252061791],[-67.95633744980658,-67.25537769965452],[-68.03010555690324,-67.2999744607224],[-68.17516130234652,-67.34415781033195],[-68.2351059638051,-67.37195973090498],[-68.14441382513286,-67.38245004666022],[-68.00698035345262,-67.41800343207704],[-67.96948910182486,-67.45030120225945],[-67.98850602890828,-67.47443409613976],[-68.09253068711182,-67.53866790147856],[-68.17510962591423,-67.55820159288488],[-68.25040218776348,-67.5396497536921],[-68.32510047064139,-67.53241505317125],[-68.38129859075882,-67.55541106554114],[-68.43940873887101,-67.65628346137487],[-68.50671729193118,-67.70713307075007],[-68.5804078843794,-67.73276458116683],[-68.62236914740039,-67.72258432400534],[-68.66404619004379,-67.7228943825991],[-68.73370602077324,-67.74568368923981],[-68.81830034043503,-67.75343515408359],[-68.90134436712808,-67.74423674913564]]]},"properties":{"scalerank":1,"featurecla":"Glaciated Areas","min_zoom":2}},{"type":"Feature","geometry":{"bbox":[-164.2816206533169,-79.84448007600696,-158.9965944081786,-78.71917408641913],"type":"Polygon","coordinates":[[[-160.24959286195963,-79.27149179475467],[-160.24959286195963,-79.27149179475467],[-160.24959286195963,-79.27149179475467],[-160.24959286195963,-79.27149179475467],[-160.24959286195963,-79.27149179475467],[-160.24959286195963,-79.27149179475467],[-160.24959286195963,-79.27149179475467],[-160.24959286195963,-79.27149179475467],[-160.24959286195963,-79.27149179475467],[-160.24959286195963,-79.27149179475467],[-160.24959286195963,-79.27149179475467],[-160.24959286195963,-79.27149179475467],[-160.24959286195963,-79.27149179475467],[-160.24959286195963,-79.27149179475467],[-160.24959286195963,-79.27149179475467],[-160.24959286195963,-79.27149179475467],[-160.24959286195963,-79.27149179475467],[-160.24959286195963,-79.27149179475467],[-160.24959286195963,-79.27149179475467],[-160.24959286195963,-79.27149179475467],[-159.96351213279183,-79.32435678498925],[-159.68409766338968,-79.40243987418228],[-159.41881669821933,-79.50806650178686],[-159.36639095765926,-79.54522185660471],[-159.25611345114837,-79.59100717561532],[-159.1897092356533,-79.63725758251654],[-159.11875749411658,-79.674516290199],[-159.05137142640797,-79.69456674592823],[-158.9965944081786,-79.73518442170965],[-159.0095910309,-79.78045297639733],[-159.05292171937674,-79.80742807405369],[-160.3020961171682,-79.84448007600696],[-160.80669064028217,-79.81202727652766],[-161.86551489972652,-79.70350676871473],[-163.31723507388597,-79.50475921012018],[-163.71240475162193,-79.44202402131785],[-163.97089026594588,-79.38879729605722],[-164.2257584300094,-79.32079111116111],[-164.2816206533169,-79.24555022574414],[-164.24485287174124,-79.13764983511871],[-164.19953264062127,-79.05073007600379],[-164.12553198957931,-78.9953329405869],[-163.8146465729114,-78.92877369579496],[-163.6602373932233,-78.85575489696654],[-163.3452953766205,-78.77984221792978],[-163.25610185448468,-78.72206796662746],[-163.12412024641125,-78.71917408641913],[-162.87274024152742,-78.72516855256498],[-162.62156694237277,-78.74175668733068],[-162.39003068748903,-78.7601534972266],[-162.1606906809777,-78.79348479605484],[-161.64297034406158,-78.90102345165423],[-161.28343156639085,-79.00706349071714],[-160.76441931866742,-79.13160369254057],[-160.24959286195963,-79.27149179475467]]]},"properties":{"scalerank":1,"featurecla":"Glaciated Areas","min_zoom":2}},{"type":"Feature","geometry":{"bbox":[-71.78354570177501,-79.68304290152714,-66.72806616887719,-78.31573617951648],"type":"Polygon","coordinates":[[[-66.72806616887719,-78.38369068798028],[-66.72806616887719,-78.38369068798028],[-66.72806616887719,-78.38369068798028],[-66.72806616887719,-78.38369068798028],[-66.72806616887719,-78.38369068798028],[-66.72806616887719,-78.38369068798028],[-66.72806616887719,-78.38369068798028],[-66.72806616887719,-78.38369068798028],[-66.72806616887719,-78.38369068798028],[-66.72806616887719,-78.38369068798028],[-66.72806616887719,-78.38369068798028],[-66.72806616887719,-78.38369068798028],[-66.72806616887719,-78.38369068798028],[-66.72806616887719,-78.38369068798028],[-66.72806616887719,-78.38369068798028],[-66.72806616887719,-78.38369068798028],[-66.72806616887719,-78.38369068798028],[-66.72806616887719,-78.38369068798028],[-66.72806616887719,-78.38369068798028],[-66.72806616887719,-78.38369068798028],[-66.78702897812222,-78.4217245421471],[-67.04616044784981,-78.51412200308496],[-67.16638566757686,-78.56957081493415],[-67.4809401109375,-78.68238046662731],[-68.15702287461207,-78.87084441519578],[-68.63792375352024,-79.0131613097276],[-69.25088375515031,-79.21030689892109],[-69.39441504584099,-79.27976002392137],[-69.68649024115464,-79.44336760855744],[-69.63447791205289,-79.51752328889627],[-69.73173295762618,-79.61834400829773],[-70.11633480495846,-79.66598967887083],[-70.33407345242026,-79.67983896272504],[-70.55253556993415,-79.68304290152714],[-70.98374955919368,-79.67436126090212],[-71.41400753445583,-79.64025481558947],[-71.52578365750315,-79.62366668082379],[-71.68665239122775,-79.56806283967772],[-71.73520239936597,-79.53860727327135],[-71.77773210314218,-79.50057341910454],[-71.78354570177501,-79.44434946077098],[-71.66750627306362,-79.24565357860872],[-71.45400509304974,-79.1289165180614],[-71.25450822618697,-79.05967009879028],[-70.62589026557248,-78.90159189240944],[-70.544008958606,-78.88371184683645],[-69.97189917670266,-78.80940113720074],[-69.74767513698822,-78.76914519644536],[-69.39826494004672,-78.68615284618461],[-67.47848548040363,-78.36250335074061],[-67.03812476262843,-78.31573617951648],[-66.84020402695056,-78.34968759553223],[-66.72806616887719,-78.38369068798028]]]},"properties":{"scalerank":1,"featurecla":"Glaciated Areas","min_zoom":2}},{"type":"Feature","geometry":{"bbox":[-54.37161109070276,-80.87010222770377,-42.94466000016226,-77.78527760204038],"type":"Polygon","coordinates":[[[-43.94723446305689,-78.59752776480406],[-43.94723446305689,-78.59752776480406],[-43.94723446305689,-78.59752776480406],[-43.94723446305689,-78.59752776480406],[-43.94723446305689,-78.59752776480406],[-43.94723446305689,-78.59752776480406],[-43.94723446305689,-78.59752776480406],[-43.94723446305689,-78.59752776480406],[-43.94723446305689,-78.59752776480406],[-43.94723446305689,-78.59752776480406],[-43.94723446305689,-78.59752776480406],[-43.94723446305689,-78.59752776480406],[-43.94723446305689,-78.59752776480406],[-43.94723446305689,-78.59752776480406],[-43.94723446305689,-78.59752776480406],[-43.94723446305689,-78.59752776480406],[-43.94723446305689,-78.59752776480406],[-43.94723446305689,-78.59752776480406],[-43.94723446305689,-78.59752776480406],[-43.94723446305689,-78.59752776480406],[-45.067812059090016,-78.6614515115491],[-45.21307451026247,-78.68703134553357],[-45.29477494971593,-78.73984465933587],[-45.35234249528908,-78.79121103303399],[-45.22263465023647,-78.81069304800803],[-45.09160905616042,-78.81431039826846],[-44.56631812191354,-78.80428517040383],[-44.041156378747374,-78.80666228628928],[-43.722080247561195,-78.81844451285181],[-43.62735734717019,-78.84614308056025],[-43.54431332047716,-78.90190195100318],[-43.45062394873199,-78.98964853303478],[-43.36365251318476,-79.08473316845183],[-43.267224290528134,-79.1631263162386],[-43.21053524430394,-79.30001718537977],[-43.11870622412128,-79.35003997183831],[-42.96538224951129,-79.47706064241176],[-42.94466000016226,-79.57912159618819],[-42.98998023128223,-79.80127857861095],[-43.065944586751286,-79.89140227652798],[-43.267275966960426,-79.97863209423666],[-43.49578915055509,-79.96933033642412],[-43.60027889664926,-79.9739295388981],[-43.703657599449144,-79.99015593863774],[-43.74220821793888,-80.00297169384613],[-43.75822791194936,-80.02054168082537],[-43.49000139013839,-80.09552418408087],[-43.4588405014664,-80.12301604606016],[-43.4537762111018,-80.15505543408112],[-43.489381272950894,-80.17799977001872],[-43.52793189144063,-80.1913839659823],[-49.187508917830456,-80.64277760205182],[-49.410466884953756,-80.66691049593211],[-49.62967831073587,-80.71228240348438],[-49.70130184589242,-80.75326181429185],[-49.77305457212968,-80.78416432080238],[-54.16252824564984,-80.87010222770377],[-54.20211239278541,-80.86384937939646],[-54.24133480489495,-80.846951186037],[-54.35081132670528,-80.76034148551582],[-54.37161109070276,-80.62365732210382],[-54.34719397644485,-80.56939706819736],[-54.12958452006377,-80.51648040153047],[-54.04491268575353,-80.48748992301475],[-53.67609798848643,-80.28367807405559],[-53.48233720560806,-80.18895517366458],[-53.393892991740515,-80.10880502717988],[-53.34650570332887,-80.114489434732],[-53.17641272644016,-80.1608948709301],[-53.05344865580166,-80.17500253694578],[-52.80721045593087,-80.15598560986237],[-52.56678585469294,-80.09903818147673],[-52.46100419779147,-80.06658538199743],[-52.3571345688848,-80.07785084423706],[-52.33809180358524,-80.12606495556537],[-52.29716406921008,-80.14120615022689],[-51.711334194533265,-79.9898975564763],[-51.18384701191397,-79.81967538850685],[-50.66436967629991,-79.626715590329],[-50.40156917987959,-79.5116838520473],[-50.33924740253559,-79.47954111116175],[-50.29490902362916,-79.42972503043238],[-50.33134090839494,-79.38145924267177],[-50.378676520374285,-79.33815439241118],[-50.41955257831715,-79.32125619905173],[-50.46389095722358,-79.31329802847878],[-50.73307349303195,-79.28275725699429],[-50.64902177590922,-79.23283782340035],[-50.57328996438548,-79.17222136832197],[-50.52029578307017,-79.10437021272274],[-50.50238989928103,-79.02173959748804],[-50.513707037952955,-78.97983001089933],[-50.50249325214561,-78.94990935660233],[-50.37976172545241,-78.9228825825137],[-50.29777706562136,-78.88226490673227],[-50.24194068052999,-78.83327564891958],[-50.335423346545994,-78.81828948355495],[-50.37738460956699,-78.78051401154957],[-50.29418555357708,-78.69597136832007],[-50.21961646177989,-78.60522755321554],[-50.14163672545146,-78.55670338329347],[-49.939762742703266,-78.46223886506392],[-49.35416541197175,-78.22246021922963],[-49.14363562681466,-78.09388925568746],[-49.08123633482222,-78.04748381948934],[-47.692070481952086,-77.84010629670207],[-47.46345394549283,-77.81907398875927],[-47.02994035499631,-77.79054859813417],[-46.82566341814653,-77.78527760204038],[-46.25786861833957,-77.80486296987901],[-45.9931819321406,-77.82682545360305],[-45.53026445166999,-77.88149911896785],[-44.851933763190715,-77.98841765737974],[-44.59448177751261,-78.03518482860389],[-44.33982031917826,-78.09285572704161],[-44.09399553076582,-78.16732146597421],[-43.854501105309126,-78.25847869253707],[-43.808612433433936,-78.28648731883926],[-43.784582892418214,-78.33635507600093],[-43.776702236493705,-78.38508595165217],[-43.788277757327094,-78.4325765929284],[-43.85227901872058,-78.52988331493398],[-43.94723446305689,-78.59752776480406]]]},"properties":{"scalerank":1,"featurecla":"Glaciated Areas","min_zoom":2}},{"type":"Feature","geometry":{"bbox":[-66.77113847519249,-80.94818531689678,-59.32169653994132,-79.74102385855863],"type":"Polygon","coordinates":[[[-59.498171556218054,-80.11505787548721],[-59.498171556218054,-80.11505787548721],[-59.498171556218054,-80.11505787548721],[-59.498171556218054,-80.11505787548721],[-59.498171556218054,-80.11505787548721],[-59.498171556218054,-80.11505787548721],[-59.498171556218054,-80.11505787548721],[-59.498171556218054,-80.11505787548721],[-59.498171556218054,-80.11505787548721],[-59.498171556218054,-80.11505787548721],[-59.498171556218054,-80.11505787548721],[-59.498171556218054,-80.11505787548721],[-59.498171556218054,-80.11505787548721],[-59.498171556218054,-80.11505787548721],[-59.498171556218054,-80.11505787548721],[-59.498171556218054,-80.11505787548721],[-59.498171556218054,-80.11505787548721],[-59.498171556218054,-80.11505787548721],[-59.498171556218054,-80.11505787548721],[-59.498171556218054,-80.11505787548721],[-59.407815314355716,-80.15092131949777],[-59.32169653994132,-80.19618987418545],[-59.42659969749381,-80.19768849072192],[-59.53008175315829,-80.207972100748],[-59.61240230979924,-80.25546274202422],[-59.683276536687536,-80.31530405061821],[-59.73391944033359,-80.34413949983708],[-59.773710293198334,-80.55807992952543],[-59.7713331773129,-80.65652353304145],[-59.82551591657093,-80.73326303499489],[-59.92636247418852,-80.77434579866693],[-60.124670783108584,-80.84069833772969],[-60.26820207379926,-80.8813676899434],[-60.58280819359219,-80.94818531689678],[-62.0233662583766,-80.8890158019226],[-62.670510219967724,-80.83423878369321],[-62.940364549395895,-80.76587086377106],[-62.986098191974186,-80.73460662223448],[-63.06754024926619,-80.62748137809342],[-63.14399553084202,-80.59482187288496],[-63.714942593018776,-80.61693938590588],[-64.06502458358008,-80.65042571403102],[-64.12649369979127,-80.66784067171338],[-64.21995052759111,-80.73403818147926],[-64.26826799178401,-80.74850758252099],[-65.20283626978255,-80.60743092236417],[-66.18375830754688,-80.44201466259788],[-66.59143368189747,-80.35762704866526],[-66.73359554713242,-80.3185596658526],[-66.77113847519249,-80.29385833121708],[-66.68111813014002,-80.26047535595654],[-66.5884106106084,-80.23856454866478],[-66.4826547919231,-80.22445688264911],[-66.3769764878862,-80.22228647249284],[-66.29579281275566,-80.23474049267519],[-66.2173996649689,-80.2581499165034],[-66.16763526067182,-80.34615488069646],[-66.11549374048933,-80.36124439892569],[-65.98007564966846,-80.38449879345704],[-62.51881405297493,-80.37333668408199],[-62.23185482445817,-80.36868580517572],[-61.633286709221395,-80.34408782340479],[-61.31284115257948,-80.3065707335609],[-61.193985358308176,-80.25665129996693],[-61.484768642814544,-80.24383554475855],[-61.597474941643135,-80.20585336702402],[-61.69434241397424,-80.13438486116436],[-61.71684750023735,-80.0693242329089],[-61.68418799502889,-80.01976653434099],[-61.30235083682424,-79.99578866975756],[-61.24623023135526,-79.9783220356429],[-61.34622412784004,-79.95062346793446],[-61.343123541902536,-79.886803074054],[-61.11499793155006,-79.86220509228306],[-61.026321173737195,-79.80892669059016],[-60.57882910830571,-79.74102385855863],[-59.873316616440924,-79.77693897900147],[-59.706324225489716,-79.87527922965292],[-59.75241960309409,-79.93796274202296],[-59.78564754905775,-80.00105966585133],[-59.787766282781725,-80.10100188590381],[-59.498171556218054,-80.11505787548721]]]},"properties":{"scalerank":1,"featurecla":"Glaciated Areas","min_zoom":2}},{"type":"Feature","geometry":{"bbox":[-75.38273169625556,-72.66972421660326,-68.22781958685194,-68.78892750434815],"type":"Polygon","coordinates":[[[-70.54344051785078,-72.6644532205095],[-70.54344051785078,-72.6644532205095],[-70.54344051785078,-72.6644532205095],[-70.54344051785078,-72.6644532205095],[-70.54344051785078,-72.6644532205095],[-70.54344051785078,-72.6644532205095],[-70.54344051785078,-72.6644532205095],[-70.54344051785078,-72.6644532205095],[-70.54344051785078,-72.6644532205095],[-70.54344051785078,-72.6644532205095],[-70.54344051785078,-72.6644532205095],[-70.54344051785078,-72.6644532205095],[-70.54344051785078,-72.6644532205095],[-70.54344051785078,-72.6644532205095],[-70.54344051785078,-72.6644532205095],[-70.54344051785078,-72.6644532205095],[-70.54344051785078,-72.6644532205095],[-70.54344051785078,-72.6644532205095],[-70.54344051785078,-72.6644532205095],[-70.54344051785078,-72.6644532205095],[-70.73136186388018,-72.62295704537911],[-70.9229522366023,-72.61308684681136],[-71.15859676785325,-72.62693613066558],[-71.84612586128048,-72.63939015084793],[-72.36746354845705,-72.66972421660326],[-72.43327348498073,-72.65830372506674],[-72.47988562690801,-72.61732431425929],[-72.53081275093166,-72.58957407011856],[-72.67020992703898,-72.59587859485816],[-72.78038408068525,-72.58053069446748],[-72.88763851590704,-72.54663095488401],[-73.00703691271741,-72.48405079537855],[-73.05739559598584,-72.4475672341805],[-73.08638607450158,-72.40782805774803],[-72.8548239814017,-72.30416513457054],[-72.73751848009914,-72.28060068144545],[-72.61822343615337,-72.27507130319022],[-72.37609351264979,-72.29631031686218],[-72.1349712795759,-72.33134693795607],[-71.60533952501649,-72.35894215279993],[-70.87259355333387,-72.36643523548226],[-70.67113298204401,-72.35635833118533],[-70.42768530951699,-72.32256194446644],[-70.20599341498485,-72.22778736764316],[-70.31420386420403,-72.19099374785134],[-70.42417131212113,-72.1677910297523],[-70.533208584257,-72.16334685657519],[-70.64141903347618,-72.1695997048825],[-70.94517310248781,-72.22907927845046],[-71.17774288601738,-72.26406422311204],[-71.41253475613551,-72.28447641386734],[-71.66146013048547,-72.24985320423178],[-71.89219540066868,-72.15285654081994],[-71.89756974962704,-72.12081715279898],[-71.10663611518376,-72.04707488391847],[-71.03436662462357,-72.03456918730384],[-70.89109371609436,-71.98738860462136],[-70.84463660346397,-71.9457890766264],[-70.82099463569044,-71.90651498808458],[-71.35496721056236,-71.83644174589679],[-71.46465043810187,-71.83788868600097],[-71.57443701850596,-71.85060108834477],[-71.81617936876734,-71.82192066842278],[-72.04595862495316,-71.73960011178183],[-72.25909806994099,-71.64115650826581],[-72.3366127183788,-71.63226816191161],[-72.4122153388218,-71.66234384550548],[-72.9276619127171,-71.92170785917838],[-72.97205196805581,-71.92367156360548],[-73.1667170884993,-71.90455128365748],[-73.4099838935133,-71.85313323352707],[-73.63291602242043,-71.83494312936033],[-73.77595638700434,-71.84894744251143],[-73.8298807441009,-71.87023813261568],[-73.69056108264202,-71.92940764758988],[-73.57229956734207,-71.98092905058488],[-73.5371079169513,-72.02232187285067],[-73.89928219266889,-72.15233977649702],[-73.99560706246095,-72.16980641061167],[-74.15298763700585,-72.1587476541012],[-74.20895321317795,-72.1423145486324],[-74.32178870308726,-72.07265471790295],[-74.42927568225434,-72.05554981881434],[-74.66321489123966,-72.06991586699148],[-74.78586890328442,-72.06355966581958],[-74.90823869495158,-72.03332895292884],[-75.02409725614996,-71.98852548613178],[-75.1297497219707,-71.96392750436085],[-75.25886328805194,-71.9139563943346],[-75.35306942412004,-71.87840300891781],[-75.38273169625556,-71.82796681100093],[-75.37322323271385,-71.78026946399552],[-75.33082272001838,-71.75231251412563],[-75.3248799303048,-71.72559579863074],[-75.35312110055231,-71.67970712675555],[-75.33542192249234,-71.64518726998458],[-75.29258216012238,-71.61490488066154],[-75.09967403837683,-71.5553736306613],[-74.86315100777692,-71.54338469836958],[-74.63636898466403,-71.61748870227613],[-74.487463345015,-71.64151824329186],[-74.41865617541836,-71.64322356555748],[-74.39181026884273,-71.63815927519288],[-74.37333594429839,-71.61800546659904],[-74.38005388049635,-71.57940317167703],[-74.42033565946787,-71.50726287219756],[-74.42537411161632,-71.45693002714528],[-74.3750154283479,-71.41496876412428],[-74.30788774280074,-71.39987924589505],[-74.23608334013119,-71.38835540149397],[-74.18722327339921,-71.3830327289679],[-74.04097897001321,-71.41047291451488],[-73.93710934110655,-71.43822315865562],[-73.72427995471247,-71.51697804146843],[-73.545376146118,-71.57309864693741],[-73.4789977688391,-71.57867970162494],[-73.42716630725035,-71.55888762805715],[-73.38019243029703,-71.52788176868202],[-73.59219499377444,-71.44809335722337],[-73.61710303413912,-71.39662363066066],[-73.60446814644376,-71.35078663521777],[-73.47395931669064,-71.32489674263954],[-73.39742652046637,-71.32117603951453],[-73.0197493150612,-71.36861500435846],[-72.82105343289896,-71.38354949329081],[-72.62155656603619,-71.38835540149397],[-72.21168494331319,-71.33502532336875],[-72.43009538439479,-71.2749773090456],[-72.90546688504773,-71.22314584745685],[-72.99455705431893,-71.1865072569619],[-73.06041866727492,-71.12697600696167],[-72.7104400295782,-71.07292245878436],[-72.35635311551428,-71.07478281034687],[-71.71851091173569,-71.1451661111284],[-71.50451880561505,-71.11157643013868],[-71.30752824571843,-71.01085906360183],[-71.19404680040547,-70.98481414172673],[-70.7411028713672,-70.99256560657051],[-70.3806597561314,-70.94641855253386],[-70.3229113430452,-70.95122446073701],[-70.26769507514135,-70.96476368599748],[-69.91645036485349,-71.1337972960242],[-69.86978654649393,-71.12568409615437],[-69.8351116604261,-71.09255950305528],[-69.8228643459729,-71.03370004667484],[-69.82250261094686,-70.97339365019022],[-69.83040910508751,-70.91365569446081],[-69.87578101263978,-70.87598357532003],[-69.93319352891605,-70.88037607206485],[-69.99300899929389,-70.89711923612741],[-70.09401058620836,-70.8825981586534],[-70.19625240749784,-70.85061044706472],[-70.29867509630033,-70.836141046023],[-70.66064266628875,-70.81789926542397],[-70.91695777045645,-70.78585987740301],[-71.04940446642053,-70.76208871854875],[-71.17265275743664,-70.71299610787148],[-71.19004187690285,-70.65956267688168],[-71.06108334011847,-70.53708953234994],[-70.56209570990815,-70.40407439563064],[-70.3280789862744,-70.3612346332607],[-70.09044491238022,-70.35069264107315],[-69.97528398301779,-70.36014942818257],[-69.7020448472745,-70.41477141711506],[-69.65987687852433,-70.41234262479735],[-69.61835486517782,-70.3980282530525],[-69.88301571316065,-70.3052173806563],[-70.1178850979272,-70.23421396268726],[-70.23405371771935,-70.18041879667142],[-70.32766557481607,-70.15969654732238],[-70.71955379910149,-70.13949106229626],[-70.92623369005284,-70.19235605253084],[-71.0237471177876,-70.20139942818193],[-71.12048539903799,-70.1964384906819],[-71.69608334012102,-70.06776417427514],[-71.72853613960032,-70.05365650825945],[-71.8099781968923,-70.00518401476968],[-71.85359310574665,-69.96937224719142],[-71.87925045437956,-69.90896249784221],[-71.86770077176233,-69.84715748482112],[-71.8519911363456,-69.80705657336264],[-71.7664924791187,-69.64944345487243],[-71.71820085314195,-69.52402475370005],[-71.74290218777746,-69.42279062284027],[-71.83362016466585,-69.36677337023588],[-71.96325049507001,-69.32873951606905],[-72.08065934923715,-69.26714120877715],[-72.1143265448753,-69.22538665148531],[-72.13517798530506,-69.17660409940179],[-72.13786515978424,-69.11454070421924],[-72.10864213732319,-69.06002206815131],[-72.05787004259642,-69.00100758247399],[-71.9901222398618,-68.97077686958326],[-71.86899268256964,-68.94106292101543],[-71.391554124625,-68.87357350044223],[-70.41701412624872,-68.78892750434815],[-70.3119301011832,-68.83218067817644],[-70.15429114447684,-68.92292449328097],[-70.10545691596103,-68.95940805447904],[-70.05272111680718,-69.1395520974485],[-70.05111914740611,-69.18905811958412],[-70.07936031765362,-69.31096282336065],[-69.91329810248368,-69.26729623807402],[-69.85495541042616,-69.27659799588656],[-69.70757422552973,-69.32093637479298],[-69.41694597032023,-69.58324594510655],[-69.3529705471429,-69.66628997179957],[-69.23377885606169,-69.90911752713909],[-69.0912552558007,-70.09029509875441],[-68.73057959661958,-70.40810515734941],[-68.55351030137147,-70.58147958768865],[-68.45945919460026,-70.6828687478453],[-68.45075171575908,-70.81784758899168],[-68.33597835963883,-70.85608814888766],[-68.31401587591479,-70.91174366646601],[-68.27794572617506,-71.09710702909696],[-68.25241756862287,-71.31352792753533],[-68.22781958685194,-71.72523406360469],[-68.24099707708636,-71.82212737415195],[-68.39390764023803,-71.97514129016818],[-68.46075110540757,-72.08531544381447],[-68.54258073594174,-72.15761077259079],[-68.64001664902808,-72.20980396920558],[-69.14926205104834,-72.4265349262377],[-69.20931006537148,-72.53422861113397],[-70.06305640326553,-72.62616098418121],[-70.54344051785078,-72.6644532205095]]]},"properties":{"scalerank":1,"featurecla":"Glaciated Areas","min_zoom":2}},{"type":"Feature","geometry":{"bbox":[163.7372204938286,-74.83269296661192,164.2085095563305,-74.60769378041309],"type":"Polygon","coordinates":[[[163.7416646670057,-74.71156340931975],[163.7416646670057,-74.71156340931975],[163.7416646670057,-74.71156340931975],[163.7416646670057,-74.71156340931975],[163.7416646670057,-74.71156340931975],[163.7416646670057,-74.71156340931975],[163.7416646670057,-74.71156340931975],[163.7416646670057,-74.71156340931975],[163.7416646670057,-74.71156340931975],[163.7416646670057,-74.71156340931975],[163.7416646670057,-74.71156340931975],[163.7416646670057,-74.71156340931975],[163.7416646670057,-74.71156340931975],[163.7416646670057,-74.71156340931975],[163.7416646670057,-74.71156340931975],[163.7416646670057,-74.71156340931975],[163.7416646670057,-74.71156340931975],[163.7416646670057,-74.71156340931975],[163.7416646670057,-74.71156340931975],[163.7416646670057,-74.71156340931975],[164.00232059148593,-74.62888111765275],[164.2085095563305,-74.60769378041309],[164.09823204981961,-74.73197560007505],[164.059164667007,-74.7526978494241],[163.97596561101705,-74.83269296661192],[163.84460412013112,-74.83269296661192],[163.76336876856828,-74.8028239887472],[163.7372204938286,-74.73383595163756],[163.7416646670057,-74.71156340931975]]]},"properties":{"scalerank":4,"featurecla":"Glaciated Areas","min_zoom":3}},{"type":"Feature","geometry":{"bbox":[164.6389742373218,-67.56884693793701,164.9186470888854,-67.25940846137328],"type":"Polygon","coordinates":[[[164.6840360862803,-67.25940846137328],[164.6840360862803,-67.25940846137328],[164.6840360862803,-67.25940846137328],[164.6840360862803,-67.25940846137328],[164.6840360862803,-67.25940846137328],[164.6840360862803,-67.25940846137328],[164.6840360862803,-67.25940846137328],[164.6840360862803,-67.25940846137328],[164.6840360862803,-67.25940846137328],[164.6840360862803,-67.25940846137328],[164.6840360862803,-67.25940846137328],[164.6840360862803,-67.25940846137328],[164.6840360862803,-67.25940846137328],[164.6840360862803,-67.25940846137328],[164.6840360862803,-67.25940846137328],[164.6840360862803,-67.25940846137328],[164.6840360862803,-67.25940846137328],[164.6840360862803,-67.25940846137328],[164.6840360862803,-67.25940846137328],[164.6840360862803,-67.25940846137328],[164.82500939357254,-67.3260710590298],[164.85012413966638,-67.36369150173827],[164.90717492091665,-67.41857187283225],[164.9186470888854,-67.44751067491569],[164.86045942612475,-67.50388966254613],[164.83358768133297,-67.54042490017649],[164.74625451075974,-67.56884693793701],[164.69209760971785,-67.5600619444474],[164.6389742373218,-67.50011728298882],[164.69623172430119,-67.40782317491553],[164.6751477399261,-67.28891570421195],[164.6840360862803,-67.25940846137328]]]},"properties":{"scalerank":4,"featurecla":"Glaciated Areas","min_zoom":3}},{"type":"Feature","geometry":{"bbox":[166.01253380763978,-78.30648609813622,167.64271854071922,-77.99239674266622],"type":"Polygon","coordinates":[[[167.5938326357711,-78.02226572053092],[167.5938326357711,-78.02226572053092],[167.5938326357711,-78.02226572053092],[167.5938326357711,-78.02226572053092],[167.5938326357711,-78.02226572053092],[167.5938326357711,-78.02226572053092],[167.5938326357711,-78.02226572053092],[167.5938326357711,-78.02226572053092],[167.5938326357711,-78.02226572053092],[167.5938326357711,-78.02226572053092],[167.5938326357711,-78.02226572053092],[167.5938326357711,-78.02226572053092],[167.5938326357711,-78.02226572053092],[167.5938326357711,-78.02226572053092],[167.5938326357711,-78.02226572053092],[167.5938326357711,-78.02226572053092],[167.5938326357711,-78.02226572053092],[167.5938326357711,-78.02226572053092],[167.5938326357711,-78.02226572053092],[167.5938326357711,-78.02226572053092],[167.6398246605109,-78.11166594839585],[167.64271854071922,-78.14143157339598],[167.51745486884374,-78.21605234162544],[167.3769983258744,-78.24902190542765],[166.93619835842475,-78.22246021922963],[166.6260364118089,-78.28426523225072],[166.28486860581796,-78.30648609813622],[166.12188113836942,-78.27465341584443],[166.0505676618066,-78.21336516714626],[166.01253380763978,-78.13130299266678],[166.01284386623354,-78.10195077912499],[166.1111324404527,-78.08965178823952],[166.56712527899617,-78.14804615672934],[166.75987837144487,-78.19796559032329],[166.86364464748692,-78.19641529735455],[167.13794315009224,-78.12995940542719],[167.36407921780147,-78.04583017365601],[167.4223702334267,-78.0064527322496],[167.4978178245728,-77.99239674266622],[167.5938326357711,-78.02226572053092]]]},"properties":{"scalerank":4,"featurecla":"Glaciated Areas","min_zoom":3}},{"type":"Feature","geometry":{"bbox":[163.08961144434687,-66.88196379991344,163.30200158106646,-66.68848723741267],"type":"Polygon","coordinates":[[[163.27109907455593,-66.76755217881923],[163.27109907455593,-66.76755217881923],[163.27109907455593,-66.76755217881923],[163.27109907455593,-66.76755217881923],[163.27109907455593,-66.76755217881923],[163.27109907455593,-66.76755217881923],[163.27109907455593,-66.76755217881923],[163.27109907455593,-66.76755217881923],[163.27109907455593,-66.76755217881923],[163.27109907455593,-66.76755217881923],[163.27109907455593,-66.76755217881923],[163.27109907455593,-66.76755217881923],[163.27109907455593,-66.76755217881923],[163.27109907455593,-66.76755217881923],[163.27109907455593,-66.76755217881923],[163.27109907455593,-66.76755217881923],[163.27109907455593,-66.76755217881923],[163.27109907455593,-66.76755217881923],[163.27109907455593,-66.76755217881923],[163.27109907455593,-66.76755217881923],[163.2991077008581,-66.7984030088975],[163.30200158106646,-66.8211923155382],[163.28360477117053,-66.88196379991344],[163.23461551335785,-66.86801116319462],[163.16392215398258,-66.81912525824652],[163.08961144434687,-66.70057952256896],[163.15617068913878,-66.68848723741267],[163.23792280502454,-66.70874439887108],[163.27109907455593,-66.76755217881923]]]},"properties":{"scalerank":4,"featurecla":"Glaciated Areas","min_zoom":3}},{"type":"Feature","geometry":{"bbox":[166.21675906805729,-77.85095834748336,169.35279503812188,-77.16174977000665],"type":"Polygon","coordinates":[[[168.45073123603498,-77.38612883901796],[168.45073123603498,-77.38612883901796],[168.45073123603498,-77.38612883901796],[168.45073123603498,-77.38612883901796],[168.45073123603498,-77.38612883901796],[168.45073123603498,-77.38612883901796],[168.45073123603498,-77.38612883901796],[168.45073123603498,-77.38612883901796],[168.45073123603498,-77.38612883901796],[168.45073123603498,-77.38612883901796],[168.45073123603498,-77.38612883901796],[168.45073123603498,-77.38612883901796],[168.45073123603498,-77.38612883901796],[168.45073123603498,-77.38612883901796],[168.45073123603498,-77.38612883901796],[168.45073123603498,-77.38612883901796],[168.45073123603498,-77.38612883901796],[168.45073123603498,-77.38612883901796],[168.45073123603498,-77.38612883901796],[168.45073123603498,-77.38612883901796],[169.27559044827785,-77.45465178823699],[169.35279503812188,-77.52472503042476],[169.11725385973557,-77.56058847443532],[168.7545886579112,-77.65329599396694],[168.51884077379566,-77.68120126740456],[168.32257368395113,-77.68254485464414],[167.91763716051202,-77.64409758901898],[167.3922945498328,-77.64864511506067],[167.27953657457192,-77.70259531037338],[167.02508182196675,-77.75644215282152],[166.72897586493434,-77.85095834748336],[166.65042768785065,-77.77401213980076],[166.53250206936065,-77.70042490021713],[166.23680952378652,-77.5474109842009],[166.21675906805729,-77.52462167756018],[166.37840294826628,-77.49402922964339],[166.45798465399577,-77.4436963845911],[166.62634647040267,-77.37672372834083],[166.6071228375901,-77.3355892882365],[166.46904341050623,-77.28887379344465],[166.4130261579018,-77.25197682078826],[166.50635379462096,-77.1893449848505],[166.7163668154551,-77.16174977000665],[166.9872546735291,-77.18655445750674],[167.1068339378525,-77.27058033641333],[167.08492313056075,-77.30737395620514],[167.0840963076441,-77.3216366515177],[167.4609208519164,-77.39429371532007],[168.45073123603498,-77.38612883901796]]]},"properties":{"scalerank":3,"featurecla":"Glaciated Areas","min_zoom":2.1}},{"type":"Feature","geometry":{"bbox":[169.4795056501016,-73.62532480254458,169.96040652900973,-73.32043385202252],"type":"Polygon","coordinates":[[[169.8865092308324,-73.45871998483558],[169.8865092308324,-73.45871998483558],[169.8865092308324,-73.45871998483558],[169.8865092308324,-73.45871998483558],[169.8865092308324,-73.45871998483558],[169.8865092308324,-73.45871998483558],[169.8865092308324,-73.45871998483558],[169.8865092308324,-73.45871998483558],[169.8865092308324,-73.45871998483558],[169.8865092308324,-73.45871998483558],[169.8865092308324,-73.45871998483558],[169.8865092308324,-73.45871998483558],[169.8865092308324,-73.45871998483558],[169.8865092308324,-73.45871998483558],[169.8865092308324,-73.45871998483558],[169.8865092308324,-73.45871998483558],[169.8865092308324,-73.45871998483558],[169.8865092308324,-73.45871998483558],[169.8865092308324,-73.45871998483558],[169.8865092308324,-73.45871998483558],[169.96040652900973,-73.51432382598163],[169.8588106631239,-73.56806731556519],[169.8436177920301,-73.60496428822158],[169.7091557152067,-73.62532480254458],[169.52239708890386,-73.56150440866412],[169.4795056501016,-73.5394385720755],[169.6593396344773,-73.41810230905416],[169.64538699775852,-73.3791382791061],[169.67184533109196,-73.34606536243929],[169.74005822171722,-73.32043385202252],[169.78315636624865,-73.32425790801214],[169.8865092308324,-73.45871998483558]]]},"properties":{"scalerank":4,"featurecla":"Glaciated Areas","min_zoom":3}},{"type":"Feature","geometry":{"bbox":[162.59124393132402,-75.69620615020911,162.96806847559634,-75.55729990020856],"type":"Polygon","coordinates":[[[162.72002160059537,-75.59667734161496],[162.72002160059537,-75.59667734161496],[162.72002160059537,-75.59667734161496],[162.72002160059537,-75.59667734161496],[162.72002160059537,-75.59667734161496],[162.72002160059537,-75.59667734161496],[162.72002160059537,-75.59667734161496],[162.72002160059537,-75.59667734161496],[162.72002160059537,-75.59667734161496],[162.72002160059537,-75.59667734161496],[162.72002160059537,-75.59667734161496],[162.72002160059537,-75.59667734161496],[162.72002160059537,-75.59667734161496],[162.72002160059537,-75.59667734161496],[162.72002160059537,-75.59667734161496],[162.72002160059537,-75.59667734161496],[162.72002160059537,-75.59667734161496],[162.72002160059537,-75.59667734161496],[162.72002160059537,-75.59667734161496],[162.72002160059537,-75.59667734161496],[162.84239139226253,-75.56618824656276],[162.917012160492,-75.55729990020856],[162.96806847559634,-75.56711842234401],[162.78823449122063,-75.69620615020911],[162.6619372906993,-75.6918653298966],[162.59124393132402,-75.66850758250067],[162.72002160059537,-75.59667734161496]]]},"properties":{"scalerank":4,"featurecla":"Glaciated Areas","min_zoom":3}},{"type":"Feature","geometry":{"bbox":[100.27029341024138,-65.70126067490871,101.2589669128495,-65.37807626735534],"type":"Polygon","coordinates":[[[100.40940636597112,-65.46561614365777],[100.40940636597112,-65.46561614365777],[100.40940636597112,-65.46561614365777],[100.40940636597112,-65.46561614365777],[100.40940636597112,-65.46561614365777],[100.40940636597112,-65.46561614365777],[100.40940636597112,-65.46561614365777],[100.40940636597112,-65.46561614365777],[100.40940636597112,-65.46561614365777],[100.40940636597112,-65.46561614365777],[100.40940636597112,-65.46561614365777],[100.40940636597112,-65.46561614365777],[100.40940636597112,-65.46561614365777],[100.40940636597112,-65.46561614365777],[100.40940636597112,-65.46561614365777],[100.40940636597112,-65.46561614365777],[100.40940636597112,-65.46561614365777],[100.40940636597112,-65.46561614365777],[100.40940636597112,-65.46561614365777],[100.40940636597112,-65.46561614365777],[100.54510867716957,-65.40897877386588],[100.60691369019065,-65.39636972438666],[100.88338260295217,-65.37807626735534],[101.07871951701546,-65.40257089626168],[101.22062300008895,-65.47223072699113],[101.2589669128495,-65.52762786240801],[101.23839969279734,-65.56452483506442],[100.98146447144214,-65.67748951605445],[100.54686567586748,-65.70126067490871],[100.51234581909651,-65.67542245876278],[100.35059858602295,-65.67294199001276],[100.29261762899148,-65.65123788845018],[100.27029341024138,-65.60328215928332],[100.32414025268953,-65.52070322048091],[100.40940636597112,-65.46561614365777]]]},"properties":{"scalerank":4,"featurecla":"Glaciated Areas","min_zoom":3}},{"type":"Feature","geometry":{"bbox":[85.31451378778573,-66.97973560980967,85.93773156122572,-66.72331715277738],"type":"Polygon","coordinates":[[[85.34035200393167,-66.72331715277738],[85.34035200393167,-66.72331715277738],[85.34035200393167,-66.72331715277738],[85.34035200393167,-66.72331715277738],[85.34035200393167,-66.72331715277738],[85.34035200393167,-66.72331715277738],[85.34035200393167,-66.72331715277738],[85.34035200393167,-66.72331715277738],[85.34035200393167,-66.72331715277738],[85.34035200393167,-66.72331715277738],[85.34035200393167,-66.72331715277738],[85.34035200393167,-66.72331715277738],[85.34035200393167,-66.72331715277738],[85.34035200393167,-66.72331715277738],[85.34035200393167,-66.72331715277738],[85.34035200393167,-66.72331715277738],[85.34035200393167,-66.72331715277738],[85.34035200393167,-66.72331715277738],[85.34035200393167,-66.72331715277738],[85.34035200393167,-66.72331715277738],[85.55284549351583,-66.72848479600657],[85.80626671747518,-66.77458017361093],[85.93773156122572,-66.89415943793432],[85.82238976435025,-66.95327727647621],[85.65010053908915,-66.97973560980967],[85.62229861851611,-66.96536956163251],[85.61744103388068,-66.95090016059079],[85.35874881382756,-66.854265232205],[85.31451378778573,-66.77602711371509],[85.34035200393167,-66.72331715277738]]]},"properties":{"scalerank":5,"featurecla":"Glaciated Areas","min_zoom":5}},{"type":"Feature","geometry":{"bbox":[92.24814741411555,-65.82166676214878,92.66962039588807,-65.70219085068996],"type":"Polygon","coordinates":[[[92.30147749224076,-65.70673837673165],[92.30147749224076,-65.70673837673165],[92.30147749224076,-65.70673837673165],[92.30147749224076,-65.70673837673165],[92.30147749224076,-65.70673837673165],[92.30147749224076,-65.70673837673165],[92.30147749224076,-65.70673837673165],[92.30147749224076,-65.70673837673165],[92.30147749224076,-65.70673837673165],[92.30147749224076,-65.70673837673165],[92.30147749224076,-65.70673837673165],[92.30147749224076,-65.70673837673165],[92.30147749224076,-65.70673837673165],[92.30147749224076,-65.70673837673165],[92.30147749224076,-65.70673837673165],[92.30147749224076,-65.70673837673165],[92.30147749224076,-65.70673837673165],[92.30147749224076,-65.70673837673165],[92.30147749224076,-65.70673837673165],[92.30147749224076,-65.70673837673165],[92.49640099484571,-65.70219085068996],[92.6337569518775,-65.73071624131508],[92.66455610552345,-65.76043018988291],[92.66962039588807,-65.77484791449234],[92.60140750526278,-65.80833424261748],[92.47056277869976,-65.82166676214878],[92.3330001159388,-65.80719736110706],[92.26282352088643,-65.76001677842457],[92.24814741411555,-65.73991464626303],[92.30147749224076,-65.70673837673165]]]},"properties":{"scalerank":5,"featurecla":"Glaciated Areas","min_zoom":5}},{"type":"Feature","geometry":{"bbox":[86.23228722528938,-66.79204680772557,86.65200320836401,-66.6748446592876],"type":"Polygon","coordinates":[[[86.38328576044626,-66.6748446592876],[86.38328576044626,-66.6748446592876],[86.38328576044626,-66.6748446592876],[86.38328576044626,-66.6748446592876],[86.38328576044626,-66.6748446592876],[86.38328576044626,-66.6748446592876],[86.38328576044626,-66.6748446592876],[86.38328576044626,-66.6748446592876],[86.38328576044626,-66.6748446592876],[86.38328576044626,-66.6748446592876],[86.38328576044626,-66.6748446592876],[86.38328576044626,-66.6748446592876],[86.38328576044626,-66.6748446592876],[86.38328576044626,-66.6748446592876],[86.38328576044626,-66.6748446592876],[86.38328576044626,-66.6748446592876],[86.38328576044626,-66.6748446592876],[86.38328576044626,-66.6748446592876],[86.38328576044626,-66.6748446592876],[86.38328576044626,-66.6748446592876],[86.52064171747804,-66.68688526801161],[86.55671186721779,-66.70574716579814],[86.65200320836401,-66.7181495095482],[86.54182905471771,-66.76744882595465],[86.42669396357141,-66.79204680772557],[86.33698367711273,-66.78760263454848],[86.23228722528938,-66.73292896918367],[86.27776248570625,-66.69665211371478],[86.38328576044626,-66.6748446592876]]]},"properties":{"scalerank":5,"featurecla":"Glaciated Areas","min_zoom":5}},{"type":"Feature","geometry":{"bbox":[85.06874067580557,-66.64342538845415,85.32846642450454,-66.518575128037],"type":"Polygon","coordinates":[[[85.16475548700387,-66.5215723611099],[85.16475548700387,-66.5215723611099],[85.16475548700387,-66.5215723611099],[85.16475548700387,-66.5215723611099],[85.16475548700387,-66.5215723611099],[85.16475548700387,-66.5215723611099],[85.16475548700387,-66.5215723611099],[85.16475548700387,-66.5215723611099],[85.16475548700387,-66.5215723611099],[85.16475548700387,-66.5215723611099],[85.16475548700387,-66.5215723611099],[85.16475548700387,-66.5215723611099],[85.16475548700387,-66.5215723611099],[85.16475548700387,-66.5215723611099],[85.16475548700387,-66.5215723611099],[85.16475548700387,-66.5215723611099],[85.16475548700387,-66.5215723611099],[85.16475548700387,-66.5215723611099],[85.16475548700387,-66.5215723611099],[85.16475548700387,-66.5215723611099],[85.19400434768107,-66.55609221788089],[85.32846642450454,-66.61190276475611],[85.2224263854416,-66.64342538845415],[85.13612674351418,-66.63712086371454],[85.07959272658687,-66.60425465277692],[85.06874067580557,-66.58379078558933],[85.12103722528494,-66.518575128037],[85.16475548700387,-66.5215723611099]]]},"properties":{"scalerank":5,"featurecla":"Glaciated Areas","min_zoom":5}},{"type":"Feature","geometry":{"bbox":[69.69252160022322,-72.04671314889242,69.91834760933872,-71.89395761503765],"type":"Polygon","coordinates":[[[69.79608117053616,-71.89395761503765],[69.79608117053616,-71.89395761503765],[69.79608117053616,-71.89395761503765],[69.79608117053616,-71.89395761503765],[69.79608117053616,-71.89395761503765],[69.79608117053616,-71.89395761503765],[69.79608117053616,-71.89395761503765],[69.79608117053616,-71.89395761503765],[69.79608117053616,-71.89395761503765],[69.79608117053616,-71.89395761503765],[69.79608117053616,-71.89395761503765],[69.79608117053616,-71.89395761503765],[69.79608117053616,-71.89395761503765],[69.79608117053616,-71.89395761503765],[69.79608117053616,-71.89395761503765],[69.79608117053616,-71.89395761503765],[69.79608117053616,-71.89395761503765],[69.79608117053616,-71.89395761503765],[69.79608117053616,-71.89395761503765],[69.79608117053616,-71.89395761503765],[69.89519656767195,-71.90785857532417],[69.91834760933872,-71.91772877389191],[69.79205040881737,-72.04671314889242],[69.74357791532759,-72.04412932727783],[69.69252160022322,-71.96826832467336],[69.73706668485883,-71.92196624133985],[69.79608117053616,-71.89395761503765]]]},"properties":{"scalerank":5,"featurecla":"Glaciated Areas","min_zoom":5}},{"type":"Feature","geometry":{"bbox":[68.40887902209309,-72.30023772571636,68.84037723173023,-72.08919117623635],"type":"Polygon","coordinates":[[[68.66705447782329,-72.10314381295515],[68.66705447782329,-72.10314381295515],[68.66705447782329,-72.10314381295515],[68.66705447782329,-72.10314381295515],[68.66705447782329,-72.10314381295515],[68.66705447782329,-72.10314381295515],[68.66705447782329,-72.10314381295515],[68.66705447782329,-72.10314381295515],[68.66705447782329,-72.10314381295515],[68.66705447782329,-72.10314381295515],[68.66705447782329,-72.10314381295515],[68.66705447782329,-72.10314381295515],[68.66705447782329,-72.10314381295515],[68.66705447782329,-72.10314381295515],[68.66705447782329,-72.10314381295515],[68.66705447782329,-72.10314381295515],[68.66705447782329,-72.10314381295515],[68.66705447782329,-72.10314381295515],[68.66705447782329,-72.10314381295515],[68.66705447782329,-72.10314381295515],[68.72927290230271,-72.08919117623635],[68.84037723173023,-72.16546559029915],[68.81722619006348,-72.22871754342441],[68.6695349465733,-72.27594980253917],[68.46169233589538,-72.30008269641948],[68.40887902209309,-72.30023772571636],[68.4361641783432,-72.26044687285162],[68.56628543485414,-72.19016692493467],[68.66705447782329,-72.10314381295515]]]},"properties":{"scalerank":5,"featurecla":"Glaciated Areas","min_zoom":5}},{"type":"Feature","geometry":{"bbox":[96.30702111204846,-66.22505299261914,97.01881229043671,-66.03581389756631],"type":"Polygon","coordinates":[[[96.72735721231055,-66.06082529079556],[96.72735721231055,-66.06082529079556],[96.72735721231055,-66.06082529079556],[96.72735721231055,-66.06082529079556],[96.72735721231055,-66.06082529079556],[96.72735721231055,-66.06082529079556],[96.72735721231055,-66.06082529079556],[96.72735721231055,-66.06082529079556],[96.72735721231055,-66.06082529079556],[96.72735721231055,-66.06082529079556],[96.72735721231055,-66.06082529079556],[96.72735721231055,-66.06082529079556],[96.72735721231055,-66.06082529079556],[96.72735721231055,-66.06082529079556],[96.72735721231055,-66.06082529079556],[96.72735721231055,-66.06082529079556],[96.72735721231055,-66.06082529079556],[96.72735721231055,-66.06082529079556],[96.72735721231055,-66.06082529079556],[96.72735721231055,-66.06082529079556],[96.93158247272802,-66.05834482204556],[97.00558312376998,-66.0967920876707],[97.01881229043671,-66.1394768207438],[97.01560835163463,-66.16397144965015],[96.93395958861346,-66.20076506944196],[96.39456098835089,-66.22505299261914],[96.30702111204846,-66.1858822569419],[96.39879845579881,-66.08015227647273],[96.49977420449713,-66.0459424782955],[96.61263553262259,-66.03581389756631],[96.72735721231055,-66.06082529079556]]]},"properties":{"scalerank":5,"featurecla":"Glaciated Areas","min_zoom":5}},{"type":"Feature","geometry":{"bbox":[71.63710574736643,-70.63300099068366,72.09733605335786,-70.26428964628113],"type":"Polygon","coordinates":[[[72.073461541639,-70.52448048287071],[72.073461541639,-70.52448048287071],[72.073461541639,-70.52448048287071],[72.073461541639,-70.52448048287071],[72.073461541639,-70.52448048287071],[72.073461541639,-70.52448048287071],[72.073461541639,-70.52448048287071],[72.073461541639,-70.52448048287071],[72.073461541639,-70.52448048287071],[72.073461541639,-70.52448048287071],[72.073461541639,-70.52448048287071],[72.073461541639,-70.52448048287071],[72.073461541639,-70.52448048287071],[72.073461541639,-70.52448048287071],[72.073461541639,-70.52448048287071],[72.073461541639,-70.52448048287071],[72.073461541639,-70.52448048287071],[72.073461541639,-70.52448048287071],[72.073461541639,-70.52448048287071],[72.073461541639,-70.52448048287071],[72.09733605335786,-70.57460662219383],[72.07811242054527,-70.60907480253252],[72.00225141794081,-70.63263925565761],[71.92897423695092,-70.63300099068366],[71.84122765491932,-70.62194223417319],[71.72578250517927,-70.54907846464165],[71.65932661325192,-70.49745370878206],[71.63710574736643,-70.44350351346935],[71.64661421090813,-70.336326592896],[71.70511193226253,-70.28434010201038],[71.79657921741915,-70.26428964628113],[71.83802371611722,-70.31224537544799],[71.85114952991935,-70.36764251086488],[71.87998497913824,-70.40557301216711],[71.99997765491997,-70.45683603300066],[72.05568484893061,-70.50101938261021],[72.073461541639,-70.52448048287071]]]},"properties":{"scalerank":5,"featurecla":"Glaciated Areas","min_zoom":5}},{"type":"Feature","geometry":{"bbox":[162.29730838444783,-66.52508635850576,162.61139773991783,-66.25130462022341],"type":"Polygon","coordinates":[[[162.31053755111458,-66.25130462022341],[162.31053755111458,-66.25130462022341],[162.31053755111458,-66.25130462022341],[162.31053755111458,-66.25130462022341],[162.31053755111458,-66.25130462022341],[162.31053755111458,-66.25130462022341],[162.31053755111458,-66.25130462022341],[162.31053755111458,-66.25130462022341],[162.31053755111458,-66.25130462022341],[162.31053755111458,-66.25130462022341],[162.31053755111458,-66.25130462022341],[162.31053755111458,-66.25130462022341],[162.31053755111458,-66.25130462022341],[162.31053755111458,-66.25130462022341],[162.31053755111458,-66.25130462022341],[162.31053755111458,-66.25130462022341],[162.31053755111458,-66.25130462022341],[162.31053755111458,-66.25130462022341],[162.31053755111458,-66.25130462022341],[162.31053755111458,-66.25130462022341],[162.5632353050218,-66.4325855447033],[162.61139773991783,-66.47733733506807],[162.5571374860114,-66.52508635850576],[162.5113521670008,-66.52012542100574],[162.30278608627077,-66.39971933376567],[162.3262471865313,-66.3474227842863],[162.29730838444783,-66.30370452256737],[162.30206261621868,-66.264688816187],[162.31053755111458,-66.25130462022341]]]},"properties":{"scalerank":4,"featurecla":"Glaciated Areas","min_zoom":3}},{"type":"Feature","geometry":{"bbox":[100.07630008341769,-66.22949716579625,100.29055057169981,-66.11239837022286],"type":"Polygon","coordinates":[[[100.17438195190766,-66.13100188584794],[100.17438195190766,-66.13100188584794],[100.17438195190766,-66.13100188584794],[100.17438195190766,-66.13100188584794],[100.17438195190766,-66.13100188584794],[100.17438195190766,-66.13100188584794],[100.17438195190766,-66.13100188584794],[100.17438195190766,-66.13100188584794],[100.17438195190766,-66.13100188584794],[100.17438195190766,-66.13100188584794],[100.17438195190766,-66.13100188584794],[100.17438195190766,-66.13100188584794],[100.17438195190766,-66.13100188584794],[100.17438195190766,-66.13100188584794],[100.17438195190766,-66.13100188584794],[100.17438195190766,-66.13100188584794],[100.17438195190766,-66.13100188584794],[100.17438195190766,-66.13100188584794],[100.17438195190766,-66.13100188584794],[100.17438195190766,-66.13100188584794],[100.29055057169981,-66.11239837022286],[100.28155887248101,-66.17999114366063],[100.26471235555385,-66.21657805772327],[100.13314415893876,-66.22949716579625],[100.0819844909698,-66.20272877386905],[100.07630008341769,-66.18805266709816],[100.17438195190766,-66.13100188584794]]]},"properties":{"scalerank":5,"featurecla":"Glaciated Areas","min_zoom":5}},{"type":"Feature","geometry":{"bbox":[98.5964937683076,-66.48167815538059,98.94985721231946,-66.36923023871347],"type":"Polygon","coordinates":[[[98.65509484252658,-66.45335947048464],[98.65509484252658,-66.45335947048464],[98.65509484252658,-66.45335947048464],[98.65509484252658,-66.45335947048464],[98.65509484252658,-66.45335947048464],[98.65509484252658,-66.45335947048464],[98.65509484252658,-66.45335947048464],[98.65509484252658,-66.45335947048464],[98.65509484252658,-66.45335947048464],[98.65509484252658,-66.45335947048464],[98.65509484252658,-66.45335947048464],[98.65509484252658,-66.45335947048464],[98.65509484252658,-66.45335947048464],[98.65509484252658,-66.45335947048464],[98.65509484252658,-66.45335947048464],[98.65509484252658,-66.45335947048464],[98.65509484252658,-66.45335947048464],[98.65509484252658,-66.45335947048464],[98.65509484252658,-66.45335947048464],[98.65509484252658,-66.45335947048464],[98.60517540893264,-66.39992603949484],[98.5964937683076,-66.38266611110936],[98.74862918497487,-66.36923023871347],[98.94985721231946,-66.420493259547],[98.84609093627736,-66.46979257595345],[98.75172977091239,-66.48167815538059],[98.65509484252658,-66.45335947048464]]]},"properties":{"scalerank":5,"featurecla":"Glaciated Areas","min_zoom":5}},{"type":"Feature","geometry":{"bbox":[102.75954715374093,-65.46851002386612,103.39723432822265,-65.12971933376059],"type":"Polygon","coordinates":[[[103.18618777874264,-65.33053394964682],[103.18618777874264,-65.33053394964682],[103.18618777874264,-65.33053394964682],[103.18618777874264,-65.33053394964682],[103.18618777874264,-65.33053394964682],[103.18618777874264,-65.33053394964682],[103.18618777874264,-65.33053394964682],[103.18618777874264,-65.33053394964682],[103.18618777874264,-65.33053394964682],[103.18618777874264,-65.33053394964682],[103.18618777874264,-65.33053394964682],[103.18618777874264,-65.33053394964682],[103.18618777874264,-65.33053394964682],[103.18618777874264,-65.33053394964682],[103.18618777874264,-65.33053394964682],[103.18618777874264,-65.33053394964682],[103.18618777874264,-65.33053394964682],[103.18618777874264,-65.33053394964682],[103.18618777874264,-65.33053394964682],[103.18618777874264,-65.33053394964682],[103.26101525270127,-65.37730112087095],[103.37894087119133,-65.42649708441282],[103.39723432822265,-65.44535898219937],[103.33718631389948,-65.46851002386612],[103.17595584514885,-65.45466074001189],[103.13843875530495,-65.43502369574098],[103.12427941285696,-65.33833709092289],[103.11280724488816,-65.31203378688632],[103.05441287639835,-65.28536874782371],[102.78879601441812,-65.23596607855268],[102.75954715374093,-65.167856540792],[102.79613406780358,-65.13633391709395],[102.89287234905396,-65.12971933376059],[103.13678510947159,-65.19059417100041],[103.1908386576489,-65.23710296006313],[103.18174360556554,-65.3077446430061],[103.18618777874264,-65.33053394964682]]]},"properties":{"scalerank":4,"featurecla":"Glaciated Areas","min_zoom":3}},{"type":"Feature","geometry":{"bbox":[-148.00108985084293,-76.66276213979631,-147.57884172258605,-76.55796233510839],"type":"Polygon","coordinates":[[[-147.57884172258605,-76.66276213979631],[-147.57884172258605,-76.66276213979631],[-147.57884172258605,-76.66276213979631],[-147.57884172258605,-76.66276213979631],[-147.57884172258605,-76.66276213979631],[-147.57884172258605,-76.66276213979631],[-147.57884172258605,-76.66276213979631],[-147.57884172258605,-76.66276213979631],[-147.57884172258605,-76.66276213979631],[-147.57884172258605,-76.66276213979631],[-147.57884172258605,-76.66276213979631],[-147.57884172258605,-76.66276213979631],[-147.57884172258605,-76.66276213979631],[-147.57884172258605,-76.66276213979631],[-147.57884172258605,-76.66276213979631],[-147.57884172258605,-76.66276213979631],[-147.57884172258605,-76.66276213979631],[-147.57884172258605,-76.66276213979631],[-147.57884172258605,-76.66276213979631],[-147.57884172258605,-76.66276213979631],[-147.7296593902299,-76.65346038198378],[-147.9543226796188,-76.59713307078563],[-148.00108985084293,-76.57718596792097],[-147.89970069068627,-76.55796233510839],[-147.76968278703993,-76.57687590932721],[-147.64912167050298,-76.61087900177527],[-147.58829850969545,-76.64984303172335],[-147.57884172258605,-76.66276213979631]]]},"properties":{"scalerank":5,"featurecla":"Glaciated Areas","min_zoom":5}},{"type":"Feature","geometry":{"bbox":[-146.15081519263242,-75.71615325307377,-145.23810604549334,-75.50479664500001],"type":"Polygon","coordinates":[[[-145.76081315812564,-75.51389169708338],[-145.76081315812564,-75.51389169708338],[-145.76081315812564,-75.51389169708338],[-145.76081315812564,-75.51389169708338],[-145.76081315812564,-75.51389169708338],[-145.76081315812564,-75.51389169708338],[-145.76081315812564,-75.51389169708338],[-145.76081315812564,-75.51389169708338],[-145.76081315812564,-75.51389169708338],[-145.76081315812564,-75.51389169708338],[-145.76081315812564,-75.51389169708338],[-145.76081315812564,-75.51389169708338],[-145.76081315812564,-75.51389169708338],[-145.76081315812564,-75.51389169708338],[-145.76081315812564,-75.51389169708338],[-145.76081315812564,-75.51389169708338],[-145.76081315812564,-75.51389169708338],[-145.76081315812564,-75.51389169708338],[-145.76081315812564,-75.51389169708338],[-145.76081315812564,-75.51389169708338],[-145.41739742733,-75.58799570098992],[-145.31541398820198,-75.64142913197972],[-145.25226538794135,-75.68277027781322],[-145.23810604549334,-75.71119231557377],[-145.3483835520042,-75.71615325307377],[-145.54116248266902,-75.69269215281327],[-146.0427597727101,-75.61187021270878],[-146.15081519263242,-75.57352629994821],[-146.07572933651232,-75.53342538848972],[-145.8955077788944,-75.50479664500001],[-145.76081315812564,-75.51389169708338]]]},"properties":{"scalerank":5,"featurecla":"Glaciated Areas","min_zoom":5}},{"type":"Feature","geometry":{"bbox":[-147.11564002173782,-77.00568694448518,-146.16394100643458,-76.83711842234909],"type":"Polygon","coordinates":[[[-146.8665079416587,-76.83711842234909],[-146.8665079416587,-76.83711842234909],[-146.8665079416587,-76.83711842234909],[-146.8665079416587,-76.83711842234909],[-146.8665079416587,-76.83711842234909],[-146.8665079416587,-76.83711842234909],[-146.8665079416587,-76.83711842234909],[-146.8665079416587,-76.83711842234909],[-146.8665079416587,-76.83711842234909],[-146.8665079416587,-76.83711842234909],[-146.8665079416587,-76.83711842234909],[-146.8665079416587,-76.83711842234909],[-146.8665079416587,-76.83711842234909],[-146.8665079416587,-76.83711842234909],[-146.8665079416587,-76.83711842234909],[-146.8665079416587,-76.83711842234909],[-146.8665079416587,-76.83711842234909],[-146.8665079416587,-76.83711842234909],[-146.8665079416587,-76.83711842234909],[-146.8665079416587,-76.83711842234909],[-146.24437537329683,-76.88311044708885],[-146.16394100643458,-76.94853281037037],[-146.6067563547436,-76.96129688914647],[-146.98143632707584,-77.00568694448518],[-147.07892391659448,-76.99276783641221],[-147.04414567766202,-76.92972258901614],[-147.10148067928986,-76.88646941518783],[-147.11564002173782,-76.86626393016171],[-147.08664954322208,-76.83732512807826],[-146.8665079416587,-76.83711842234909]]]},"properties":{"scalerank":5,"featurecla":"Glaciated Areas","min_zoom":5}},{"type":"Feature","geometry":{"bbox":[-132.8571821766287,-74.49844980254807,-132.36230282278558,-74.38662200306845],"type":"Polygon","coordinates":[[[-132.83167985729267,-74.42155527129776],[-132.83167985729267,-74.42155527129776],[-132.83167985729267,-74.42155527129776],[-132.83167985729267,-74.42155527129776],[-132.83167985729267,-74.42155527129776],[-132.83167985729267,-74.42155527129776],[-132.83167985729267,-74.42155527129776],[-132.83167985729267,-74.42155527129776],[-132.83167985729267,-74.42155527129776],[-132.83167985729267,-74.42155527129776],[-132.83167985729267,-74.42155527129776],[-132.83167985729267,-74.42155527129776],[-132.83167985729267,-74.42155527129776],[-132.83167985729267,-74.42155527129776],[-132.83167985729267,-74.42155527129776],[-132.83167985729267,-74.42155527129776],[-132.83167985729267,-74.42155527129776],[-132.83167985729267,-74.42155527129776],[-132.83167985729267,-74.42155527129776],[-132.83167985729267,-74.42155527129776],[-132.55247209361968,-74.38662200306845],[-132.36230282278558,-74.40997975046439],[-132.39124162486902,-74.44191578562076],[-132.5462967599608,-74.49844980254807],[-132.8571821766287,-74.46175953562084],[-132.83167985729267,-74.42155527129776]]]},"properties":{"scalerank":5,"featurecla":"Glaciated Areas","min_zoom":5}},{"type":"Feature","geometry":{"bbox":[-149.30253495989763,-77.01912281688107,-148.43977108456866,-76.90016366974518],"type":"Polygon","coordinates":[[[-149.2380686106135,-76.90016366974518],[-149.2380686106135,-76.90016366974518],[-149.2380686106135,-76.90016366974518],[-149.2380686106135,-76.90016366974518],[-149.2380686106135,-76.90016366974518],[-149.2380686106135,-76.90016366974518],[-149.2380686106135,-76.90016366974518],[-149.2380686106135,-76.90016366974518],[-149.2380686106135,-76.90016366974518],[-149.2380686106135,-76.90016366974518],[-149.2380686106135,-76.90016366974518],[-149.2380686106135,-76.90016366974518],[-149.2380686106135,-76.90016366974518],[-149.2380686106135,-76.90016366974518],[-149.2380686106135,-76.90016366974518],[-149.2380686106135,-76.90016366974518],[-149.2380686106135,-76.90016366974518],[-149.2380686106135,-76.90016366974518],[-149.2380686106135,-76.90016366974518],[-149.2380686106135,-76.90016366974518],[-148.70409603574157,-76.9356137022974],[-148.50893998919133,-76.95463062938082],[-148.43977108456866,-76.97716155386007],[-148.47429094133963,-76.99772877391223],[-148.5958339100901,-77.00682382599561],[-149.01467139381577,-77.01912281688107],[-149.24483822324373,-76.99307789500597],[-149.30253495989763,-76.91576995229734],[-149.2380686106135,-76.90016366974518]]]},"properties":{"scalerank":5,"featurecla":"Glaciated Areas","min_zoom":5}},{"type":"Feature","geometry":{"bbox":[-149.46893307187744,-76.84528329865121,-148.3207860992166,-76.71743580516112],"type":"Polygon","coordinates":[[[-148.370963914972,-76.79495045359893],[-148.370963914972,-76.79495045359893],[-148.370963914972,-76.79495045359893],[-148.370963914972,-76.79495045359893],[-148.370963914972,-76.79495045359893],[-148.370963914972,-76.79495045359893],[-148.370963914972,-76.79495045359893],[-148.370963914972,-76.79495045359893],[-148.370963914972,-76.79495045359893],[-148.370963914972,-76.79495045359893],[-148.370963914972,-76.79495045359893],[-148.370963914972,-76.79495045359893],[-148.370963914972,-76.79495045359893],[-148.370963914972,-76.79495045359893],[-148.370963914972,-76.79495045359893],[-148.370963914972,-76.79495045359893],[-148.370963914972,-76.79495045359893],[-148.370963914972,-76.79495045359893],[-148.370963914972,-76.79495045359893],[-148.370963914972,-76.79495045359893],[-148.6695245025383,-76.8020818012552],[-148.81460608619776,-76.84073577260952],[-148.98389807838592,-76.84528329865121],[-149.23848202207185,-76.81779143667194],[-149.46893307187744,-76.75712330516127],[-149.33325659889513,-76.71743580516112],[-148.92790666399767,-76.73004485464033],[-148.66257402239506,-76.72053639109862],[-148.38419308163873,-76.74441090281748],[-148.3207860992166,-76.77169605906758],[-148.370963914972,-76.79495045359893]]]},"properties":{"scalerank":5,"featurecla":"Glaciated Areas","min_zoom":5}},{"type":"Feature","geometry":{"bbox":[-132.16265092662593,-74.60479990020474,-130.95678137909508,-74.32378346140153],"type":"Polygon","coordinates":[[[-131.23389624726025,-74.41359710072481],[-131.23389624726025,-74.41359710072481],[-131.23389624726025,-74.41359710072481],[-131.23389624726025,-74.41359710072481],[-131.23389624726025,-74.41359710072481],[-131.23389624726025,-74.41359710072481],[-131.23389624726025,-74.41359710072481],[-131.23389624726025,-74.41359710072481],[-131.23389624726025,-74.41359710072481],[-131.23389624726025,-74.41359710072481],[-131.23389624726025,-74.41359710072481],[-131.23389624726025,-74.41359710072481],[-131.23389624726025,-74.41359710072481],[-131.23389624726025,-74.41359710072481],[-131.23389624726025,-74.41359710072481],[-131.23389624726025,-74.41359710072481],[-131.23389624726025,-74.41359710072481],[-131.23389624726025,-74.41359710072481],[-131.23389624726025,-74.41359710072481],[-131.23389624726025,-74.41359710072481],[-130.98112097870452,-74.41411386504774],[-130.95678137909508,-74.4562818337979],[-130.96729753306647,-74.51508961374606],[-131.06669715057987,-74.58381926869424],[-131.17891252330168,-74.60479990020474],[-131.59795671275648,-74.55374358510038],[-131.84086178274444,-74.54258147572533],[-131.95250871471103,-74.51431446726167],[-132.02508826386497,-74.48863128041262],[-132.04929867239372,-74.46382659291251],[-132.16265092662593,-74.4257927387457],[-131.93780676972398,-74.34910491322455],[-131.76270117890297,-74.32378346140153],[-131.59410681855073,-74.32967457468281],[-131.5596127999959,-74.3672950173913],[-131.23389624726025,-74.41359710072481]]]},"properties":{"scalerank":4,"featurecla":"Glaciated Areas","min_zoom":3}},{"type":"Feature","geometry":{"bbox":[-119.90513037807429,-74.12203866973407,-118.87733781622123,-73.77487639759725],"type":"Polygon","coordinates":[[[-119.54889889207026,-74.11025644317152],[-119.54889889207026,-74.11025644317152],[-119.54889889207026,-74.11025644317152],[-119.54889889207026,-74.11025644317152],[-119.54889889207026,-74.11025644317152],[-119.54889889207026,-74.11025644317152],[-119.54889889207026,-74.11025644317152],[-119.54889889207026,-74.11025644317152],[-119.54889889207026,-74.11025644317152],[-119.54889889207026,-74.11025644317152],[-119.54889889207026,-74.11025644317152],[-119.54889889207026,-74.11025644317152],[-119.54889889207026,-74.11025644317152],[-119.54889889207026,-74.11025644317152],[-119.54889889207026,-74.11025644317152],[-119.54889889207026,-74.11025644317152],[-119.54889889207026,-74.11025644317152],[-119.54889889207026,-74.11025644317152],[-119.54889889207026,-74.11025644317152],[-119.54889889207026,-74.11025644317152],[-119.7583434721492,-74.12203866973407],[-119.82100114630312,-74.11966155384864],[-119.88719865606903,-74.09723398223397],[-119.90513037807429,-74.08152434681723],[-119.79666154669367,-74.02922779733785],[-119.69377377000053,-74.00618010853569],[-119.66155351446655,-73.98933359160853],[-119.80257849819107,-73.81466725046201],[-119.66902075893272,-73.80929290150365],[-119.51636857794252,-73.77487639759725],[-119.21620602097518,-73.77766692494103],[-118.95929663783615,-73.80949960723281],[-118.90981645391668,-73.83430429473292],[-118.87733781622123,-73.87802255645184],[-118.98978573288834,-73.96700937285844],[-119.05856706426884,-73.99770517363982],[-119.4485174223433,-74.07614999785888],[-119.54889889207026,-74.11025644317152]]]},"properties":{"scalerank":4,"featurecla":"Glaciated Areas","min_zoom":3}},{"type":"Feature","geometry":{"bbox":[-117.39830664759553,-74.19273202910935,-116.15497168665304,-73.8655168598372],"type":"Polygon","coordinates":[[[-116.38131446009145,-73.8655168598372],[-116.38131446009145,-73.8655168598372],[-116.38131446009145,-73.8655168598372],[-116.38131446009145,-73.8655168598372],[-116.38131446009145,-73.8655168598372],[-116.38131446009145,-73.8655168598372],[-116.38131446009145,-73.8655168598372],[-116.38131446009145,-73.8655168598372],[-116.38131446009145,-73.8655168598372],[-116.38131446009145,-73.8655168598372],[-116.38131446009145,-73.8655168598372],[-116.38131446009145,-73.8655168598372],[-116.38131446009145,-73.8655168598372],[-116.38131446009145,-73.8655168598372],[-116.38131446009145,-73.8655168598372],[-116.38131446009145,-73.8655168598372],[-116.38131446009145,-73.8655168598372],[-116.38131446009145,-73.8655168598372],[-116.38131446009145,-73.8655168598372],[-116.38131446009145,-73.8655168598372],[-116.20266903365842,-73.89564421986337],[-116.15497168665304,-73.91047535593114],[-116.45141354049537,-74.01765227650448],[-116.58455786829538,-74.05558277780672],[-116.60863908574339,-74.06860523874427],[-116.53419918502695,-74.08328134551516],[-116.51412289108154,-74.09547698353605],[-116.57091529017033,-74.1256560199945],[-116.73860531295746,-74.16503346140091],[-117.23030656621464,-74.19273202910935],[-117.36301164434018,-74.16089934681756],[-117.39830664759553,-74.12245208119239],[-117.37644751673604,-74.08276458119224],[-116.38131446009145,-73.8655168598372]]]},"properties":{"scalerank":4,"featurecla":"Glaciated Areas","min_zoom":3}},{"type":"Feature","geometry":{"bbox":[-128.1334653390447,-74.64055999135073,-127.14517940967878,-74.31220794056816],"type":"Polygon","coordinates":[[[-127.48645056853432,-74.40522551869353],[-127.48645056853432,-74.40522551869353],[-127.48645056853432,-74.40522551869353],[-127.48645056853432,-74.40522551869353],[-127.48645056853432,-74.40522551869353],[-127.48645056853432,-74.40522551869353],[-127.48645056853432,-74.40522551869353],[-127.48645056853432,-74.40522551869353],[-127.48645056853432,-74.40522551869353],[-127.48645056853432,-74.40522551869353],[-127.48645056853432,-74.40522551869353],[-127.48645056853432,-74.40522551869353],[-127.48645056853432,-74.40522551869353],[-127.48645056853432,-74.40522551869353],[-127.48645056853432,-74.40522551869353],[-127.48645056853432,-74.40522551869353],[-127.48645056853432,-74.40522551869353],[-127.48645056853432,-74.40522551869353],[-127.48645056853432,-74.40522551869353],[-127.48645056853432,-74.40522551869353],[-127.22974789112445,-74.42517262155819],[-127.14517940967878,-74.48015634551675],[-127.23194413949685,-74.5783932433036],[-127.36581193734892,-74.62267994577773],[-127.51774064828705,-74.64055999135073],[-127.81707638233772,-74.57462086374629],[-127.91523576547613,-74.54258147572533],[-128.00006262908323,-74.48945810332928],[-128.07047176808092,-74.47819264108966],[-128.09625830779456,-74.46620370879793],[-128.1334653390447,-74.32740081166197],[-128.04287655323705,-74.31220794056816],[-127.85296566456441,-74.33184498483907],[-127.48645056853432,-74.40522551869353]]]},"properties":{"scalerank":4,"featurecla":"Glaciated Areas","min_zoom":3}},{"type":"Feature","geometry":{"bbox":[-149.6623321197298,-77.38685230907004,-148.92883683977894,-77.27471445099667],"type":"Polygon","coordinates":[[[-149.21809566953272,-77.33631275828859],[-149.21809566953272,-77.33631275828859],[-149.21809566953272,-77.33631275828859],[-149.21809566953272,-77.33631275828859],[-149.21809566953272,-77.33631275828859],[-149.21809566953272,-77.33631275828859],[-149.21809566953272,-77.33631275828859],[-149.21809566953272,-77.33631275828859],[-149.21809566953272,-77.33631275828859],[-149.21809566953272,-77.33631275828859],[-149.21809566953272,-77.33631275828859],[-149.21809566953272,-77.33631275828859],[-149.21809566953272,-77.33631275828859],[-149.21809566953272,-77.33631275828859],[-149.21809566953272,-77.33631275828859],[-149.21809566953272,-77.33631275828859],[-149.21809566953272,-77.33631275828859],[-149.21809566953272,-77.33631275828859],[-149.21809566953272,-77.33631275828859],[-149.21809566953272,-77.33631275828859],[-148.92883683977894,-77.38685230907004],[-149.43865068255442,-77.3706259093304],[-149.6623321197298,-77.30096607860095],[-149.5186716379584,-77.27471445099667],[-149.3754245676453,-77.27998544709045],[-149.24912736712398,-77.31502206818433],[-149.21809566953272,-77.33631275828859]]]},"properties":{"scalerank":5,"featurecla":"Glaciated Areas","min_zoom":5}},{"type":"Feature","geometry":{"bbox":[-163.7959655426379,-83.14174651482223,-161.6351672027855,-82.84264332471687],"type":"Polygon","coordinates":[[[-162.798481208324,-82.86486419060238],[-162.798481208324,-82.86486419060238],[-162.798481208324,-82.86486419060238],[-162.798481208324,-82.86486419060238],[-162.798481208324,-82.86486419060238],[-162.798481208324,-82.86486419060238],[-162.798481208324,-82.86486419060238],[-162.798481208324,-82.86486419060238],[-162.798481208324,-82.86486419060238],[-162.798481208324,-82.86486419060238],[-162.798481208324,-82.86486419060238],[-162.798481208324,-82.86486419060238],[-162.798481208324,-82.86486419060238],[-162.798481208324,-82.86486419060238],[-162.798481208324,-82.86486419060238],[-162.798481208324,-82.86486419060238],[-162.798481208324,-82.86486419060238],[-162.798481208324,-82.86486419060238],[-162.798481208324,-82.86486419060238],[-162.798481208324,-82.86486419060238],[-162.41059790754122,-82.89917734164418],[-162.33980119530133,-82.92274179476927],[-161.6351672027855,-83.02692148226969],[-161.8282045156118,-83.04252776482184],[-161.99377580467495,-83.11869882602005],[-162.30491960350432,-83.14174651482223],[-163.04655392154115,-83.0967880187283],[-163.24214921776587,-83.05963266391043],[-163.348395962558,-83.02154713331133],[-163.5520786204364,-82.98769907016015],[-163.60173967186887,-82.96852711377987],[-163.60217892154336,-82.92739267367554],[-163.63434750064505,-82.9022779275817],[-163.70392981672606,-82.8792819152118],[-163.73532324934337,-82.85680266716484],[-163.7959655426379,-82.84264332471687],[-162.798481208324,-82.86486419060238]]]},"properties":{"scalerank":4,"featurecla":"Glaciated Areas","min_zoom":3}},{"type":"Feature","geometry":{"bbox":[-150.8735243397867,-76.78895598745306,-150.08478695371585,-76.69128753042142],"type":"Polygon","coordinates":[[[-150.08478695371585,-76.73510914500494],[-150.08478695371585,-76.73510914500494],[-150.08478695371585,-76.73510914500494],[-150.08478695371585,-76.73510914500494],[-150.08478695371585,-76.73510914500494],[-150.08478695371585,-76.73510914500494],[-150.08478695371585,-76.73510914500494],[-150.08478695371585,-76.73510914500494],[-150.08478695371585,-76.73510914500494],[-150.08478695371585,-76.73510914500494],[-150.08478695371585,-76.73510914500494],[-150.08478695371585,-76.73510914500494],[-150.08478695371585,-76.73510914500494],[-150.08478695371585,-76.73510914500494],[-150.08478695371585,-76.73510914500494],[-150.08478695371585,-76.73510914500494],[-150.08478695371585,-76.73510914500494],[-150.08478695371585,-76.73510914500494],[-150.08478695371585,-76.73510914500494],[-150.08478695371585,-76.73510914500494],[-150.23252987363833,-76.77645029083843],[-150.6551655751374,-76.78895598745306],[-150.83047787168758,-76.76156747833839],[-150.8735243397867,-76.73676279083827],[-150.83763505756002,-76.71412851349443],[-150.17739112038288,-76.69128753042142],[-150.10357133685395,-76.718831068833],[-150.08478695371585,-76.73510914500494]]]},"properties":{"scalerank":5,"featurecla":"Glaciated Areas","min_zoom":5}},{"type":"Feature","geometry":{"bbox":[-147.42091854550208,-76.26097787872699,-146.69013627824654,-76.06279876088766],"type":"Polygon","coordinates":[[[-147.15090918677703,-76.19746754344028],[-147.15090918677703,-76.19746754344028],[-147.15090918677703,-76.19746754344028],[-147.15090918677703,-76.19746754344028],[-147.15090918677703,-76.19746754344028],[-147.15090918677703,-76.19746754344028],[-147.15090918677703,-76.19746754344028],[-147.15090918677703,-76.19746754344028],[-147.15090918677703,-76.19746754344028],[-147.15090918677703,-76.19746754344028],[-147.15090918677703,-76.19746754344028],[-147.15090918677703,-76.19746754344028],[-147.15090918677703,-76.19746754344028],[-147.15090918677703,-76.19746754344028],[-147.15090918677703,-76.19746754344028],[-147.15090918677703,-76.19746754344028],[-147.15090918677703,-76.19746754344028],[-147.15090918677703,-76.19746754344028],[-147.15090918677703,-76.19746754344028],[-147.15090918677703,-76.19746754344028],[-147.34541927792364,-76.14666961049737],[-147.4077668934838,-76.10460499461179],[-147.42091854550208,-76.09023894643465],[-147.41805050350987,-76.07344410593979],[-147.3606379872336,-76.06279876088766],[-146.94900936581269,-76.09814544057531],[-146.69013627824654,-76.24635344838839],[-146.89449072974475,-76.26097787872699],[-147.15090918677703,-76.19746754344028]]]},"properties":{"scalerank":5,"featurecla":"Glaciated Areas","min_zoom":5}},{"type":"Feature","geometry":{"bbox":[-147.35531531470752,-76.71402516062984,-146.79002682186675,-76.53155567820724],"type":"Polygon","coordinates":[[[-146.9474849110601,-76.55501677846776],[-146.9474849110601,-76.55501677846776],[-146.9474849110601,-76.55501677846776],[-146.9474849110601,-76.55501677846776],[-146.9474849110601,-76.55501677846776],[-146.9474849110601,-76.55501677846776],[-146.9474849110601,-76.55501677846776],[-146.9474849110601,-76.55501677846776],[-146.9474849110601,-76.55501677846776],[-146.9474849110601,-76.55501677846776],[-146.9474849110601,-76.55501677846776],[-146.9474849110601,-76.55501677846776],[-146.9474849110601,-76.55501677846776],[-146.9474849110601,-76.55501677846776],[-146.9474849110601,-76.55501677846776],[-146.9474849110601,-76.55501677846776],[-146.9474849110601,-76.55501677846776],[-146.9474849110601,-76.55501677846776],[-146.9474849110601,-76.55501677846776],[-146.9474849110601,-76.55501677846776],[-146.87787675676293,-76.56323333120217],[-146.79002682186675,-76.63309986766077],[-146.9077974110599,-76.71402516062984],[-147.22134416399086,-76.67092701609843],[-147.35531531470752,-76.61883717234822],[-147.27860165097024,-76.55258798615003],[-147.1353029042249,-76.53155567820724],[-146.9474849110601,-76.55501677846776]]]},"properties":{"scalerank":5,"featurecla":"Glaciated Areas","min_zoom":5}},{"type":"Feature","geometry":{"bbox":[-163.95122738345881,-81.59786142367022,-160.46715064190846,-81.28139495231478],"type":"Polygon","coordinates":[[[-160.46715064190846,-81.58948984163894],[-160.46715064190846,-81.58948984163894],[-160.46715064190846,-81.58948984163894],[-160.46715064190846,-81.58948984163894],[-160.46715064190846,-81.58948984163894],[-160.46715064190846,-81.58948984163894],[-160.46715064190846,-81.58948984163894],[-160.46715064190846,-81.58948984163894],[-160.46715064190846,-81.58948984163894],[-160.46715064190846,-81.58948984163894],[-160.46715064190846,-81.58948984163894],[-160.46715064190846,-81.58948984163894],[-160.46715064190846,-81.58948984163894],[-160.46715064190846,-81.58948984163894],[-160.46715064190846,-81.58948984163894],[-160.46715064190846,-81.58948984163894],[-160.46715064190846,-81.58948984163894],[-160.46715064190846,-81.58948984163894],[-160.46715064190846,-81.58948984163894],[-160.46715064190846,-81.58948984163894],[-160.5710202708151,-81.59786142367022],[-163.2530787831956,-81.48246795036246],[-163.7660448883409,-81.4447958312217],[-163.89014584048982,-81.42366017041432],[-163.93926428938326,-81.4040748025757],[-163.95122738345881,-81.39094898877356],[-163.930014208003,-81.35219166455465],[-163.86901017968245,-81.32397633252329],[-163.2006530426355,-81.28139495231478],[-162.45648657941638,-81.31322763460659],[-161.55858273012893,-81.39668507275796],[-160.9378712636551,-81.46350269971134],[-160.61688310447414,-81.52210377393034],[-160.4854699371559,-81.56701059359197],[-160.46715064190846,-81.58948984163894]]]},"properties":{"scalerank":3,"featurecla":"Glaciated Areas","min_zoom":2.1}},{"type":"Feature","geometry":{"bbox":[-151.51162492572678,-77.3737264952679,-150.35624325254506,-77.22004078563188],"type":"Polygon","coordinates":[[[-151.0215514800868,-77.22004078563188],[-151.0215514800868,-77.22004078563188],[-151.0215514800868,-77.22004078563188],[-151.0215514800868,-77.22004078563188],[-151.0215514800868,-77.22004078563188],[-151.0215514800868,-77.22004078563188],[-151.0215514800868,-77.22004078563188],[-151.0215514800868,-77.22004078563188],[-151.0215514800868,-77.22004078563188],[-151.0215514800868,-77.22004078563188],[-151.0215514800868,-77.22004078563188],[-151.0215514800868,-77.22004078563188],[-151.0215514800868,-77.22004078563188],[-151.0215514800868,-77.22004078563188],[-151.0215514800868,-77.22004078563188],[-151.0215514800868,-77.22004078563188],[-151.0215514800868,-77.22004078563188],[-151.0215514800868,-77.22004078563188],[-151.0215514800868,-77.22004078563188],[-151.0215514800868,-77.22004078563188],[-150.49910274961596,-77.33507252391358],[-150.35624325254506,-77.3490251606324],[-150.3970934722718,-77.36917896922623],[-150.47486650287107,-77.3737264952679],[-151.34447750547872,-77.29631519969467],[-151.51162492572678,-77.2733708637571],[-151.2180252756605,-77.22644866323607],[-151.0215514800868,-77.22004078563188]]]},"properties":{"scalerank":5,"featurecla":"Glaciated Areas","min_zoom":5}},{"type":"Feature","geometry":{"bbox":[-155.75115943095207,-80.03599293408064,-153.93046953022863,-79.76551848746497],"type":"Polygon","coordinates":[[[-153.93046953022863,-80.03330575960146],[-153.93046953022863,-80.03330575960146],[-153.93046953022863,-80.03330575960146],[-153.93046953022863,-80.03330575960146],[-153.93046953022863,-80.03330575960146],[-153.93046953022863,-80.03330575960146],[-153.93046953022863,-80.03330575960146],[-153.93046953022863,-80.03330575960146],[-153.93046953022863,-80.03330575960146],[-153.93046953022863,-80.03330575960146],[-153.93046953022863,-80.03330575960146],[-153.93046953022863,-80.03330575960146],[-153.93046953022863,-80.03330575960146],[-153.93046953022863,-80.03330575960146],[-153.93046953022863,-80.03330575960146],[-153.93046953022863,-80.03330575960146],[-153.93046953022863,-80.03330575960146],[-153.93046953022863,-80.03330575960146],[-153.93046953022863,-80.03330575960146],[-153.93046953022863,-80.03330575960146],[-154.1140500559455,-80.03599293408064],[-154.34884192606364,-80.0260710590806],[-154.52945105692373,-80.00049122509613],[-154.94167395731603,-79.9662814269189],[-155.04479427795445,-79.89977385855926],[-155.5253334218366,-79.84644378043404],[-155.75115943095207,-79.8295972635069],[-155.67429073791791,-79.76551848746497],[-155.1622031321216,-79.85068124788198],[-154.53508378804355,-79.93553394970525],[-154.02537329813265,-79.98767546988773],[-153.93046953022863,-80.03330575960146]]]},"properties":{"scalerank":5,"featurecla":"Glaciated Areas","min_zoom":5}},{"type":"Feature","geometry":{"bbox":[-150.78854244688273,-77.13663502391279,-149.23067888079578,-76.87504892365132],"type":"Polygon","coordinates":[[[-149.29343990781425,-77.13663502391279],[-149.29343990781425,-77.13663502391279],[-149.29343990781425,-77.13663502391279],[-149.29343990781425,-77.13663502391279],[-149.29343990781425,-77.13663502391279],[-149.29343990781425,-77.13663502391279],[-149.29343990781425,-77.13663502391279],[-149.29343990781425,-77.13663502391279],[-149.29343990781425,-77.13663502391279],[-149.29343990781425,-77.13663502391279],[-149.29343990781425,-77.13663502391279],[-149.29343990781425,-77.13663502391279],[-149.29343990781425,-77.13663502391279],[-149.29343990781425,-77.13663502391279],[-149.29343990781425,-77.13663502391279],[-149.29343990781425,-77.13663502391279],[-149.29343990781425,-77.13663502391279],[-149.29343990781425,-77.13663502391279],[-149.29343990781425,-77.13663502391279],[-149.29343990781425,-77.13663502391279],[-149.72863298236027,-77.12847014761067],[-149.81687049049864,-77.11415577586583],[-149.85632544655348,-77.09942799266264],[-150.46179236550122,-77.07565683380838],[-150.73580664772888,-77.0043433572456],[-150.78854244688273,-76.98160572703716],[-150.68022864479897,-76.9484294575058],[-150.47577084043616,-76.9261052387557],[-150.39332109271447,-76.89871672964101],[-149.8706139800822,-76.87504892365132],[-149.78984371641,-76.8892082660993],[-149.74258561907908,-76.92703541453696],[-149.5057525298854,-77.00165618276642],[-149.44172543027577,-77.04925017690724],[-149.4164298166689,-77.07886077261048],[-149.2883497792335,-77.09312346792304],[-149.23067888079578,-77.12051197703772],[-149.29343990781425,-77.13663502391279]]]},"properties":{"scalerank":3,"featurecla":"Glaciated Areas","min_zoom":2.1}},{"type":"Feature","geometry":{"bbox":[-158.98871375225409,-82.11204192497436,-157.83457231344738,-81.7793490538793],"type":"Polygon","coordinates":[[[-158.2608253652069,-81.94729745882788],[-158.2608253652069,-81.94729745882788],[-158.2608253652069,-81.94729745882788],[-158.2608253652069,-81.94729745882788],[-158.2608253652069,-81.94729745882788],[-158.2608253652069,-81.94729745882788],[-158.2608253652069,-81.94729745882788],[-158.2608253652069,-81.94729745882788],[-158.2608253652069,-81.94729745882788],[-158.2608253652069,-81.94729745882788],[-158.2608253652069,-81.94729745882788],[-158.2608253652069,-81.94729745882788],[-158.2608253652069,-81.94729745882788],[-158.2608253652069,-81.94729745882788],[-158.2608253652069,-81.94729745882788],[-158.2608253652069,-81.94729745882788],[-158.2608253652069,-81.94729745882788],[-158.2608253652069,-81.94729745882788],[-158.2608253652069,-81.94729745882788],[-158.2608253652069,-81.94729745882788],[-157.83457231344738,-82.03075489697925],[-157.98748287659902,-82.10501393018266],[-158.07623714906032,-82.11204192497436],[-158.15408769430803,-82.05845346468769],[-158.54530412497365,-81.94884775179663],[-158.77317135316468,-81.87546721794217],[-158.92634029847778,-81.8186231424211],[-158.98871375225409,-81.7793490538793],[-158.91373124899857,-81.77976246533761],[-158.346711595676,-81.90047861117144],[-158.2608253652069,-81.94729745882788]]]},"properties":{"scalerank":5,"featurecla":"Glaciated Areas","min_zoom":5}},{"type":"Feature","geometry":{"bbox":[-6.437999436865169,-70.61155527128253,-5.894104986993213,-70.40464283638586],"type":"Polygon","coordinates":[[[-6.068280402032968,-70.40464283638586],[-6.068280402032968,-70.40464283638586],[-6.068280402032968,-70.40464283638586],[-6.068280402032968,-70.40464283638586],[-6.068280402032968,-70.40464283638586],[-6.068280402032968,-70.40464283638586],[-6.068280402032968,-70.40464283638586],[-6.068280402032968,-70.40464283638586],[-6.068280402032968,-70.40464283638586],[-6.068280402032968,-70.40464283638586],[-6.068280402032968,-70.40464283638586],[-6.068280402032968,-70.40464283638586],[-6.068280402032968,-70.40464283638586],[-6.068280402032968,-70.40464283638586],[-6.068280402032968,-70.40464283638586],[-6.068280402032968,-70.40464283638586],[-6.068280402032968,-70.40464283638586],[-6.068280402032968,-70.40464283638586],[-6.068280402032968,-70.40464283638586],[-6.068280402032968,-70.40464283638586],[-5.971619635431011,-70.42143767688071],[-5.949502122410095,-70.43223805122972],[-5.894104986993213,-70.55223072701145],[-6.156104498713006,-70.61155527128253],[-6.180857509780807,-70.5855620258397],[-6.2661236230623985,-70.55016366971978],[-6.437999436865169,-70.45259856555272],[-6.243644375015435,-70.4456739236256],[-6.068280402032968,-70.40464283638586]]]},"properties":{"scalerank":4,"featurecla":"Glaciated Areas","min_zoom":3}},{"type":"Feature","geometry":{"bbox":[2.58467980307978,-70.62354420357424,3.2598840674053804,-70.38159514758368],"type":"Polygon","coordinates":[[[3.0721952653213123,-70.38159514758368],[3.0721952653213123,-70.38159514758368],[3.0721952653213123,-70.38159514758368],[3.0721952653213123,-70.38159514758368],[3.0721952653213123,-70.38159514758368],[3.0721952653213123,-70.38159514758368],[3.0721952653213123,-70.38159514758368],[3.0721952653213123,-70.38159514758368],[3.0721952653213123,-70.38159514758368],[3.0721952653213123,-70.38159514758368],[3.0721952653213123,-70.38159514758368],[3.0721952653213123,-70.38159514758368],[3.0721952653213123,-70.38159514758368],[3.0721952653213123,-70.38159514758368],[3.0721952653213123,-70.38159514758368],[3.0721952653213123,-70.38159514758368],[3.0721952653213123,-70.38159514758368],[3.0721952653213123,-70.38159514758368],[3.0721952653213123,-70.38159514758368],[3.0721952653213123,-70.38159514758368],[3.1928080582905523,-70.39265390409415],[3.230531853863596,-70.40267913195876],[3.2598840674053804,-70.44877450956312],[3.221333448915658,-70.51915781034465],[3.1711039567279613,-70.55388437284479],[3.036951938498248,-70.59739592883454],[2.697747836934383,-70.62354420357424],[2.622713657246607,-70.59336516711578],[2.58467980307978,-70.53455738716764],[2.631498650736205,-70.50034758899041],[3.0721952653213123,-70.38159514758368]]]},"properties":{"scalerank":4,"featurecla":"Glaciated Areas","min_zoom":3}},{"type":"Feature","geometry":{"bbox":[-3.403843553063979,-71.23663339628501,-2.954982062176754,-71.0517351215447],"type":"Polygon","coordinates":[[[-3.3989601302124015,-71.06207040800308],[-3.3989601302124015,-71.06207040800308],[-3.3989601302124015,-71.06207040800308],[-3.3989601302124015,-71.06207040800308],[-3.3989601302124015,-71.06207040800308],[-3.3989601302124015,-71.06207040800308],[-3.3989601302124015,-71.06207040800308],[-3.3989601302124015,-71.06207040800308],[-3.3989601302124015,-71.06207040800308],[-3.3989601302124015,-71.06207040800308],[-3.3989601302124015,-71.06207040800308],[-3.3989601302124015,-71.06207040800308],[-3.3989601302124015,-71.06207040800308],[-3.3989601302124015,-71.06207040800308],[-3.3989601302124015,-71.06207040800308],[-3.3989601302124015,-71.06207040800308],[-3.3989601302124015,-71.06207040800308],[-3.3989601302124015,-71.06207040800308],[-3.3989601302124015,-71.06207040800308],[-3.3989601302124015,-71.06207040800308],[-3.263051113284775,-71.0517351215447],[-3.2128216210970777,-71.07597136828959],[-3.1913500634798027,-71.09483326607612],[-2.954982062176754,-71.21379241321202],[-3.060582851565215,-71.23663339628501],[-3.201452805992858,-71.23022551868083],[-3.309353196618275,-71.20087330513904],[-3.385627610681098,-71.14299570097215],[-3.403843553063979,-71.11984465930539],[-3.3917254296915194,-71.08113901151879],[-3.3989601302124015,-71.06207040800308]]]},"properties":{"scalerank":4,"featurecla":"Glaciated Areas","min_zoom":3}},{"type":"Feature","geometry":{"bbox":[0.9496374853648888,-70.38138844185451,1.460924106460709,-70.02275400174892],"type":"Polygon","coordinates":[[[1.314886508803852,-70.02275400174892],[1.314886508803852,-70.02275400174892],[1.314886508803852,-70.02275400174892],[1.314886508803852,-70.02275400174892],[1.314886508803852,-70.02275400174892],[1.314886508803852,-70.02275400174892],[1.314886508803852,-70.02275400174892],[1.314886508803852,-70.02275400174892],[1.314886508803852,-70.02275400174892],[1.314886508803852,-70.02275400174892],[1.314886508803852,-70.02275400174892],[1.314886508803852,-70.02275400174892],[1.314886508803852,-70.02275400174892],[1.314886508803852,-70.02275400174892],[1.314886508803852,-70.02275400174892],[1.314886508803852,-70.02275400174892],[1.314886508803852,-70.02275400174892],[1.314886508803852,-70.02275400174892],[1.314886508803852,-70.02275400174892],[1.314886508803852,-70.02275400174892],[1.4122449072417569,-70.0407374001865],[1.460924106460709,-70.13561532987437],[1.2992802262517105,-70.25519459419776],[1.2115336442201112,-70.38138844185451],[1.1563432145323986,-70.37808115018785],[1.1045634293759292,-70.30418385201045],[0.990358514010893,-70.22429208768722],[0.952531365573236,-70.16899830513492],[0.9496374853648888,-70.0940674783117],[1.026738722344362,-70.04983245226985],[1.314886508803852,-70.02275400174892]]]},"properties":{"scalerank":4,"featurecla":"Glaciated Areas","min_zoom":3}},{"type":"Feature","geometry":{"bbox":[-3.5746600000047692,-71.16749032987849,-2.0922698632800802,-70.67439381294943],"type":"Polygon","coordinates":[[[-2.53281144856831,-70.76772144966856],[-2.53281144856831,-70.76772144966856],[-2.53281144856831,-70.76772144966856],[-2.53281144856831,-70.76772144966856],[-2.53281144856831,-70.76772144966856],[-2.53281144856831,-70.76772144966856],[-2.53281144856831,-70.76772144966856],[-2.53281144856831,-70.76772144966856],[-2.53281144856831,-70.76772144966856],[-2.53281144856831,-70.76772144966856],[-2.53281144856831,-70.76772144966856],[-2.53281144856831,-70.76772144966856],[-2.53281144856831,-70.76772144966856],[-2.53281144856831,-70.76772144966856],[-2.53281144856831,-70.76772144966856],[-2.53281144856831,-70.76772144966856],[-2.53281144856831,-70.76772144966856],[-2.53281144856831,-70.76772144966856],[-2.53281144856831,-70.76772144966856],[-2.53281144856831,-70.76772144966856],[-2.4234124414064127,-70.80043263130932],[-2.2555932275385544,-70.79614348742909],[-2.0922698632800802,-70.82084482206461],[-2.119038255207272,-70.85536467883558],[-2.2126759505201505,-70.90156340930452],[-2.2931878320308954,-70.99799163196116],[-2.3689454817707656,-71.04439706815926],[-2.606760423177974,-71.14113534940964],[-2.78349382161619,-71.16749032987849],[-2.8251450260434297,-71.11271331164912],[-2.821863572592889,-71.05669605904473],[-2.8051979231787527,-71.01473479602372],[-2.8005470442724913,-70.98217864367984],[-2.9631211002627253,-70.94037240995571],[-2.9750066796898693,-70.8832699522732],[-3.006968553062393,-70.8514372699814],[-3.488980475264839,-70.73588876737676],[-3.5746600000047692,-70.70312590930372],[-3.5370653955124283,-70.68328215930364],[-3.040015631513029,-70.67439381294943],[-2.7498007877618704,-70.69418588651723],[-2.53281144856831,-70.76772144966856]]]},"properties":{"scalerank":4,"featurecla":"Glaciated Areas","min_zoom":3}},{"type":"Feature","geometry":{"bbox":[4.069757114283619,-70.50262135201125,4.617527296577492,-70.24082854602062],"type":"Polygon","coordinates":[[[4.129598422877621,-70.41694182727133],[4.129598422877621,-70.41694182727133],[4.129598422877621,-70.41694182727133],[4.129598422877621,-70.41694182727133],[4.129598422877621,-70.41694182727133],[4.129598422877621,-70.41694182727133],[4.129598422877621,-70.41694182727133],[4.129598422877621,-70.41694182727133],[4.129598422877621,-70.41694182727133],[4.129598422877621,-70.41694182727133],[4.129598422877621,-70.41694182727133],[4.129598422877621,-70.41694182727133],[4.129598422877621,-70.41694182727133],[4.129598422877621,-70.41694182727133],[4.129598422877621,-70.41694182727133],[4.129598422877621,-70.41694182727133],[4.129598422877621,-70.41694182727133],[4.129598422877621,-70.41694182727133],[4.129598422877621,-70.41694182727133],[4.129598422877621,-70.41694182727133],[4.076164991887822,-70.32526783638555],[4.069757114283619,-70.29023121529166],[4.111718377304641,-70.26677011503114],[4.25610232912814,-70.24082854602062],[4.495054152045753,-70.25137053820816],[4.586211378608624,-70.29426197701042],[4.617527296577492,-70.36867603951072],[4.589932081733622,-70.43254810982347],[4.525853305691697,-70.4787468402924],[4.3652429541285755,-70.50262135201125],[4.179724562200732,-70.45125497831313],[4.129598422877621,-70.41694182727133]]]},"properties":{"scalerank":4,"featurecla":"Glaciated Areas","min_zoom":3}},{"type":"Feature","geometry":{"bbox":[48.29393110534596,-66.80734303168397,48.78558068217084,-66.7009929340273],"type":"Polygon","coordinates":[[[48.63778608581609,-66.7009929340273],[48.63778608581609,-66.7009929340273],[48.63778608581609,-66.7009929340273],[48.63778608581609,-66.7009929340273],[48.63778608581609,-66.7009929340273],[48.63778608581609,-66.7009929340273],[48.63778608581609,-66.7009929340273],[48.63778608581609,-66.7009929340273],[48.63778608581609,-66.7009929340273],[48.63778608581609,-66.7009929340273],[48.63778608581609,-66.7009929340273],[48.63778608581609,-66.7009929340273],[48.63778608581609,-66.7009929340273],[48.63778608581609,-66.7009929340273],[48.63778608581609,-66.7009929340273],[48.63778608581609,-66.7009929340273],[48.63778608581609,-66.7009929340273],[48.63778608581609,-66.7009929340273],[48.63778608581609,-66.7009929340273],[48.63778608581609,-66.7009929340273],[48.75106082539986,-66.71964812608466],[48.78248009623334,-66.73117197048575],[48.78558068217084,-66.76755217881923],[48.77472863138957,-66.77830087673594],[48.54600874206571,-66.7841919900172],[48.377956984252535,-66.80734303168397],[48.3044730975335,-66.79783456814226],[48.29599816263763,-66.77385670355883],[48.29393110534596,-66.75013722113687],[48.30075239440848,-66.72424732855863],[48.35769982279413,-66.70378346137106],[48.63778608581609,-66.7009929340273]]]},"properties":{"scalerank":5,"featurecla":"Glaciated Areas","min_zoom":5}},{"type":"Feature","geometry":{"bbox":[15.562595655996263,-70.07194996529078,16.62547651537554,-69.70494394315389],"type":"Polygon","coordinates":[[[15.909551222403904,-69.72840504341441],[15.909551222403904,-69.72840504341441],[15.909551222403904,-69.72840504341441],[15.909551222403904,-69.72840504341441],[15.909551222403904,-69.72840504341441],[15.909551222403904,-69.72840504341441],[15.909551222403904,-69.72840504341441],[15.909551222403904,-69.72840504341441],[15.909551222403904,-69.72840504341441],[15.909551222403904,-69.72840504341441],[15.909551222403904,-69.72840504341441],[15.909551222403904,-69.72840504341441],[15.909551222403904,-69.72840504341441],[15.909551222403904,-69.72840504341441],[15.909551222403904,-69.72840504341441],[15.909551222403904,-69.72840504341441],[15.909551222403904,-69.72840504341441],[15.909551222403904,-69.72840504341441],[15.909551222403904,-69.72840504341441],[15.909551222403904,-69.72840504341441],[16.246894972405272,-69.70494394315389],[16.573386671625315,-69.72323740018521],[16.62547651537554,-69.75031585070616],[16.31541792162429,-69.84447031034195],[16.22260704922809,-70.00766448351969],[16.15925174323823,-70.07194996529078],[15.844955682039057,-69.98203297310292],[15.663468051830023,-69.95505787544656],[15.613858676829807,-69.93903818143608],[15.57096723802755,-69.88472625109732],[15.562595655996263,-69.86276376737328],[15.596908807038092,-69.82803720487314],[15.699021437246815,-69.77326018664375],[15.909551222403904,-69.72840504341441]]]},"properties":{"scalerank":4,"featurecla":"Glaciated Areas","min_zoom":3}},{"type":"Feature","geometry":{"bbox":[25.95410607270452,-70.44794768664644,26.87477339041652,-70.06058115018656],"type":"Polygon","coordinates":[[[26.686257765415775,-70.1144279926347],[26.686257765415775,-70.1144279926347],[26.686257765415775,-70.1144279926347],[26.686257765415775,-70.1144279926347],[26.686257765415775,-70.1144279926347],[26.686257765415775,-70.1144279926347],[26.686257765415775,-70.1144279926347],[26.686257765415775,-70.1144279926347],[26.686257765415775,-70.1144279926347],[26.686257765415775,-70.1144279926347],[26.686257765415775,-70.1144279926347],[26.686257765415775,-70.1144279926347],[26.686257765415775,-70.1144279926347],[26.686257765415775,-70.1144279926347],[26.686257765415775,-70.1144279926347],[26.686257765415775,-70.1144279926347],[26.686257765415775,-70.1144279926347],[26.686257765415775,-70.1144279926347],[26.686257765415775,-70.1144279926347],[26.686257765415775,-70.1144279926347],[26.737417433384735,-70.18605152779124],[26.87477339041652,-70.3300220681564],[26.8572034034373,-70.38118173612536],[26.793021274530787,-70.41931894315675],[26.608846469842547,-70.41239430122964],[26.470250278435742,-70.44794768664644],[26.35759565603945,-70.4343051085214],[26.005369093538036,-70.37291350695865],[25.96423465343372,-70.29457203560418],[25.95410607270452,-70.26139576607278],[25.98252811046504,-70.19990081164546],[26.301061639112135,-70.0724667296137],[26.42560184093557,-70.06058115018656],[26.604815708123766,-70.07825449003039],[26.686257765415775,-70.1144279926347]]]},"properties":{"scalerank":4,"featurecla":"Glaciated Areas","min_zoom":3}},{"type":"Feature","geometry":{"bbox":[-32.00028927257941,-80.01087818798679,-29.61444007009591,-79.63426034944362],"type":"Polygon","coordinates":[[[-30.985028245557118,-79.81843515413185],[-30.985028245557118,-79.81843515413185],[-30.985028245557118,-79.81843515413185],[-30.985028245557118,-79.81843515413185],[-30.985028245557118,-79.81843515413185],[-30.985028245557118,-79.81843515413185],[-30.985028245557118,-79.81843515413185],[-30.985028245557118,-79.81843515413185],[-30.985028245557118,-79.81843515413185],[-30.985028245557118,-79.81843515413185],[-30.985028245557118,-79.81843515413185],[-30.985028245557118,-79.81843515413185],[-30.985028245557118,-79.81843515413185],[-30.985028245557118,-79.81843515413185],[-30.985028245557118,-79.81843515413185],[-30.985028245557118,-79.81843515413185],[-30.985028245557118,-79.81843515413185],[-30.985028245557118,-79.81843515413185],[-30.985028245557118,-79.81843515413185],[-30.985028245557118,-79.81843515413185],[-30.840799323030513,-79.77130624788167],[-30.86146989594725,-79.72588266389711],[-30.779924485790676,-79.64733448681346],[-30.66013851573811,-79.73306568798567],[-29.870884365344327,-79.82318938590272],[-29.61444007009591,-79.90959238069472],[-29.72076432953644,-79.92984954215314],[-29.800087653104473,-79.92592213329895],[-30.029014248157463,-79.93615406689274],[-30.422116868601748,-80.01087818798679],[-30.844416673290937,-79.93842782991358],[-31.594267544062163,-79.88768157340296],[-31.824098476680266,-79.84954436637156],[-32.00028927257941,-79.73244557079818],[-31.680412156692714,-79.63426034944362],[-31.604887050898142,-79.64469898876658],[-31.118818528760784,-79.7983846984026],[-30.985028245557118,-79.81843515413185]]]},"properties":{"scalerank":3,"featurecla":"Glaciated Areas","min_zoom":2.1}},{"type":"Feature","geometry":{"bbox":[-36.60075781914729,-79.3571713194946,-33.93420223645434,-79.0900041645456],"type":"Polygon","coordinates":[[[-33.994715338668115,-79.27851978954637],[-33.994715338668115,-79.27851978954637],[-33.994715338668115,-79.27851978954637],[-33.994715338668115,-79.27851978954637],[-33.994715338668115,-79.27851978954637],[-33.994715338668115,-79.27851978954637],[-33.994715338668115,-79.27851978954637],[-33.994715338668115,-79.27851978954637],[-33.994715338668115,-79.27851978954637],[-33.994715338668115,-79.27851978954637],[-33.994715338668115,-79.27851978954637],[-33.994715338668115,-79.27851978954637],[-33.994715338668115,-79.27851978954637],[-33.994715338668115,-79.27851978954637],[-33.994715338668115,-79.27851978954637],[-33.994715338668115,-79.27851978954637],[-33.994715338668115,-79.27851978954637],[-33.994715338668115,-79.27851978954637],[-33.994715338668115,-79.27851978954637],[-33.994715338668115,-79.27851978954637],[-33.947173020959596,-79.30539153433813],[-33.93420223645434,-79.32037769970277],[-34.049957444788134,-79.3571713194946],[-36.48130774590463,-79.29402271923392],[-36.60075781914729,-79.282705580562],[-36.56595374199871,-79.20880828238462],[-36.23778255872918,-79.19568246858249],[-36.04800086113727,-79.18116139110847],[-35.79023881686541,-79.14891529735834],[-35.5973048569037,-79.09186451610812],[-35.534647182749794,-79.0900041645456],[-34.391486985805116,-79.2229159484003],[-33.994715338668115,-79.27851978954637]]]},"properties":{"scalerank":3,"featurecla":"Glaciated Areas","min_zoom":2.1}},{"type":"Feature","geometry":{"bbox":[-3.496835292973202,-70.53548756294889,-2.682724778647014,-70.27968922310411],"type":"Polygon","coordinates":[[[-2.7380443994154864,-70.50706552518835],[-2.7380443994154864,-70.50706552518835],[-2.7380443994154864,-70.50706552518835],[-2.7380443994154864,-70.50706552518835],[-2.7380443994154864,-70.50706552518835],[-2.7380443994154864,-70.50706552518835],[-2.7380443994154864,-70.50706552518835],[-2.7380443994154864,-70.50706552518835],[-2.7380443994154864,-70.50706552518835],[-2.7380443994154864,-70.50706552518835],[-2.7380443994154864,-70.50706552518835],[-2.7380443994154864,-70.50706552518835],[-2.7380443994154864,-70.50706552518835],[-2.7380443994154864,-70.50706552518835],[-2.7380443994154864,-70.50706552518835],[-2.7380443994154864,-70.50706552518835],[-2.7380443994154864,-70.50706552518835],[-2.7380443994154864,-70.50706552518835],[-2.7380443994154864,-70.50706552518835],[-2.7380443994154864,-70.50706552518835],[-3.2802076888056604,-70.53383391711554],[-3.4418774072308054,-70.53548756294889],[-3.4902207096398286,-70.5079957009696],[-3.496835292973202,-70.4883586566987],[-3.287468227542689,-70.34407805773978],[-3.1732374739614784,-70.30728443794797],[-2.9498919335960068,-70.27968922310411],[-2.8051204085303425,-70.28847421659373],[-2.7135239322929863,-70.32020354602093],[-2.6843525862642252,-70.37611744576074],[-2.682724778647014,-70.46221038195901],[-2.7380443994154864,-70.50706552518835]]]},"properties":{"scalerank":4,"featurecla":"Glaciated Areas","min_zoom":3}},{"type":"Feature","geometry":{"bbox":[-22.03534196622445,-74.49266204213139,-20.41141008145232,-73.61922698353413],"type":"Polygon","coordinates":[[[-20.600339117911417,-74.1968661436927],[-20.600339117911417,-74.1968661436927],[-20.600339117911417,-74.1968661436927],[-20.600339117911417,-74.1968661436927],[-20.600339117911417,-74.1968661436927],[-20.600339117911417,-74.1968661436927],[-20.600339117911417,-74.1968661436927],[-20.600339117911417,-74.1968661436927],[-20.600339117911417,-74.1968661436927],[-20.600339117911417,-74.1968661436927],[-20.600339117911417,-74.1968661436927],[-20.600339117911417,-74.1968661436927],[-20.600339117911417,-74.1968661436927],[-20.600339117911417,-74.1968661436927],[-20.600339117911417,-74.1968661436927],[-20.600339117911417,-74.1968661436927],[-20.600339117911417,-74.1968661436927],[-20.600339117911417,-74.1968661436927],[-20.600339117911417,-74.1968661436927],[-20.600339117911417,-74.1968661436927],[-20.42334733731174,-74.31737558379734],[-20.41141008145232,-74.40848113392792],[-20.41665523932994,-74.44336272572494],[-20.489028082754714,-74.49266204213139],[-20.737023281323417,-74.48098316843341],[-20.817690192131025,-74.45478321726144],[-20.845647142000928,-74.43778167103741],[-20.976750250725416,-74.22508147572407],[-21.051215989658004,-74.17609221791136],[-21.166557786533474,-74.13258066192161],[-21.609889899165452,-74.09175628041103],[-22.03534196622445,-74.1065357400465],[-21.930387132239648,-74.05661630645255],[-21.28830746101312,-73.98933359160853],[-21.126353522210394,-73.93982756947293],[-21.024499274163105,-73.88008961374351],[-20.979179043043132,-73.79048268014941],[-20.867041184969764,-73.6766911762427],[-20.690152757234685,-73.62522144968],[-20.580236985749877,-73.61922698353413],[-20.52073157396578,-73.71183115020118],[-20.52073157396578,-73.79782073353485],[-20.607418789135394,-73.8866008442123],[-20.654237636791834,-74.10498544707775],[-20.641266852286577,-74.15056406035917],[-20.600339117911417,-74.1968661436927]]]},"properties":{"scalerank":1,"featurecla":"Glaciated Areas","min_zoom":2}},{"type":"Feature","geometry":{"bbox":[-16.51655737961383,-72.70279713327005,-16.104489508518427,-72.45857431425866],"type":"Polygon","coordinates":[[[-16.302875332086927,-72.47800465280041],[-16.302875332086927,-72.47800465280041],[-16.302875332086927,-72.47800465280041],[-16.302875332086927,-72.47800465280041],[-16.302875332086927,-72.47800465280041],[-16.302875332086927,-72.47800465280041],[-16.302875332086927,-72.47800465280041],[-16.302875332086927,-72.47800465280041],[-16.302875332086927,-72.47800465280041],[-16.302875332086927,-72.47800465280041],[-16.302875332086927,-72.47800465280041],[-16.302875332086927,-72.47800465280041],[-16.302875332086927,-72.47800465280041],[-16.302875332086927,-72.47800465280041],[-16.302875332086927,-72.47800465280041],[-16.302875332086927,-72.47800465280041],[-16.302875332086927,-72.47800465280041],[-16.302875332086927,-72.47800465280041],[-16.302875332086927,-72.47800465280041],[-16.302875332086927,-72.47800465280041],[-16.172495693414533,-72.59996103300922],[-16.104489508518427,-72.67912932728038],[-16.174821132867663,-72.70279713327005],[-16.317551438857823,-72.70217701608257],[-16.453047044327107,-72.65236093535319],[-16.5097360905513,-72.58218434030083],[-16.51655737961383,-72.5308179666027],[-16.455398321996398,-72.47356047962332],[-16.355843675186094,-72.45857431425866],[-16.302875332086927,-72.47800465280041]]]},"properties":{"scalerank":5,"featurecla":"Glaciated Areas","min_zoom":5}},{"type":"Feature","geometry":{"bbox":[-12.963285895224615,-72.19605803821594,-12.508895026082172,-72.00072112415266],"type":"Polygon","coordinates":[[[-12.788877936239544,-72.00650888456936],[-12.788877936239544,-72.00650888456936],[-12.788877936239544,-72.00650888456936],[-12.788877936239544,-72.00650888456936],[-12.788877936239544,-72.00650888456936],[-12.788877936239544,-72.00650888456936],[-12.788877936239544,-72.00650888456936],[-12.788877936239544,-72.00650888456936],[-12.788877936239544,-72.00650888456936],[-12.788877936239544,-72.00650888456936],[-12.788877936239544,-72.00650888456936],[-12.788877936239544,-72.00650888456936],[-12.788877936239544,-72.00650888456936],[-12.788877936239544,-72.00650888456936],[-12.788877936239544,-72.00650888456936],[-12.788877936239544,-72.00650888456936],[-12.788877936239544,-72.00650888456936],[-12.788877936239544,-72.00650888456936],[-12.788877936239544,-72.00650888456936],[-12.788877936239544,-72.00650888456936],[-12.636639166707681,-72.07131113066336],[-12.534759080444246,-72.14004078561155],[-12.508895026082172,-72.17332040800753],[-12.58842505537936,-72.19605803821594],[-12.720148281291344,-72.18768645618466],[-12.888432583049834,-72.13714690540321],[-12.943700527385985,-72.09890634550722],[-12.963285895224615,-72.06448984160083],[-12.914787563518686,-72.01467376087147],[-12.875487636760724,-72.00072112415266],[-12.788877936239544,-72.00650888456936]]]},"properties":{"scalerank":5,"featurecla":"Glaciated Areas","min_zoom":5}},{"type":"Feature","geometry":{"bbox":[-32.58325110526404,-79.68283619579798,-31.933445807409868,-79.52987395621403],"type":"Polygon","coordinates":[[[-31.956751878373513,-79.6037712543914],[-31.956751878373513,-79.6037712543914],[-31.956751878373513,-79.6037712543914],[-31.956751878373513,-79.6037712543914],[-31.956751878373513,-79.6037712543914],[-31.956751878373513,-79.6037712543914],[-31.956751878373513,-79.6037712543914],[-31.956751878373513,-79.6037712543914],[-31.956751878373513,-79.6037712543914],[-31.956751878373513,-79.6037712543914],[-31.956751878373513,-79.6037712543914],[-31.956751878373513,-79.6037712543914],[-31.956751878373513,-79.6037712543914],[-31.956751878373513,-79.6037712543914],[-31.956751878373513,-79.6037712543914],[-31.956751878373513,-79.6037712543914],[-31.956751878373513,-79.6037712543914],[-31.956751878373513,-79.6037712543914],[-31.956751878373513,-79.6037712543914],[-31.956751878373513,-79.6037712543914],[-32.00119361014453,-79.60707854605809],[-32.34251644543234,-79.67358611441773],[-32.51488318534189,-79.68283619579798],[-32.58325110526404,-79.65834156689164],[-32.500827195758504,-79.59229908642261],[-32.37659705252884,-79.53462818798488],[-32.15002173514512,-79.52987395621403],[-31.933445807409868,-79.56790781038085],[-31.956751878373513,-79.6037712543914]]]},"properties":{"scalerank":5,"featurecla":"Glaciated Areas","min_zoom":5}},{"type":"Feature","geometry":{"bbox":[-45.956284959484194,-60.73298512150342,-45.172844407723254,-60.52090504337758],"type":"Polygon","coordinates":[[[-45.78004248715277,-60.58601734806533],[-45.78004248715277,-60.58601734806533],[-45.78004248715277,-60.58601734806533],[-45.78004248715277,-60.58601734806533],[-45.78004248715277,-60.58601734806533],[-45.78004248715277,-60.58601734806533],[-45.78004248715277,-60.58601734806533],[-45.78004248715277,-60.58601734806533],[-45.78004248715277,-60.58601734806533],[-45.78004248715277,-60.58601734806533],[-45.78004248715277,-60.58601734806533],[-45.78004248715277,-60.58601734806533],[-45.78004248715277,-60.58601734806533],[-45.78004248715277,-60.58601734806533],[-45.78004248715277,-60.58601734806533],[-45.78004248715277,-60.58601734806533],[-45.78004248715277,-60.58601734806533],[-45.78004248715277,-60.58601734806533],[-45.78004248715277,-60.58601734806533],[-45.78004248715277,-60.58601734806533],[-45.93729387061694,-60.61991708764881],[-45.95478634294774,-60.59743783960183],[-45.956284959484194,-60.568395684653794],[-45.93481340186693,-60.52658945092968],[-45.8341735499785,-60.54343596785683],[-45.71777238624105,-60.52090504337758],[-45.49969784196935,-60.54653655379435],[-45.38626807308869,-60.58271005639865],[-45.357432623869826,-60.62384449650298],[-45.22813819027556,-60.63976083764888],[-45.21098161475466,-60.64813241968017],[-45.18638363298372,-60.67190357853442],[-45.172844407723254,-60.69872364689391],[-45.173671230639926,-60.73298512150342],[-45.39805029965123,-60.64968271264892],[-45.70919409848061,-60.645445245200996],[-45.78004248715277,-60.58601734806533]]]},"properties":{"scalerank":5,"featurecla":"Glaciated Areas","min_zoom":5}},{"type":"Feature","geometry":{"bbox":[-54.19224219421767,-61.30845387150571,-54.02434546570137,-61.13523447046336],"type":"Polygon","coordinates":[[[-54.121962246300725,-61.2017937152553],[-54.121962246300725,-61.2017937152553],[-54.121962246300725,-61.2017937152553],[-54.121962246300725,-61.2017937152553],[-54.121962246300725,-61.2017937152553],[-54.121962246300725,-61.2017937152553],[-54.121962246300725,-61.2017937152553],[-54.121962246300725,-61.2017937152553],[-54.121962246300725,-61.2017937152553],[-54.121962246300725,-61.2017937152553],[-54.121962246300725,-61.2017937152553],[-54.121962246300725,-61.2017937152553],[-54.121962246300725,-61.2017937152553],[-54.121962246300725,-61.2017937152553],[-54.121962246300725,-61.2017937152553],[-54.121962246300725,-61.2017937152553],[-54.121962246300725,-61.2017937152553],[-54.121962246300725,-61.2017937152553],[-54.121962246300725,-61.2017937152553],[-54.121962246300725,-61.2017937152553],[-54.04992529968585,-61.142055759525896],[-54.02434546570137,-61.13523447046336],[-54.0412953354931,-61.255330499109675],[-54.07069922546718,-61.29915211369318],[-54.11542517761579,-61.30845387150571],[-54.18387061218638,-61.26974822371911],[-54.19224219421767,-61.24654550562005],[-54.121962246300725,-61.2017937152553]]]},"properties":{"scalerank":5,"featurecla":"Glaciated Areas","min_zoom":5}},{"type":"Feature","geometry":{"bbox":[-68.54893693711364,-79.50114185985976,-67.06863969589678,-79.2140276020461],"type":"Polygon","coordinates":[[[-68.42227800156626,-79.33324513134346],[-68.42227800156626,-79.33324513134346],[-68.42227800156626,-79.33324513134346],[-68.42227800156626,-79.33324513134346],[-68.42227800156626,-79.33324513134346],[-68.42227800156626,-79.33324513134346],[-68.42227800156626,-79.33324513134346],[-68.42227800156626,-79.33324513134346],[-68.42227800156626,-79.33324513134346],[-68.42227800156626,-79.33324513134346],[-68.42227800156626,-79.33324513134346],[-68.42227800156626,-79.33324513134346],[-68.42227800156626,-79.33324513134346],[-68.42227800156626,-79.33324513134346],[-68.42227800156626,-79.33324513134346],[-68.42227800156626,-79.33324513134346],[-68.42227800156626,-79.33324513134346],[-68.42227800156626,-79.33324513134346],[-68.42227800156626,-79.33324513134346],[-68.42227800156626,-79.33324513134346],[-68.32435116237316,-79.29826018668186],[-68.23301306829727,-79.28492766715055],[-68.0325601874371,-79.22715341584824],[-67.71415584987072,-79.2140276020461],[-67.47450639511716,-79.2229159484003],[-67.06863969589678,-79.26849456168173],[-67.17294857447793,-79.31148935334858],[-67.23950781926986,-79.32761240022364],[-67.30487850611908,-79.39406829215099],[-67.26193539088453,-79.45266936636997],[-67.43432796901023,-79.50114185985976],[-68.16146704778917,-79.4785075825159],[-68.40811865911829,-79.4639348286096],[-68.54893693711364,-79.43737314241157],[-68.42227800156626,-79.33324513134346]]]},"properties":{"scalerank":3,"featurecla":"Glaciated Areas","min_zoom":2.1}},{"type":"Feature","geometry":{"bbox":[-55.44022803406641,-61.24850921004715,-54.670972662969575,-61.0727059873902],"type":"Polygon","coordinates":[[[-55.38700130880578,-61.0727059873902],[-55.38700130880578,-61.0727059873902],[-55.38700130880578,-61.0727059873902],[-55.38700130880578,-61.0727059873902],[-55.38700130880578,-61.0727059873902],[-55.38700130880578,-61.0727059873902],[-55.38700130880578,-61.0727059873902],[-55.38700130880578,-61.0727059873902],[-55.38700130880578,-61.0727059873902],[-55.38700130880578,-61.0727059873902],[-55.38700130880578,-61.0727059873902],[-55.38700130880578,-61.0727059873902],[-55.38700130880578,-61.0727059873902],[-55.38700130880578,-61.0727059873902],[-55.38700130880578,-61.0727059873902],[-55.38700130880578,-61.0727059873902],[-55.38700130880578,-61.0727059873902],[-55.38700130880578,-61.0727059873902],[-55.38700130880578,-61.0727059873902],[-55.38700130880578,-61.0727059873902],[-54.670972662969575,-61.11694101343203],[-54.7099625311338,-61.13978199650504],[-55.057615729377375,-61.16861744572391],[-55.16541276713822,-61.22039723088037],[-55.297032640185634,-61.24850921004715],[-55.34692623556343,-61.21161223739076],[-55.36914710144893,-61.14639657983841],[-55.44022803406641,-61.10619231551534],[-55.38700130880578,-61.0727059873902]]]},"properties":{"scalerank":5,"featurecla":"Glaciated Areas","min_zoom":5}},{"type":"Feature","geometry":{"bbox":[-56.505330980034216,-63.43731617620175,-55.075185716356614,-63.128291111096345],"type":"Polygon","coordinates":[[[-55.46627295594152,-63.19960458765913],[-55.46627295594152,-63.19960458765913],[-55.46627295594152,-63.19960458765913],[-55.46627295594152,-63.19960458765913],[-55.46627295594152,-63.19960458765913],[-55.46627295594152,-63.19960458765913],[-55.46627295594152,-63.19960458765913],[-55.46627295594152,-63.19960458765913],[-55.46627295594152,-63.19960458765913],[-55.46627295594152,-63.19960458765913],[-55.46627295594152,-63.19960458765913],[-55.46627295594152,-63.19960458765913],[-55.46627295594152,-63.19960458765913],[-55.46627295594152,-63.19960458765913],[-55.46627295594152,-63.19960458765913],[-55.46627295594152,-63.19960458765913],[-55.46627295594152,-63.19960458765913],[-55.46627295594152,-63.19960458765913],[-55.46627295594152,-63.19960458765913],[-55.46627295594152,-63.19960458765913],[-55.21553890646135,-63.198674411877874],[-55.15626603862256,-63.20477223088831],[-55.10647579610935,-63.2493173155239],[-55.075185716356614,-63.3243514952117],[-55.156782802945486,-63.35308359156599],[-55.59368119975713,-63.3358236631805],[-55.750209113169205,-63.29665292750327],[-55.830488450734634,-63.29840992620119],[-56.00913387716764,-63.34150807073261],[-56.08300533712888,-63.382642510836945],[-56.3785428534061,-63.43731617620175],[-56.4628529526903,-63.418092543389164],[-56.49900061707845,-63.35763111760766],[-56.505330980034216,-63.33427337021173],[-56.47535864930492,-63.31825367620126],[-56.46052751323715,-63.30197560002933],[-56.4659535386278,-63.283527113701126],[-56.38510576030717,-63.234124444430094],[-56.04220679383444,-63.1571265603152],[-55.589624599822216,-63.128291111096345],[-55.5286980861501,-63.15686817815374],[-55.5280262925303,-63.173559665784026],[-55.46627295594152,-63.19960458765913]]]},"properties":{"scalerank":3,"featurecla":"Glaciated Areas","min_zoom":2.1}},{"type":"Feature","geometry":{"bbox":[-56.235218268444584,-63.57994312932731,-55.719177415577946,-63.407343845472454],"type":"Polygon","coordinates":[[[-55.76181047221874,-63.42212330510794],[-55.76181047221874,-63.42212330510794],[-55.76181047221874,-63.42212330510794],[-55.76181047221874,-63.42212330510794],[-55.76181047221874,-63.42212330510794],[-55.76181047221874,-63.42212330510794],[-55.76181047221874,-63.42212330510794],[-55.76181047221874,-63.42212330510794],[-55.76181047221874,-63.42212330510794],[-55.76181047221874,-63.42212330510794],[-55.76181047221874,-63.42212330510794],[-55.76181047221874,-63.42212330510794],[-55.76181047221874,-63.42212330510794],[-55.76181047221874,-63.42212330510794],[-55.76181047221874,-63.42212330510794],[-55.76181047221874,-63.42212330510794],[-55.76181047221874,-63.42212330510794],[-55.76181047221874,-63.42212330510794],[-55.76181047221874,-63.42212330510794],[-55.76181047221874,-63.42212330510794],[-55.719177415577946,-63.49209319443113],[-55.87255306662023,-63.53560475042089],[-55.95670813660753,-63.57994312932731],[-56.17837419292353,-63.513280531670794],[-56.235218268444584,-63.46883879989978],[-56.20984514018928,-63.43690276474341],[-55.85792863628163,-63.407343845472454],[-55.76181047221874,-63.42212330510794]]]},"properties":{"scalerank":5,"featurecla":"Glaciated Areas","min_zoom":5}},{"type":"Feature","geometry":{"bbox":[-57.44790910503797,-64.57068368922711,-56.894738735569625,-64.33297210068449],"type":"Polygon","coordinates":[[[-57.44591956239475,-64.45988941839333],[-57.44591956239475,-64.45988941839333],[-57.44591956239475,-64.45988941839333],[-57.44591956239475,-64.45988941839333],[-57.44591956239475,-64.45988941839333],[-57.44591956239475,-64.45988941839333],[-57.44591956239475,-64.45988941839333],[-57.44591956239475,-64.45988941839333],[-57.44591956239475,-64.45988941839333],[-57.44591956239475,-64.45988941839333],[-57.44591956239475,-64.45988941839333],[-57.44591956239475,-64.45988941839333],[-57.44591956239475,-64.45988941839333],[-57.44591956239475,-64.45988941839333],[-57.44591956239475,-64.45988941839333],[-57.44591956239475,-64.45988941839333],[-57.44591956239475,-64.45988941839333],[-57.44591956239475,-64.45988941839333],[-57.44591956239475,-64.45988941839333],[-57.44591956239475,-64.45988941839333],[-57.36564022482932,-64.43880543401825],[-57.31453223329266,-64.43539478948698],[-57.02253455262742,-64.35229908636165],[-56.894738735569625,-64.33297210068449],[-56.95171200217142,-64.38175465276802],[-56.94525244813492,-64.42722991318486],[-56.99103776714553,-64.46795094183086],[-57.240479905818404,-64.56675628037293],[-57.32626278342292,-64.57068368922711],[-57.433388027563964,-64.5401945941749],[-57.44790910503797,-64.48846648545073],[-57.44591956239475,-64.45988941839333]]]},"properties":{"scalerank":5,"featurecla":"Glaciated Areas","min_zoom":5}},{"type":"Feature","geometry":{"bbox":[-59.20242733421166,-62.34777027775988,-58.837953457257086,-62.23904306421778],"type":"Polygon","coordinates":[[[-59.06383114280486,-62.23904306421778],[-59.06383114280486,-62.23904306421778],[-59.06383114280486,-62.23904306421778],[-59.06383114280486,-62.23904306421778],[-59.06383114280486,-62.23904306421778],[-59.06383114280486,-62.23904306421778],[-59.06383114280486,-62.23904306421778],[-59.06383114280486,-62.23904306421778],[-59.06383114280486,-62.23904306421778],[-59.06383114280486,-62.23904306421778],[-59.06383114280486,-62.23904306421778],[-59.06383114280486,-62.23904306421778],[-59.06383114280486,-62.23904306421778],[-59.06383114280486,-62.23904306421778],[-59.06383114280486,-62.23904306421778],[-59.06383114280486,-62.23904306421778],[-59.06383114280486,-62.23904306421778],[-59.06383114280486,-62.23904306421778],[-59.06383114280486,-62.23904306421778],[-59.06383114280486,-62.23904306421778],[-58.99063147646342,-62.24917164494699],[-58.96208024762216,-62.26384775171788],[-58.87867448590307,-62.267878513436635],[-58.837953457257086,-62.3025017230722],[-59.05943864606006,-62.34777027775988],[-59.174573737206345,-62.30177825302011],[-59.20242733421166,-62.283071384530444],[-59.06383114280486,-62.23904306421778]]]},"properties":{"scalerank":5,"featurecla":"Glaciated Areas","min_zoom":5}},{"type":"Feature","geometry":{"bbox":[-59.003731452049415,-62.24772470484282,-57.63655392111947,-61.91193124781023],"type":"Polygon","coordinates":[[[-58.561949632386195,-62.243952325285505],[-58.561949632386195,-62.243952325285505],[-58.561949632386195,-62.243952325285505],[-58.561949632386195,-62.243952325285505],[-58.561949632386195,-62.243952325285505],[-58.561949632386195,-62.243952325285505],[-58.561949632386195,-62.243952325285505],[-58.561949632386195,-62.243952325285505],[-58.561949632386195,-62.243952325285505],[-58.561949632386195,-62.243952325285505],[-58.561949632386195,-62.243952325285505],[-58.561949632386195,-62.243952325285505],[-58.561949632386195,-62.243952325285505],[-58.561949632386195,-62.243952325285505],[-58.561949632386195,-62.243952325285505],[-58.561949632386195,-62.243952325285505],[-58.561949632386195,-62.243952325285505],[-58.561949632386195,-62.243952325285505],[-58.561949632386195,-62.243952325285505],[-58.561949632386195,-62.243952325285505],[-58.59404069683944,-62.24772470484282],[-58.64398596864953,-62.225193780363554],[-58.74568518739994,-62.217855726978115],[-58.75532284202239,-62.20607350041556],[-58.81903988303826,-62.17124358505084],[-59.003731452049415,-62.209794203540575],[-58.955207282127354,-62.16421559025915],[-58.709537523011775,-62.04473967880033],[-58.683621792217416,-62.00825611760228],[-58.399453091044386,-61.938286228279075],[-58.26517188173397,-61.953272393643715],[-57.97839352073021,-61.91193124781023],[-57.84933163108126,-61.93993987411242],[-57.73799475770841,-61.92123300562275],[-57.676577317929535,-61.94211028426868],[-57.63655392111947,-61.99828256616994],[-57.639576992408536,-62.02045175562315],[-57.80669857444047,-62.011873467862706],[-57.962735561745774,-62.07750253687338],[-58.147556321837655,-62.06344654729],[-58.172231818257025,-62.117810154061054],[-58.13308692079593,-62.14581878036324],[-58.18298051617373,-62.170003350675834],[-58.34144629579678,-62.11946379989438],[-58.466632453023834,-62.137240492602785],[-58.50735348166982,-62.22565886825418],[-58.561949632386195,-62.243952325285505]]]},"properties":{"scalerank":3,"featurecla":"Glaciated Areas","min_zoom":2.1}},{"type":"Feature","geometry":{"bbox":[-62.04390764021263,-64.08037769964182,-61.798263719313205,-63.966586195735104],"type":"Polygon","coordinates":[[[-62.02075659854586,-64.02735768011036],[-62.02075659854586,-64.02735768011036],[-62.02075659854586,-64.02735768011036],[-62.02075659854586,-64.02735768011036],[-62.02075659854586,-64.02735768011036],[-62.02075659854586,-64.02735768011036],[-62.02075659854586,-64.02735768011036],[-62.02075659854586,-64.02735768011036],[-62.02075659854586,-64.02735768011036],[-62.02075659854586,-64.02735768011036],[-62.02075659854586,-64.02735768011036],[-62.02075659854586,-64.02735768011036],[-62.02075659854586,-64.02735768011036],[-62.02075659854586,-64.02735768011036],[-62.02075659854586,-64.02735768011036],[-62.02075659854586,-64.02735768011036],[-62.02075659854586,-64.02735768011036],[-62.02075659854586,-64.02735768011036],[-62.02075659854586,-64.02735768011036],[-62.02075659854586,-64.02735768011036],[-61.93626563174865,-63.99025400172479],[-61.798263719313205,-63.966586195735104],[-61.88624284529012,-64.02699594508431],[-61.911125047438645,-64.05453948349587],[-61.952440355056,-64.07717376083971],[-62.04390764021263,-64.08037769964182],[-62.02075659854586,-64.02735768011036]]]},"properties":{"scalerank":5,"featurecla":"Glaciated Areas","min_zoom":5}},{"type":"Feature","geometry":{"bbox":[-62.56769995792305,-69.72943857206025,-61.78366512719075,-69.146011651485],"type":"Polygon","coordinates":[[[-61.978356085850386,-69.30042083117311],[-61.978356085850386,-69.30042083117311],[-61.978356085850386,-69.30042083117311],[-61.978356085850386,-69.30042083117311],[-61.978356085850386,-69.30042083117311],[-61.978356085850386,-69.30042083117311],[-61.978356085850386,-69.30042083117311],[-61.978356085850386,-69.30042083117311],[-61.978356085850386,-69.30042083117311],[-61.978356085850386,-69.30042083117311],[-61.978356085850386,-69.30042083117311],[-61.978356085850386,-69.30042083117311],[-61.978356085850386,-69.30042083117311],[-61.978356085850386,-69.30042083117311],[-61.978356085850386,-69.30042083117311],[-61.978356085850386,-69.30042083117311],[-61.978356085850386,-69.30042083117311],[-61.978356085850386,-69.30042083117311],[-61.978356085850386,-69.30042083117311],[-61.978356085850386,-69.30042083117311],[-61.81596289737317,-69.376178480913],[-61.78366512719075,-69.44191090278827],[-61.80717790388354,-69.51467131945522],[-61.91135759138397,-69.53337818794488],[-61.90781775577197,-69.58763844185134],[-61.97011369489983,-69.69140471789342],[-61.99760555687909,-69.72189381294562],[-62.085145433181545,-69.72943857206025],[-62.171910162999595,-69.63662769966403],[-62.216041836176835,-69.49493092231972],[-62.49625729027953,-69.28822519315223],[-62.56769995792305,-69.18042815539138],[-62.515868496334285,-69.15458993924544],[-62.4421262274538,-69.146011651485],[-62.23893449568215,-69.1757772764851],[-62.11790829125458,-69.21474130643318],[-61.978356085850386,-69.30042083117311]]]},"properties":{"scalerank":5,"featurecla":"Glaciated Areas","min_zoom":5}},{"type":"Feature","geometry":{"bbox":[-63.55836300317441,-64.90658049912429,-63.17722347680569,-64.72974374782149],"type":"Polygon","coordinates":[[[-63.17722347680569,-64.73873544704028],[-63.17722347680569,-64.73873544704028],[-63.17722347680569,-64.73873544704028],[-63.17722347680569,-64.73873544704028],[-63.17722347680569,-64.73873544704028],[-63.17722347680569,-64.73873544704028],[-63.17722347680569,-64.73873544704028],[-63.17722347680569,-64.73873544704028],[-63.17722347680569,-64.73873544704028],[-63.17722347680569,-64.73873544704028],[-63.17722347680569,-64.73873544704028],[-63.17722347680569,-64.73873544704028],[-63.17722347680569,-64.73873544704028],[-63.17722347680569,-64.73873544704028],[-63.17722347680569,-64.73873544704028],[-63.17722347680569,-64.73873544704028],[-63.17722347680569,-64.73873544704028],[-63.17722347680569,-64.73873544704028],[-63.17722347680569,-64.73873544704028],[-63.17722347680569,-64.73873544704028],[-63.25696021183205,-64.79082529079048],[-63.31618140323854,-64.86110523870744],[-63.47438880070012,-64.90658049912429],[-63.55836300317441,-64.90596038193678],[-63.459273444254734,-64.79630299261342],[-63.36690182153303,-64.79206552516551],[-63.21939144555586,-64.72974374782149],[-63.17722347680569,-64.73873544704028]]]},"properties":{"scalerank":5,"featurecla":"Glaciated Areas","min_zoom":5}},{"type":"Feature","geometry":{"bbox":[-62.781795416908274,-64.51425302516438,-62.05848039411893,-64.01237151474571],"type":"Polygon","coordinates":[[[-62.09385291202271,-64.23458017360076],[-62.09385291202271,-64.23458017360076],[-62.09385291202271,-64.23458017360076],[-62.09385291202271,-64.23458017360076],[-62.09385291202271,-64.23458017360076],[-62.09385291202271,-64.23458017360076],[-62.09385291202271,-64.23458017360076],[-62.09385291202271,-64.23458017360076],[-62.09385291202271,-64.23458017360076],[-62.09385291202271,-64.23458017360076],[-62.09385291202271,-64.23458017360076],[-62.09385291202271,-64.23458017360076],[-62.09385291202271,-64.23458017360076],[-62.09385291202271,-64.23458017360076],[-62.09385291202271,-64.23458017360076],[-62.09385291202271,-64.23458017360076],[-62.09385291202271,-64.23458017360076],[-62.09385291202271,-64.23458017360076],[-62.09385291202271,-64.23458017360076],[-62.09385291202271,-64.23458017360076],[-62.17426144066887,-64.29597177516351],[-62.18570777042152,-64.36883554469505],[-62.30368506534387,-64.40139169703893],[-62.32575090193249,-64.42443938584111],[-62.39592749698485,-64.46464365016418],[-62.45514868839135,-64.47167164495588],[-62.50811703149052,-64.45410165797664],[-62.57968889021475,-64.51425302516438],[-62.72699256046275,-64.49601124456535],[-62.781795416908274,-64.47900969834133],[-62.74681047224668,-64.47172332138817],[-62.7208947414523,-64.44448984157034],[-62.643018357988446,-64.39162485133576],[-62.50400875512331,-64.253390394955],[-62.479746670162264,-64.21060230901733],[-62.590282558834595,-64.13970224391288],[-62.61072058780603,-64.11634449651696],[-62.58568335636062,-64.07557179143866],[-62.54496232771463,-64.04570281357397],[-62.45142798526634,-64.01237151474571],[-62.32877397322158,-64.01350839625613],[-62.267614915604135,-64.03996672958957],[-62.26875179711456,-64.09009286891268],[-62.05848039411893,-64.13810027451183],[-62.09385291202271,-64.23458017360076]]]},"properties":{"scalerank":3,"featurecla":"Glaciated Areas","min_zoom":2.1}},{"type":"Feature","geometry":{"bbox":[-62.65526567244164,-63.0738241514607,-62.317430996333506,-62.8741464170849],"type":"Polygon","coordinates":[[[-62.411482103104724,-62.97160816838738],[-62.411482103104724,-62.97160816838738],[-62.411482103104724,-62.97160816838738],[-62.411482103104724,-62.97160816838738],[-62.411482103104724,-62.97160816838738],[-62.411482103104724,-62.97160816838738],[-62.411482103104724,-62.97160816838738],[-62.411482103104724,-62.97160816838738],[-62.411482103104724,-62.97160816838738],[-62.411482103104724,-62.97160816838738],[-62.411482103104724,-62.97160816838738],[-62.411482103104724,-62.97160816838738],[-62.411482103104724,-62.97160816838738],[-62.411482103104724,-62.97160816838738],[-62.411482103104724,-62.97160816838738],[-62.411482103104724,-62.97160816838738],[-62.411482103104724,-62.97160816838738],[-62.411482103104724,-62.97160816838738],[-62.411482103104724,-62.97160816838738],[-62.411482103104724,-62.97160816838738],[-62.615087246334696,-63.06937997828361],[-62.65526567244164,-63.0738241514607],[-62.63885840518896,-63.03196624130428],[-62.52703060570934,-62.923859144949695],[-62.317430996333506,-62.8741464170849],[-62.344044358963814,-62.917761325939246],[-62.411482103104724,-62.97160816838738]]]},"properties":{"scalerank":5,"featurecla":"Glaciated Areas","min_zoom":5}},{"type":"Feature","geometry":{"bbox":[-59.660693935776,-62.45143320093738,-59.35337419293623,-62.35211109807239],"type":"Polygon","coordinates":[[[-59.52525000673901,-62.45143320093738],[-59.52525000673901,-62.45143320093738],[-59.52525000673901,-62.45143320093738],[-59.52525000673901,-62.45143320093738],[-59.52525000673901,-62.45143320093738],[-59.52525000673901,-62.45143320093738],[-59.52525000673901,-62.45143320093738],[-59.52525000673901,-62.45143320093738],[-59.52525000673901,-62.45143320093738],[-59.52525000673901,-62.45143320093738],[-59.52525000673901,-62.45143320093738],[-59.52525000673901,-62.45143320093738],[-59.52525000673901,-62.45143320093738],[-59.52525000673901,-62.45143320093738],[-59.52525000673901,-62.45143320093738],[-59.52525000673901,-62.45143320093738],[-59.52525000673901,-62.45143320093738],[-59.52525000673901,-62.45143320093738],[-59.52525000673901,-62.45143320093738],[-59.52525000673901,-62.45143320093738],[-59.61940446637479,-62.39500253687465],[-59.660693935776,-62.35428150822867],[-59.47853451194715,-62.35211109807239],[-59.39585222028015,-62.3673039691662],[-59.35337419293623,-62.412882582447644],[-59.389030931217626,-62.4443018532811],[-59.52525000673901,-62.45143320093738]]]},"properties":{"scalerank":5,"featurecla":"Glaciated Areas","min_zoom":5}},{"type":"Feature","geometry":{"bbox":[-56.6141615464409,-63.17314625432567,-56.051043463756365,-62.9822535134395],"type":"Polygon","coordinates":[[[-56.35412573914819,-63.16880543401317],[-56.35412573914819,-63.16880543401317],[-56.35412573914819,-63.16880543401317],[-56.35412573914819,-63.16880543401317],[-56.35412573914819,-63.16880543401317],[-56.35412573914819,-63.16880543401317],[-56.35412573914819,-63.16880543401317],[-56.35412573914819,-63.16880543401317],[-56.35412573914819,-63.16880543401317],[-56.35412573914819,-63.16880543401317],[-56.35412573914819,-63.16880543401317],[-56.35412573914819,-63.16880543401317],[-56.35412573914819,-63.16880543401317],[-56.35412573914819,-63.16880543401317],[-56.35412573914819,-63.16880543401317],[-56.35412573914819,-63.16880543401317],[-56.35412573914819,-63.16880543401317],[-56.35412573914819,-63.16880543401317],[-56.35412573914819,-63.16880543401317],[-56.35412573914819,-63.16880543401317],[-56.54584530295104,-63.09831878036705],[-56.600518968315846,-63.06162851343983],[-56.6141615464409,-63.04509205510642],[-56.48858781597164,-62.9822535134395],[-56.14039201518901,-63.00524952580938],[-56.06176632345692,-63.01274260849171],[-56.05843319357409,-63.01853036890839],[-56.051043463756365,-63.054703871512714],[-56.05998348654285,-63.07847503036697],[-56.25898942729886,-63.17314625432567],[-56.35412573914819,-63.16880543401317]]]},"properties":{"scalerank":5,"featurecla":"Glaciated Areas","min_zoom":5}},{"type":"Feature","geometry":{"bbox":[-61.152385830313214,-62.745368747813565,-59.849571295802804,-62.47520435979163],"type":"Polygon","coordinates":[[[-60.79587012393157,-62.66227304468822],[-60.79587012393157,-62.66227304468822],[-60.79587012393157,-62.66227304468822],[-60.79587012393157,-62.66227304468822],[-60.79587012393157,-62.66227304468822],[-60.79587012393157,-62.66227304468822],[-60.79587012393157,-62.66227304468822],[-60.79587012393157,-62.66227304468822],[-60.79587012393157,-62.66227304468822],[-60.79587012393157,-62.66227304468822],[-60.79587012393157,-62.66227304468822],[-60.79587012393157,-62.66227304468822],[-60.79587012393157,-62.66227304468822],[-60.79587012393157,-62.66227304468822],[-60.79587012393157,-62.66227304468822],[-60.79587012393157,-62.66227304468822],[-60.79587012393157,-62.66227304468822],[-60.79587012393157,-62.66227304468822],[-60.79587012393157,-62.66227304468822],[-60.79587012393157,-62.66227304468822],[-60.99505693220062,-62.67911956161537],[-61.06332149925818,-62.6789128558862],[-61.149802008698636,-62.63416106552144],[-61.152385830313214,-62.58909921656292],[-60.974722256093756,-62.59168303817752],[-60.83772803408801,-62.53370208114604],[-60.79928076846285,-62.47520435979163],[-60.73184302432194,-62.49101734807295],[-60.62497616234237,-62.5600570616149],[-60.57632280133955,-62.572666111094115],[-60.13988949241855,-62.54868824651069],[-60.00271440289977,-62.61845143010471],[-59.849571295802804,-62.61493743270887],[-60.22094397646835,-62.745368747813565],[-60.321583828356765,-62.7075415993759],[-60.353778245674604,-62.679222914479965],[-60.3780144924195,-62.61648772567762],[-60.61960181338401,-62.63343759546936],[-60.69690975609265,-62.62072519312556],[-60.79587012393157,-62.66227304468822]]]},"properties":{"scalerank":5,"featurecla":"Glaciated Areas","min_zoom":5}},{"type":"Feature","geometry":{"bbox":[-57.68324357769517,-63.87852955510974,-57.10400244813556,-63.79140309026566],"type":"Polygon","coordinates":[[[-57.34372941753757,-63.87852955510974],[-57.34372941753757,-63.87852955510974],[-57.34372941753757,-63.87852955510974],[-57.34372941753757,-63.87852955510974],[-57.34372941753757,-63.87852955510974],[-57.34372941753757,-63.87852955510974],[-57.34372941753757,-63.87852955510974],[-57.34372941753757,-63.87852955510974],[-57.34372941753757,-63.87852955510974],[-57.34372941753757,-63.87852955510974],[-57.34372941753757,-63.87852955510974],[-57.34372941753757,-63.87852955510974],[-57.34372941753757,-63.87852955510974],[-57.34372941753757,-63.87852955510974],[-57.34372941753757,-63.87852955510974],[-57.34372941753757,-63.87852955510974],[-57.34372941753757,-63.87852955510974],[-57.34372941753757,-63.87852955510974],[-57.34372941753757,-63.87852955510974],[-57.34372941753757,-63.87852955510974],[-57.61634843609335,-63.85362151474507],[-57.68324357769517,-63.812693780369905],[-57.43933081727753,-63.79140309026566],[-57.374166836157485,-63.80721607854697],[-57.36021419943868,-63.8247860655262],[-57.16084652365663,-63.81569101344284],[-57.10400244813556,-63.84121917099501],[-57.21800065777144,-63.87563567490142],[-57.24776628277155,-63.868400974380556],[-57.34372941753757,-63.87852955510974]]]},"properties":{"scalerank":5,"featurecla":"Glaciated Areas","min_zoom":5}},{"type":"Feature","geometry":{"bbox":[-61.4043601141684,-69.97789885851957,-61.10789242210991,-69.85635588976908],"type":"Polygon","coordinates":[[[-61.32715552432434,-69.85635588976908],[-61.32715552432434,-69.85635588976908],[-61.32715552432434,-69.85635588976908],[-61.32715552432434,-69.85635588976908],[-61.32715552432434,-69.85635588976908],[-61.32715552432434,-69.85635588976908],[-61.32715552432434,-69.85635588976908],[-61.32715552432434,-69.85635588976908],[-61.32715552432434,-69.85635588976908],[-61.32715552432434,-69.85635588976908],[-61.32715552432434,-69.85635588976908],[-61.32715552432434,-69.85635588976908],[-61.32715552432434,-69.85635588976908],[-61.32715552432434,-69.85635588976908],[-61.32715552432434,-69.85635588976908],[-61.32715552432434,-69.85635588976908],[-61.32715552432434,-69.85635588976908],[-61.32715552432434,-69.85635588976908],[-61.32715552432434,-69.85635588976908],[-61.32715552432434,-69.85635588976908],[-61.1518690659903,-69.88312428169627],[-61.10789242210991,-69.95526458117573],[-61.158431972891364,-69.97572844836331],[-61.308655361563844,-69.97789885851957],[-61.37847022159016,-69.94983855578508],[-61.4043601141684,-69.9325269509673],[-61.386480068595404,-69.89325286242548],[-61.32715552432434,-69.85635588976908]]]},"properties":{"scalerank":5,"featurecla":"Glaciated Areas","min_zoom":5}},{"type":"Feature","geometry":{"bbox":[-61.01495235863298,-68.79502532335859,-60.655904507069046,-68.68061370226438],"type":"Polygon","coordinates":[[[-60.69336992048065,-68.79502532335859],[-60.69336992048065,-68.79502532335859],[-60.69336992048065,-68.79502532335859],[-60.69336992048065,-68.79502532335859],[-60.69336992048065,-68.79502532335859],[-60.69336992048065,-68.79502532335859],[-60.69336992048065,-68.79502532335859],[-60.69336992048065,-68.79502532335859],[-60.69336992048065,-68.79502532335859],[-60.69336992048065,-68.79502532335859],[-60.69336992048065,-68.79502532335859],[-60.69336992048065,-68.79502532335859],[-60.69336992048065,-68.79502532335859],[-60.69336992048065,-68.79502532335859],[-60.69336992048065,-68.79502532335859],[-60.69336992048065,-68.79502532335859],[-60.69336992048065,-68.79502532335859],[-60.69336992048065,-68.79502532335859],[-60.69336992048065,-68.79502532335859],[-60.69336992048065,-68.79502532335859],[-60.82005469424418,-68.77838551216061],[-60.89402950707,-68.75885182075427],[-61.01495235863298,-68.709759210077],[-60.94717871768219,-68.68061370226438],[-60.813595140207696,-68.68774504992066],[-60.70481625023331,-68.72205820096246],[-60.655904507069046,-68.76753346137932],[-60.69336992048065,-68.79502532335859]]]},"properties":{"scalerank":5,"featurecla":"Glaciated Areas","min_zoom":5}},{"type":"Feature","geometry":{"bbox":[-60.97554907901042,-70.71056731555375,-60.44896623395625,-70.50882252388628],"type":"Polygon","coordinates":[[[-60.55366268577957,-70.50882252388628],[-60.55366268577957,-70.50882252388628],[-60.55366268577957,-70.50882252388628],[-60.55366268577957,-70.50882252388628],[-60.55366268577957,-70.50882252388628],[-60.55366268577957,-70.50882252388628],[-60.55366268577957,-70.50882252388628],[-60.55366268577957,-70.50882252388628],[-60.55366268577957,-70.50882252388628],[-60.55366268577957,-70.50882252388628],[-60.55366268577957,-70.50882252388628],[-60.55366268577957,-70.50882252388628],[-60.55366268577957,-70.50882252388628],[-60.55366268577957,-70.50882252388628],[-60.55366268577957,-70.50882252388628],[-60.55366268577957,-70.50882252388628],[-60.55366268577957,-70.50882252388628],[-60.55366268577957,-70.50882252388628],[-60.55366268577957,-70.50882252388628],[-60.55366268577957,-70.50882252388628],[-60.452480231352084,-70.5442725564385],[-60.44896623395625,-70.60328704211582],[-60.48767188174285,-70.64669524524099],[-60.74065385602772,-70.71056731555375],[-60.826049160390035,-70.71056731555375],[-60.89648413760387,-70.68969003690783],[-60.958030768463495,-70.62902190539718],[-60.97554907901042,-70.59915292753247],[-60.94180436872384,-70.53249032987596],[-60.88390092634079,-70.5176075173759],[-60.55366268577957,-70.50882252388628]]]},"properties":{"scalerank":5,"featurecla":"Glaciated Areas","min_zoom":5}},{"type":"Feature","geometry":{"bbox":[-60.94650692406239,-71.05865976347181,-60.51630062523255,-70.91406910591915],"type":"Polygon","coordinates":[[[-60.51630062523255,-70.9995419249299],[-60.51630062523255,-70.9995419249299],[-60.51630062523255,-70.9995419249299],[-60.51630062523255,-70.9995419249299],[-60.51630062523255,-70.9995419249299],[-60.51630062523255,-70.9995419249299],[-60.51630062523255,-70.9995419249299],[-60.51630062523255,-70.9995419249299],[-60.51630062523255,-70.9995419249299],[-60.51630062523255,-70.9995419249299],[-60.51630062523255,-70.9995419249299],[-60.51630062523255,-70.9995419249299],[-60.51630062523255,-70.9995419249299],[-60.51630062523255,-70.9995419249299],[-60.51630062523255,-70.9995419249299],[-60.51630062523255,-70.9995419249299],[-60.51630062523255,-70.9995419249299],[-60.51630062523255,-70.9995419249299],[-60.51630062523255,-70.9995419249299],[-60.51630062523255,-70.9995419249299],[-60.53591183128731,-71.0408830707634],[-60.55226742210769,-71.0529753559197],[-60.65215796572789,-71.05865976347181],[-60.78977230492115,-71.04108977649257],[-60.9063543361716,-71.00739674263828],[-60.94650692406239,-70.96739918404437],[-60.889042731353825,-70.93442962024214],[-60.78282182477788,-70.91406910591915],[-60.613142259347505,-70.92016692492959],[-60.533276333240416,-70.96254159940892],[-60.51630062523255,-70.9995419249299]]]},"properties":{"scalerank":5,"featurecla":"Glaciated Areas","min_zoom":5}},{"type":"Feature","geometry":{"bbox":[-60.74044715029855,-63.01801360458548,-60.5048542954799,-62.89523040145999],"type":"Polygon","coordinates":[[[-60.6374301825247,-62.89523040145999],[-60.6374301825247,-62.89523040145999],[-60.6374301825247,-62.89523040145999],[-60.6374301825247,-62.89523040145999],[-60.6374301825247,-62.89523040145999],[-60.6374301825247,-62.89523040145999],[-60.6374301825247,-62.89523040145999],[-60.6374301825247,-62.89523040145999],[-60.6374301825247,-62.89523040145999],[-60.6374301825247,-62.89523040145999],[-60.6374301825247,-62.89523040145999],[-60.6374301825247,-62.89523040145999],[-60.6374301825247,-62.89523040145999],[-60.6374301825247,-62.89523040145999],[-60.6374301825247,-62.89523040145999],[-60.6374301825247,-62.89523040145999],[-60.6374301825247,-62.89523040145999],[-60.6374301825247,-62.89523040145999],[-60.6374301825247,-62.89523040145999],[-60.6374301825247,-62.89523040145999],[-60.5048542954799,-62.96737070093944],[-60.554696214425405,-62.97749928166865],[-60.6197051662486,-62.969024346772784],[-60.617741461821495,-62.98664601018431],[-60.5636879136442,-63.009021905366694],[-60.62166887067568,-63.01801360458548],[-60.692930670806184,-62.99568938583539],[-60.74044715029855,-62.94866383244978],[-60.70584977887914,-62.90556568791837],[-60.6374301825247,-62.89523040145999]]]},"properties":{"scalerank":5,"featurecla":"Glaciated Areas","min_zoom":5}},{"type":"Feature","geometry":{"bbox":[-60.972190110911455,-63.90214568466715,-60.56234432640462,-63.66882659286934],"type":"Polygon","coordinates":[[[-60.56234432640462,-63.69590504339028],[-60.56234432640462,-63.69590504339028],[-60.56234432640462,-63.69590504339028],[-60.56234432640462,-63.69590504339028],[-60.56234432640462,-63.69590504339028],[-60.56234432640462,-63.69590504339028],[-60.56234432640462,-63.69590504339028],[-60.56234432640462,-63.69590504339028],[-60.56234432640462,-63.69590504339028],[-60.56234432640462,-63.69590504339028],[-60.56234432640462,-63.69590504339028],[-60.56234432640462,-63.69590504339028],[-60.56234432640462,-63.69590504339028],[-60.56234432640462,-63.69590504339028],[-60.56234432640462,-63.69590504339028],[-60.56234432640462,-63.69590504339028],[-60.56234432640462,-63.69590504339028],[-60.56234432640462,-63.69590504339028],[-60.56234432640462,-63.69590504339028],[-60.56234432640462,-63.69590504339028],[-60.655904507069046,-63.75895029078636],[-60.68887407087126,-63.80793954859905],[-60.65497433128779,-63.85010751734923],[-60.65313981794143,-63.86664397568262],[-60.777680019764844,-63.90214568466715],[-60.85245581729119,-63.8910352517244],[-60.972190110911455,-63.849073988703395],[-60.81002946637956,-63.836619968521035],[-60.796696946848265,-63.7166789691716],[-60.714841478097924,-63.66882659286934],[-60.56234432640462,-63.69590504339028]]]},"properties":{"scalerank":5,"featurecla":"Glaciated Areas","min_zoom":5}},{"type":"Feature","geometry":{"bbox":[-94.11316463903881,-72.92025156035426,-93.75579627152437,-72.81968922311427],"type":"Polygon","coordinates":[[[-94.0042565579837,-72.81968922311427],[-94.0042565579837,-72.81968922311427],[-94.0042565579837,-72.81968922311427],[-94.0042565579837,-72.81968922311427],[-94.0042565579837,-72.81968922311427],[-94.0042565579837,-72.81968922311427],[-94.0042565579837,-72.81968922311427],[-94.0042565579837,-72.81968922311427],[-94.0042565579837,-72.81968922311427],[-94.0042565579837,-72.81968922311427],[-94.0042565579837,-72.81968922311427],[-94.0042565579837,-72.81968922311427],[-94.0042565579837,-72.81968922311427],[-94.0042565579837,-72.81968922311427],[-94.0042565579837,-72.81968922311427],[-94.0042565579837,-72.81968922311427],[-94.0042565579837,-72.81968922311427],[-94.0042565579837,-72.81968922311427],[-94.0042565579837,-72.81968922311427],[-94.0042565579837,-72.81968922311427],[-93.79956620967559,-72.88201100045828],[-93.75579627152437,-72.90764251087504],[-93.79561296260526,-72.91973479603134],[-93.96552507198095,-72.92025156035426],[-94.07812801794493,-72.88387135202078],[-94.11316463903881,-72.86010019316652],[-94.04696712927293,-72.82309986764554],[-94.0042565579837,-72.81968922311427]]]},"properties":{"scalerank":5,"featurecla":"Glaciated Areas","min_zoom":5}},{"type":"Feature","geometry":{"bbox":[-91.67000627314363,-73.20715911243875,-90.75099260126495,-72.5473544249361],"type":"Polygon","coordinates":[[[-90.78016394729372,-72.7317359353535],[-90.78016394729372,-72.7317359353535],[-90.78016394729372,-72.7317359353535],[-90.78016394729372,-72.7317359353535],[-90.78016394729372,-72.7317359353535],[-90.78016394729372,-72.7317359353535],[-90.78016394729372,-72.7317359353535],[-90.78016394729372,-72.7317359353535],[-90.78016394729372,-72.7317359353535],[-90.78016394729372,-72.7317359353535],[-90.78016394729372,-72.7317359353535],[-90.78016394729372,-72.7317359353535],[-90.78016394729372,-72.7317359353535],[-90.78016394729372,-72.7317359353535],[-90.78016394729372,-72.7317359353535],[-90.78016394729372,-72.7317359353535],[-90.78016394729372,-72.7317359353535],[-90.78016394729372,-72.7317359353535],[-90.78016394729372,-72.7317359353535],[-90.78016394729372,-72.7317359353535],[-90.89535071487231,-72.82361663196845],[-90.77623653843955,-72.85400237415608],[-90.75099260126495,-72.91663421009383],[-90.77559058303589,-72.99301197702121],[-90.89307695185147,-73.08396249785491],[-90.99844519729459,-73.13656910592803],[-91.16068335647492,-73.18225107207405],[-91.34418636754337,-73.20715911243875],[-91.51084286168467,-73.19548023874077],[-91.45040727411931,-72.96789723092736],[-91.35689876988718,-72.90950286243755],[-91.38214270706175,-72.8678516580103],[-91.55146053746608,-72.75364674264526],[-91.67000627314363,-72.62373219186348],[-91.6123870511382,-72.59386321399879],[-91.30351701532967,-72.5473544249361],[-90.94741472040636,-72.55634612415489],[-90.80713904495008,-72.61060637806135],[-90.76334326858272,-72.68109303170746],[-90.78016394729372,-72.7317359353535]]]},"properties":{"scalerank":3,"featurecla":"Glaciated Areas","min_zoom":2.1}},{"type":"Feature","geometry":{"bbox":[-105.13176856160894,-73.21212004993876,-104.53792883992688,-72.94102548613559],"type":"Polygon","coordinates":[[[-104.97242428263695,-72.94102548613559],[-104.97242428263695,-72.94102548613559],[-104.97242428263695,-72.94102548613559],[-104.97242428263695,-72.94102548613559],[-104.97242428263695,-72.94102548613559],[-104.97242428263695,-72.94102548613559],[-104.97242428263695,-72.94102548613559],[-104.97242428263695,-72.94102548613559],[-104.97242428263695,-72.94102548613559],[-104.97242428263695,-72.94102548613559],[-104.97242428263695,-72.94102548613559],[-104.97242428263695,-72.94102548613559],[-104.97242428263695,-72.94102548613559],[-104.97242428263695,-72.94102548613559],[-104.97242428263695,-72.94102548613559],[-104.97242428263695,-72.94102548613559],[-104.97242428263695,-72.94102548613559],[-104.97242428263695,-72.94102548613559],[-104.97242428263695,-72.94102548613559],[-104.97242428263695,-72.94102548613559],[-104.53792883992688,-73.16633473092816],[-104.6595493233258,-73.21212004993876],[-104.88098283569649,-73.20054452910537],[-105.05291032593155,-73.1259237608759],[-105.12342281779381,-73.02639495228176],[-105.13176856160894,-72.99146168405245],[-105.08456214071032,-72.96593352650028],[-104.97242428263695,-72.94102548613559]]]},"properties":{"scalerank":5,"featurecla":"Glaciated Areas","min_zoom":5}},{"type":"Feature","geometry":{"bbox":[-95.27293880896534,-72.66982756946784,-94.42601376013383,-72.46808277780036],"type":"Polygon","coordinates":[[[-94.56613440629323,-72.46808277780036],[-94.56613440629323,-72.46808277780036],[-94.56613440629323,-72.46808277780036],[-94.56613440629323,-72.46808277780036],[-94.56613440629323,-72.46808277780036],[-94.56613440629323,-72.46808277780036],[-94.56613440629323,-72.46808277780036],[-94.56613440629323,-72.46808277780036],[-94.56613440629323,-72.46808277780036],[-94.56613440629323,-72.46808277780036],[-94.56613440629323,-72.46808277780036],[-94.56613440629323,-72.46808277780036],[-94.56613440629323,-72.46808277780036],[-94.56613440629323,-72.46808277780036],[-94.56613440629323,-72.46808277780036],[-94.56613440629323,-72.46808277780036],[-94.56613440629323,-72.46808277780036],[-94.56613440629323,-72.46808277780036],[-94.56613440629323,-72.46808277780036],[-94.56613440629323,-72.46808277780036],[-94.53838416215251,-72.47578256621185],[-94.51388953324616,-72.49169890735774],[-94.43394609249063,-72.58916065866022],[-94.42601376013383,-72.61257008248845],[-95.02703650590445,-72.66507333769698],[-95.21945370154324,-72.66982756946784],[-95.27293880896534,-72.64688323353025],[-95.21562964555365,-72.59944426868631],[-94.7530222236768,-72.51717538847764],[-94.56613440629323,-72.46808277780036]]]},"properties":{"scalerank":5,"featurecla":"Glaciated Areas","min_zoom":5}},{"type":"Feature","geometry":{"bbox":[-71.79525041368913,-70.44226327909435,-71.34026526557533,-70.2651164691978],"type":"Polygon","coordinates":[[[-71.5512343004069,-70.43885263456308],[-71.5512343004069,-70.43885263456308],[-71.5512343004069,-70.43885263456308],[-71.5512343004069,-70.43885263456308],[-71.5512343004069,-70.43885263456308],[-71.5512343004069,-70.43885263456308],[-71.5512343004069,-70.43885263456308],[-71.5512343004069,-70.43885263456308],[-71.5512343004069,-70.43885263456308],[-71.5512343004069,-70.43885263456308],[-71.5512343004069,-70.43885263456308],[-71.5512343004069,-70.43885263456308],[-71.5512343004069,-70.43885263456308],[-71.5512343004069,-70.43885263456308],[-71.5512343004069,-70.43885263456308],[-71.5512343004069,-70.43885263456308],[-71.5512343004069,-70.43885263456308],[-71.5512343004069,-70.43885263456308],[-71.5512343004069,-70.43885263456308],[-71.5512343004069,-70.43885263456308],[-71.68466284858451,-70.44226327909435],[-71.78196957059012,-70.31885995878135],[-71.79525041368913,-70.28837086372914],[-71.69502397325904,-70.2651164691978],[-71.64776587592812,-70.29539885852084],[-71.4316033596512,-70.26728687935406],[-71.35486385769778,-70.29782765083856],[-71.34026526557533,-70.31751637154177],[-71.43775285509395,-70.39151702258373],[-71.5512343004069,-70.43885263456308]]]},"properties":{"scalerank":5,"featurecla":"Glaciated Areas","min_zoom":5}},{"type":"Feature","geometry":{"bbox":[-72.9572983466365,-69.74013559354466,-71.9853421698748,-69.41307545356939],"type":"Polygon","coordinates":[[[-72.20204728869075,-69.74013559354466],[-72.20204728869075,-69.74013559354466],[-72.20204728869075,-69.74013559354466],[-72.20204728869075,-69.74013559354466],[-72.20204728869075,-69.74013559354466],[-72.20204728869075,-69.74013559354466],[-72.20204728869075,-69.74013559354466],[-72.20204728869075,-69.74013559354466],[-72.20204728869075,-69.74013559354466],[-72.20204728869075,-69.74013559354466],[-72.20204728869075,-69.74013559354466],[-72.20204728869075,-69.74013559354466],[-72.20204728869075,-69.74013559354466],[-72.20204728869075,-69.74013559354466],[-72.20204728869075,-69.74013559354466],[-72.20204728869075,-69.74013559354466],[-72.20204728869075,-69.74013559354466],[-72.20204728869075,-69.74013559354466],[-72.20204728869075,-69.74013559354466],[-72.20204728869075,-69.74013559354466],[-72.34457088895175,-69.70701100044558],[-72.77674089220868,-69.64499928169532],[-72.9572983466365,-69.52914072049694],[-72.93675696480047,-69.46888600044461],[-72.85733028836785,-69.43312590929864],[-72.72614966499494,-69.41307545356939],[-72.46430518257202,-69.4518327777883],[-72.33113501655586,-69.49183033638221],[-71.9853421698748,-69.69843271268512],[-72.20204728869075,-69.74013559354466]]]},"properties":{"scalerank":4,"featurecla":"Glaciated Areas","min_zoom":3}},{"type":"Feature","geometry":{"bbox":[-74.14663143583395,-73.37603769316858,-73.54243058947736,-73.10039560332373],"type":"Polygon","coordinates":[[[-74.04875627307314,-73.2202332498086],[-74.04875627307314,-73.2202332498086],[-74.04875627307314,-73.2202332498086],[-74.04875627307314,-73.2202332498086],[-74.04875627307314,-73.2202332498086],[-74.04875627307314,-73.2202332498086],[-74.04875627307314,-73.2202332498086],[-74.04875627307314,-73.2202332498086],[-74.04875627307314,-73.2202332498086],[-74.04875627307314,-73.2202332498086],[-74.04875627307314,-73.2202332498086],[-74.04875627307314,-73.2202332498086],[-74.04875627307314,-73.2202332498086],[-74.04875627307314,-73.2202332498086],[-74.04875627307314,-73.2202332498086],[-74.04875627307314,-73.2202332498086],[-74.04875627307314,-73.2202332498086],[-74.04875627307314,-73.2202332498086],[-74.04875627307314,-73.2202332498086],[-74.04875627307314,-73.2202332498086],[-73.83210283068946,-73.1132630349644],[-73.67420549182167,-73.10039560332373],[-73.54243058947736,-73.12385670358424],[-73.68226701525919,-73.22503915801173],[-73.72141191272027,-73.29624928170993],[-73.87843075223913,-73.356814060356],[-73.97483313667962,-73.37603769316858],[-74.03826595731789,-73.36549570098104],[-74.14663143583395,-73.3154729145225],[-74.13443579781307,-73.2766639138713],[-74.08449052600298,-73.24932708118891],[-74.04875627307314,-73.2202332498086]]]},"properties":{"scalerank":5,"featurecla":"Glaciated Areas","min_zoom":5}},{"type":"Feature","geometry":{"bbox":[-66.1814587063099,-65.88088795355526,-65.63689246281814,-65.52721445094969],"type":"Polygon","coordinates":[[[-66.06392066106203,-65.88088795355526],[-66.06392066106203,-65.88088795355526],[-66.06392066106203,-65.88088795355526],[-66.06392066106203,-65.88088795355526],[-66.06392066106203,-65.88088795355526],[-66.06392066106203,-65.88088795355526],[-66.06392066106203,-65.88088795355526],[-66.06392066106203,-65.88088795355526],[-66.06392066106203,-65.88088795355526],[-66.06392066106203,-65.88088795355526],[-66.06392066106203,-65.88088795355526],[-66.06392066106203,-65.88088795355526],[-66.06392066106203,-65.88088795355526],[-66.06392066106203,-65.88088795355526],[-66.06392066106203,-65.88088795355526],[-66.06392066106203,-65.88088795355526],[-66.06392066106203,-65.88088795355526],[-66.06392066106203,-65.88088795355526],[-66.06392066106203,-65.88088795355526],[-66.06392066106203,-65.88088795355526],[-66.17530921086717,-65.86652190537812],[-66.1814587063099,-65.82631764105504],[-66.15347591822385,-65.77371103298192],[-66.04963212753333,-65.74477223089848],[-66.0669437323511,-65.66612070095024],[-65.99968685572324,-65.63284107855428],[-65.96831926132207,-65.57103606553319],[-65.833572964121,-65.52721445094969],[-65.63689246281814,-65.54778167100184],[-65.6679758368417,-65.6262264952209],[-65.66968115910734,-65.65289153428351],[-65.7837310451755,-65.67428557725235],[-65.81385840520166,-65.68658456813782],[-65.84083350285802,-65.73851938259115],[-65.83574337427727,-65.81381194444042],[-65.84527767603511,-65.84244068793011],[-66.06392066106203,-65.88088795355526]]]},"properties":{"scalerank":5,"featurecla":"Glaciated Areas","min_zoom":5}},{"type":"Feature","geometry":{"bbox":[-66.86754085963295,-66.31269622178615,-66.57520728215783,-66.06681975694143],"type":"Polygon","coordinates":[[[-66.86699825709391,-66.27476572048393],[-66.86699825709391,-66.27476572048393],[-66.86699825709391,-66.27476572048393],[-66.86699825709391,-66.27476572048393],[-66.86699825709391,-66.27476572048393],[-66.86699825709391,-66.27476572048393],[-66.86699825709391,-66.27476572048393],[-66.86699825709391,-66.27476572048393],[-66.86699825709391,-66.27476572048393],[-66.86699825709391,-66.27476572048393],[-66.86699825709391,-66.27476572048393],[-66.86699825709391,-66.27476572048393],[-66.86699825709391,-66.27476572048393],[-66.86699825709391,-66.27476572048393],[-66.86699825709391,-66.27476572048393],[-66.86699825709391,-66.27476572048393],[-66.86699825709391,-66.27476572048393],[-66.86699825709391,-66.27476572048393],[-66.86699825709391,-66.27476572048393],[-66.86699825709391,-66.27476572048393],[-66.7915248277316,-66.2336312803796],[-66.77899329290084,-66.1108480772541],[-66.63135372584294,-66.06681975694143],[-66.57520728215783,-66.08242603949357],[-66.62285295273094,-66.13389576605627],[-66.5926222398402,-66.17859587998875],[-66.59530941431937,-66.20066171657737],[-66.8186291164687,-66.31269622178615],[-66.850022549086,-66.3054615212653],[-66.86754085963295,-66.29388600043191],[-66.86699825709391,-66.27476572048393]]]},"properties":{"scalerank":5,"featurecla":"Glaciated Areas","min_zoom":5}},{"type":"Feature","geometry":{"bbox":[-67.74327551946719,-67.78526783637538,-67.14938412135285,-67.59065439236419],"type":"Polygon","coordinates":[[[-67.14938412135285,-67.65018564236442],[-67.14938412135285,-67.65018564236442],[-67.14938412135285,-67.65018564236442],[-67.14938412135285,-67.65018564236442],[-67.14938412135285,-67.65018564236442],[-67.14938412135285,-67.65018564236442],[-67.14938412135285,-67.65018564236442],[-67.14938412135285,-67.65018564236442],[-67.14938412135285,-67.65018564236442],[-67.14938412135285,-67.65018564236442],[-67.14938412135285,-67.65018564236442],[-67.14938412135285,-67.65018564236442],[-67.14938412135285,-67.65018564236442],[-67.14938412135285,-67.65018564236442],[-67.14938412135285,-67.65018564236442],[-67.14938412135285,-67.65018564236442],[-67.14938412135285,-67.65018564236442],[-67.14938412135285,-67.65018564236442],[-67.14938412135285,-67.65018564236442],[-67.14938412135285,-67.65018564236442],[-67.27966040716065,-67.71188730252092],[-67.2997108628899,-67.73720875434394],[-67.3489326646479,-67.76625090929197],[-67.54455379908879,-67.78526783637538],[-67.69338192408938,-67.7634603819482],[-67.68971289739666,-67.68770273220832],[-67.73069230820411,-67.67948617947391],[-67.74327551946719,-67.66124439887489],[-67.55674943710967,-67.60450367621841],[-67.41768815781224,-67.59065439236419],[-67.24674251979073,-67.59876759223401],[-67.17491227890501,-67.62455413194766],[-67.14938412135285,-67.65018564236442]]]},"properties":{"scalerank":5,"featurecla":"Glaciated Areas","min_zoom":5}},{"type":"Feature","geometry":{"bbox":[-67.59323299830773,-66.9019109027781,-67.25697445338452,-66.73695973090244],"type":"Polygon","coordinates":[[[-67.25697445338452,-66.84093271267369],[-67.25697445338452,-66.84093271267369],[-67.25697445338452,-66.84093271267369],[-67.25697445338452,-66.84093271267369],[-67.25697445338452,-66.84093271267369],[-67.25697445338452,-66.84093271267369],[-67.25697445338452,-66.84093271267369],[-67.25697445338452,-66.84093271267369],[-67.25697445338452,-66.84093271267369],[-67.25697445338452,-66.84093271267369],[-67.25697445338452,-66.84093271267369],[-67.25697445338452,-66.84093271267369],[-67.25697445338452,-66.84093271267369],[-67.25697445338452,-66.84093271267369],[-67.25697445338452,-66.84093271267369],[-67.25697445338452,-66.84093271267369],[-67.25697445338452,-66.84093271267369],[-67.25697445338452,-66.84093271267369],[-67.25697445338452,-66.84093271267369],[-67.25697445338452,-66.84093271267369],[-67.36239437525994,-66.89457284939266],[-67.40921322291638,-66.9019109027781],[-67.52078264023453,-66.89726002387182],[-67.59323299830773,-66.87555592230925],[-67.49949195013028,-66.80362232855896],[-67.51086076523448,-66.7562867165796],[-67.42595638697895,-66.73695973090244],[-67.33169857447857,-66.75349618923583],[-67.26873084173091,-66.81519784939233],[-67.25697445338452,-66.84093271267369]]]},"properties":{"scalerank":5,"featurecla":"Glaciated Areas","min_zoom":5}},{"type":"Feature","geometry":{"bbox":[-180.00001522531988,-89.99889902136007,180.00000044181036,-63.226269626721724],"type":"Polygon","coordinates":[[[180.00000044181036,-85.05754688917885],[180.00000044181036,-85.76344695428584],[180.00000044181036,-86.46934701939284],[180.00000044181036,-87.17524708449983],[180.00000044181036,-87.88114714960682],[180.00000044181036,-88.5870988911461],[180.00000044181036,-89.29305063268538],[180.00000044181036,-89.99889902136007],[178.59378136628385,-89.99889902136007],[177.1875106143251,-89.99889902136007],[175.78123986236636,-89.99889902136007],[174.3750207868399,-89.99889902136007],[172.96869835844888,-89.99889902136007],[171.56247928292242,-89.99889902136007],[170.15626020739597,-89.99889902136007],[168.74998945543723,-89.99889902136007],[167.34371870347843,-89.99889902136007],[165.93749962795198,-89.99889902136007],[164.53117719956094,-89.99889902136007],[163.1249581240345,-89.99889902136007],[161.71873904850807,-89.99889902136007],[160.3124682965493,-89.99889902136007],[158.90619754459055,-89.99889902136007],[157.49997846906405,-89.99889902136007],[156.0937593935376,-89.99889902136007],[154.68748864157885,-89.99889902136007],[153.2812178896201,-89.99889902136007],[151.87499881409366,-89.99889902136007],[150.4687797385672,-89.99889902136007],[149.0625089866085,-89.99889902136007],[147.65623823464972,-89.99889902136007],[146.2500191591232,-89.99889902136007],[144.84380008359676,-89.99889902136007],[143.43752933163802,-89.99889902136007],[142.03125857967927,-89.99889902136007],[140.62503950415282,-89.99889902136007],[139.21876875219408,-89.99889902136007],[137.81249800023534,-89.99889902136007],[136.4062789247089,-89.99889902136007],[135.00000817275009,-89.99889902136007],[133.59373742079134,-89.99889902136007],[132.1875183452649,-89.99889902136007],[130.78124759330615,-89.99889902136007],[129.3749768413474,-89.99889902136007],[127.96875776582095,-89.99889902136007],[126.56243533742993,-89.99889902136007],[125.15621626190341,-89.99889902136007],[123.74999718637697,-89.99889902136007],[122.3437781108505,-89.99889902136007],[120.93750735889178,-89.99889902136007],[119.53123660693304,-89.99889902136007],[118.12501753140657,-89.99889902136007],[116.71879845588009,-89.99889902136007],[115.31247602748904,-89.99889902136007],[113.9062569519626,-89.99889902136007],[112.50003787643617,-89.99889902136007],[111.09381880090967,-89.99889902136007],[109.68749637251864,-89.99889902136007],[108.28127729699219,-89.99889902136007],[106.87505822146575,-89.99889902136007],[105.46878746950696,-89.99889902136007],[104.06251671754822,-89.99889902136007],[102.65629764202177,-89.99889902136007],[101.25002689006303,-89.99889902136007],[99.84375613810425,-89.99889902136007],[98.43753706257782,-89.99889902136007],[97.03126631061906,-89.99889902136007],[95.62499555866029,-89.99889902136007],[94.21877648313384,-89.99889902136007],[92.8125057311751,-89.99889902136007],[91.40623497921635,-89.99889902136007],[90.00001590368987,-89.99889902136007],[88.59379682816342,-89.99889902136007],[87.18752607620468,-89.99889902136007],[85.78125532424593,-89.99889902136007],[84.37503624871947,-89.99889902136007],[82.96876549676071,-89.99889902136007],[81.56249474480197,-89.99889902136007],[80.15627566927552,-89.99889902136007],[78.75000491731674,-89.99889902136007],[77.343734165358,-89.99889902136007],[75.93751508983155,-89.99889902136007],[74.5312443378728,-89.99889902136007],[73.12497358591403,-89.99889902136007],[71.71875451038758,-89.99889902136007],[70.31248375842885,-89.99889902136007],[68.9062130064701,-89.99889902136007],[67.49999393094362,-89.99889902136007],[66.09377485541717,-89.99889902136007],[64.68750410345842,-89.99889902136007],[63.281233351499644,-89.99889902136007],[61.8750142759732,-89.99889902136007],[60.46874352401446,-89.99889902136007],[59.06247277205571,-89.99889902136007],[57.656253696529234,-89.99889902136007],[56.24998294457049,-89.99889902136007],[54.84371219261175,-89.99889902136007],[53.437493117085296,-89.99889902136007],[52.031222365126524,-89.99889902136007],[50.62495161316778,-89.99889902136007],[49.21873253764133,-89.99889902136007],[47.81246178568259,-89.99889902136007],[46.406191033723815,-89.99889902136007],[44.999971958197364,-89.99889902136007],[43.59375288267091,-89.99889902136007],[42.18748213071217,-89.99889902136007],[40.7812113787534,-89.99889902136007],[39.374992303226946,-89.99889902136007],[37.9687215512682,-89.99889902136007],[36.56245079930946,-89.99889902136007],[35.15623172378298,-89.99889902136007],[33.749960971824244,-89.99889902136007],[32.34369021986549,-89.99889902136007],[30.937471144339046,-89.99889902136007],[29.531200392380274,-89.99889902136007],[28.124929640421527,-89.99889902136007],[26.718710564895076,-89.99889902136007],[25.312439812936304,-89.99889902136007],[23.90616906097756,-89.99889902136007],[22.49994998545111,-89.99889902136007],[21.09373090992466,-89.99889902136007],[19.687460157965887,-89.99889902136007],[18.281189406007144,-89.99889902136007],[16.874970330480693,-89.99889902136007],[15.468751254954242,-89.99889902136007],[14.062480502995472,-89.99889902136007],[12.656209751036727,-89.99889902136007],[11.249990675510276,-89.99889902136007],[9.843771599983825,-89.99889902136007],[8.437500848025053,-89.99889902136007],[7.031230096066309,-89.99889902136007],[5.6250110205398585,-89.99889902136007],[4.218740268581115,-89.99889902136007],[2.8124695166223432,-89.99889902136007],[1.4062504410958923,-89.99889902136007],[-0.00002031086285114725,-89.99889902136007],[-1.4062652246054483,-89.99889902136007],[-2.812510138348074,-89.99889902136007],[-4.218780890306817,-89.99889902136007],[-5.625051642265575,-89.99889902136007],[-7.031270717792027,-89.99889902136007],[-8.437541469750784,-89.99889902136007],[-9.84378638349338,-89.99889902136007],[-11.250031297235992,-89.99889902136007],[-12.65627621097859,-89.99889902136007],[-14.0625211247212,-89.99889902136007],[-15.468766038463798,-89.99889902136007],[-16.875010952206413,-89.99889902136007],[-18.281255865949007,-89.99889902136007],[-19.687500779691618,-89.99889902136007],[-21.09377153165036,-89.99889902136007],[-22.500016445392973,-89.99889902136007],[-23.90626135913557,-89.99889902136007],[-25.312532111094328,-89.99889902136007],[-26.718777024836925,-89.99889902136007],[-28.125021938579536,-89.99889902136007],[-29.53126685232213,-89.99889902136007],[-30.937511766064745,-89.99889902136007],[-32.34375667980734,-89.99889902136007],[-33.75000159354995,-89.99889902136007],[-35.15624650729256,-89.99889902136007],[-36.56249142103516,-89.99889902136007],[-37.96876217299392,-89.99889902136007],[-39.37500708673652,-89.99889902136007],[-40.78125200047913,-89.99889902136007],[-42.18752275243787,-89.99889902136007],[-43.59379350439663,-89.99889902136007],[-45.00001257992308,-89.99889902136007],[-46.40625749366569,-89.99889902136007],[-47.81250240740829,-89.99889902136007],[-49.218773159367046,-89.99889902136007],[-50.62501807310964,-89.99889902136007],[-52.031262986852255,-89.99889902136007],[-53.437533738811005,-89.99889902136007],[-54.84377865255361,-89.99889902136007],[-56.250023566296214,-89.99889902136007],[-57.65626848003882,-89.99889902136007],[-59.062513393781416,-89.99889902136007],[-60.468758307524034,-89.99889902136007],[-61.875003221266624,-89.99889902136007],[-63.281248135009236,-89.99889902136007],[-64.68749304875183,-89.99889902136007],[-66.09376380071059,-89.99889902136007],[-67.5000087144532,-89.99889902136007],[-68.9062536281958,-89.99889902136007],[-70.31252438015454,-89.99889902136007],[-71.71876929389715,-89.99889902136007],[-73.12501420763977,-89.99889902136007],[-74.53125912138238,-89.99889902136007],[-75.93750403512496,-89.99889902136007],[-77.34374894886757,-89.99889902136007],[-78.74999386261018,-89.99889902136007],[-80.15623877635278,-89.99889902136007],[-81.56248369009538,-89.99889902136007],[-82.96875444205413,-89.99889902136007],[-84.37499935579675,-89.99889902136007],[-85.78124426953934,-89.99889902136007],[-87.1875150214981,-89.99889902136007],[-88.59375993524073,-89.99889902136007],[-90.00000484898331,-89.99889902136007],[-91.4062497627259,-89.99889902136007],[-92.81249467646852,-89.99889902136007],[-94.21876542842728,-89.99889902136007],[-95.62501034216987,-89.99889902136007],[-97.03125525591247,-89.99889902136007],[-98.43752600787123,-89.99889902136007],[-99.84377092161384,-89.99889902136007],[-101.25001583535644,-89.99889902136007],[-102.65626074909903,-89.99889902136007],[-104.06250566284164,-89.99889902136007],[-105.46875057658426,-89.99889902136007],[-106.87499549032685,-89.99889902136007],[-108.28124040406945,-89.99889902136007],[-109.68748531781206,-89.99889902136007],[-111.09375606977082,-89.99889902136007],[-112.50000098351342,-89.99889902136007],[-113.90624589725603,-89.99889902136007],[-115.31251664921477,-89.99889902136007],[-116.7187615629574,-89.99889902136007],[-118.1250064767,-89.99889902136007],[-119.53125139044258,-89.99889902136007],[-120.9374963041852,-89.99889902136007],[-122.3437412179278,-89.99889902136007],[-123.7499861316704,-89.99889902136007],[-125.15623104541301,-89.99889902136007],[-126.5624759591556,-89.99889902136007],[-127.96874671111438,-89.99889902136007],[-129.37499162485696,-89.99889902136007],[-130.78123653859956,-89.99889902136007],[-132.18750729055833,-89.99889902136007],[-133.59375220430093,-89.99889902136007],[-134.99999711804352,-89.99889902136007],[-136.40624203178612,-89.99889902136007],[-137.81248694552875,-89.99889902136007],[-139.2187576974875,-89.99889902136007],[-140.6250026112301,-89.99889902136007],[-142.0312475249727,-89.99889902136007],[-143.43751827693146,-89.99889902136007],[-144.84376319067405,-89.99889902136007],[-146.25000810441665,-89.99889902136007],[-147.65625301815928,-89.99889902136007],[-149.06249793190187,-89.99889902136007],[-150.46876868386062,-89.99889902136007],[-151.8750135976032,-89.99889902136007],[-153.28125851134584,-89.99889902136007],[-154.68752926330458,-89.99889902136007],[-156.09377417704718,-89.99889902136007],[-157.50001909078978,-89.99889902136007],[-158.9062640045324,-89.99889902136007],[-160.312508918275,-89.99889902136007],[-161.71877967023374,-89.99889902136007],[-163.12502458397637,-89.99889902136007],[-164.53126949771897,-89.99889902136007],[-165.9375402496777,-89.99889902136007],[-167.3437851634203,-89.99889902136007],[-168.75003007716293,-89.99889902136007],[-170.15627499090553,-89.99889902136007],[-171.56251990464813,-89.99889902136007],[-172.96876481839072,-89.99889902136007],[-174.37500973213332,-89.99889902136007],[-175.78125464587595,-89.99889902136007],[-177.18749955961854,-89.99889902136007],[-178.5937703115773,-89.99889902136007],[-180.00001522531988,-89.99889902136007],[-180.00001522531988,-89.99889902136007],[-180.00001522531988,-89.99889902136007],[-180.00001522531988,-89.99889902136007],[-180.00001522531988,-89.99889902136007],[-180.00001522531988,-89.99889902136007],[-180.00001522531988,-89.99889902136007],[-180.00001522531988,-89.99889902136007],[-180.00001522531988,-89.99889902136007],[-180.00001522531988,-89.99889902136007],[-180.00001522531988,-89.99889902136007],[-180.00001522531988,-89.99889902136007],[-180.00001522531988,-89.99889902136007],[-180.00001522531988,-89.99889902136007],[-180.00001522531988,-89.99889902136007],[-180.00001522531988,-89.99889902136007],[-180.00001522531988,-89.99889902136007],[-180.00001522531988,-89.99889902136007],[-180.00001522531988,-89.99889902136007],[-180.00001522531988,-89.99889902136007],[-180.00001522531988,-89.99889902136007],[-180.00001522531988,-89.99889902136007],[-180.00001522531988,-89.99889902136007],[-180.00001522531988,-89.99889902136007],[-180.00001522531988,-89.99889902136007],[-180.00001522531988,-89.99889902136007],[-180.00001522531988,-89.99889902136007],[-180.00001522531988,-89.99889902136007],[-180.00001522531988,-89.99889902136007],[-180.00001522531988,-89.99889902136007],[-180.00001522531988,-89.99889902136007],[-180.00001522531988,-89.99889902136007],[-180.00001522531988,-89.99889902136007],[-180.00001522531988,-89.99889902136007],[-180.00001522531988,-89.99889902136007],[-180.00001522531988,-89.99889902136007],[-180.00001522531988,-89.99889902136007],[-180.00001522531988,-89.99889902136007],[-180.00001522531988,-89.99889902136007],[-180.00001522531988,-89.99889902136007],[-180.00001522531988,-89.99889902136007],[-180.00001522531988,-89.99889902136007],[-180.00001522531988,-89.99889902136007],[-180.00001522531988,-89.99889902136007],[-180.00001522531988,-89.99889902136007],[-180.00001522531988,-89.99889902136007],[-180.00001522531988,-89.99889902136007],[-180.00001522531988,-89.99889902136007],[-180.00001522531988,-89.99889902136007],[-180.00001522531988,-89.99889902136007],[-180.00001522531988,-89.99889902136007],[-180.00001522531988,-89.99889902136007],[-180.00001522531988,-89.99889902136007],[-180.00001522531988,-89.99889902136007],[-180.00001522531988,-89.99889902136007],[-180.00001522531988,-89.99889902136007],[-180.00001522531988,-89.99889902136007],[-180.00001522531988,-89.99889902136007],[-180.00001522531988,-89.99889902136007],[-180.00001522531988,-89.99889902136007],[-180.00001522531988,-89.99889902136007],[-180.00001522531988,-89.99889902136007],[-180.00001522531988,-89.99889902136007],[-180.00001522531988,-89.99889902136007],[-180.00001522531988,-89.99889902136007],[-180.00001522531988,-89.99889902136007],[-180.00001522531988,-89.99889902136007],[-180.00001522531988,-89.99889902136007],[-180.00001522531988,-89.99889902136007],[-180.00001522531988,-89.99889902136007],[-180.00001522531988,-89.99889902136007],[-180.00001522531988,-89.99889902136007],[-180.00001522531988,-89.99889902136007],[-180.00001522531988,-89.99889902136007],[-180.00001522531988,-89.99889902136007],[-180.00001522531988,-89.99889902136007],[-180.00001522531988,-89.99889902136007],[-180.00001522531988,-89.99889902136007],[-180.00001522531988,-89.99889902136007],[-180.00001522531988,-89.99889902136007],[-180.00001522531988,-89.99889902136007],[-180.00001522531988,-89.99889902136007],[-180.00001522531988,-89.99889902136007],[-180.00001522531988,-89.99889902136007],[-180.00001522531988,-89.99889902136007],[-180.00001522531988,-89.99889902136007],[-180.00001522531988,-89.99889902136007],[-180.00001522531988,-89.99889902136007],[-180.00001522531988,-89.99889902136007],[-180.00001522531988,-89.99889902136007],[-180.00001522531988,-89.99889902136007],[-180.00001522531988,-89.99889902136007],[-180.00001522531988,-89.99889902136007],[-180.00001522531988,-89.99889902136007],[-180.00001522531988,-89.99889902136007],[-180.00001522531988,-89.99889902136007],[-180.00001522531988,-89.99889902136007],[-180.00001522531988,-89.99889902136007],[-180.00001522531988,-89.99889902136007],[-180.00001522531988,-89.99889902136007],[-180.00001522531988,-89.99889902136007],[-180.00001522531988,-89.99889902136007],[-180.00001522531988,-89.99889902136007],[-180.00001522531988,-89.99889902136007],[-180.00001522531988,-89.99889902136007],[-180.00001522531988,-89.99889902136007],[-180.00001522531988,-89.99889902136007],[-180.00001522531988,-89.99889902136007],[-180.00001522531988,-89.99889902136007],[-180.00001522531988,-89.99889902136007],[-180.00001522531988,-89.99889902136007],[-180.00001522531988,-89.99889902136007],[-180.00001522531988,-89.99889902136007],[-180.00001522531988,-89.99889902136007],[-180.00001522531988,-89.99889902136007],[-180.00001522531988,-89.99889902136007],[-180.00001522531988,-89.99889902136007],[-180.00001522531988,-89.99889902136007],[-180.00001522531988,-89.99889902136007],[-180.00001522531988,-89.99889902136007],[-180.00001522531988,-89.99889902136007],[-180.00001522531988,-89.99889902136007],[-180.00001522531988,-89.99889902136007],[-180.00001522531988,-89.99889902136007],[-180.00001522531988,-89.99889902136007],[-180.00001522531988,-89.99889902136007],[-180.00001522531988,-89.99889902136007],[-180.00001522531988,-89.99889902136007],[-180.00001522531988,-89.99889902136007],[-180.00001522531988,-89.99889902136007],[-180.00001522531988,-89.99889902136007],[-180.00001522531988,-89.99889902136007],[-180.00001522531988,-89.99889902136007],[-180.00001522531988,-89.99889902136007],[-180.00001522531988,-89.99889902136007],[-180.00001522531988,-89.99889902136007],[-180.00001522531988,-89.99889902136007],[-180.00001522531988,-89.99889902136007],[-180.00001522531988,-89.99889902136007],[-180.00001522531988,-89.99889902136007],[-180.00001522531988,-89.99889902136007],[-180.00001522531988,-89.99889902136007],[-180.00001522531988,-89.99889902136007],[-180.00001522531988,-89.99889902136007],[-180.00001522531988,-89.99889902136007],[-180.00001522531988,-89.99889902136007],[-180.00001522531988,-89.99889902136007],[-180.00001522531988,-89.99889902136007],[-180.00001522531988,-89.99889902136007],[-180.00001522531988,-89.99889902136007],[-180.00001522531988,-89.99889902136007],[-180.00001522531988,-89.99889902136007],[-180.00001522531988,-89.99889902136007],[-180.00001522531988,-89.99889902136007],[-180.00001522531988,-89.99889902136007],[-180.00001522531988,-89.99889902136007],[-180.00001522531988,-89.99889902136007],[-180.00001522531988,-89.99889902136007],[-180.00001522531988,-89.99889902136007],[-180.00001522531988,-89.99889902136007],[-180.00001522531988,-89.99889902136007],[-180.00001522531988,-89.99889902136007],[-180.00001522531988,-89.99889902136007],[-180.00001522531988,-89.99889902136007],[-180.00001522531988,-89.99889902136007],[-180.00001522531988,-89.99889902136007],[-180.00001522531988,-89.99889902136007],[-180.00001522531988,-89.99889902136007],[-180.00001522531988,-89.99889902136007],[-180.00001522531988,-89.99889902136007],[-180.00001522531988,-89.99889902136007],[-180.00001522531988,-89.99889902136007],[-180.00001522531988,-89.99889902136007],[-180.00001522531988,-89.99889902136007],[-180.00001522531988,-89.99889902136007],[-180.00001522531988,-89.99889902136007],[-180.00001522531988,-89.99889902136007],[-180.00001522531988,-89.99889902136007],[-180.00001522531988,-89.99889902136007],[-180.00001522531988,-89.99889902136007],[-180.00001522531988,-89.99889902136007],[-180.00001522531988,-89.99889902136007],[-180.00001522531988,-89.99889902136007],[-180.00001522531988,-89.99889902136007],[-180.00001522531988,-89.99889902136007],[-180.00001522531988,-89.99889902136007],[-180.00001522531988,-89.99889902136007],[-180.00001522531988,-89.99889902136007],[-180.00001522531988,-89.99889902136007],[-180.00001522531988,-89.99889902136007],[-180.00001522531988,-89.99889902136007],[-180.00001522531988,-89.99889902136007],[-180.00001522531988,-89.99889902136007],[-180.00001522531988,-89.99889902136007],[-180.00001522531988,-89.99889902136007],[-180.00001522531988,-89.99889902136007],[-180.00001522531988,-89.99889902136007],[-180.00001522531988,-89.99889902136007],[-180.00001522531988,-89.99889902136007],[-180.00001522531988,-89.99889902136007],[-180.00001522531988,-89.99889902136007],[-180.00001522531988,-89.99889902136007],[-180.00001522531988,-89.99889902136007],[-180.00001522531988,-89.99889902136007],[-180.00001522531988,-89.99889902136007],[-180.00001522531988,-89.99889902136007],[-180.00001522531988,-89.99889902136007],[-180.00001522531988,-89.99889902136007],[-180.00001522531988,-89.99889902136007],[-180.00001522531988,-89.99889902136007],[-180.00001522531988,-89.99889902136007],[-180.00001522531988,-89.99889902136007],[-180.00001522531988,-89.99889902136007],[-180.00001522531988,-89.99889902136007],[-180.00001522531988,-89.99889902136007],[-180.00001522531988,-89.99889902136007],[-180.00001522531988,-89.99889902136007],[-180.00001522531988,-89.99889902136007],[-180.00001522531988,-89.99889902136007],[-180.00001522531988,-89.99889902136007],[-180.00001522531988,-89.99889902136007],[-180.00001522531988,-89.99889902136007],[-180.00001522531988,-89.99889902136007],[-180.00001522531988,-89.99889902136007],[-180.00001522531988,-89.99889902136007],[-180.00001522531988,-89.99889902136007],[-180.00001522531988,-89.99889902136007],[-180.00001522531988,-89.99889902136007],[-180.00001522531988,-89.99889902136007],[-180.00001522531988,-89.99889902136007],[-180.00001522531988,-89.99889902136007],[-180.00001522531988,-89.99889902136007],[-180.00001522531988,-89.99889902136007],[-180.00001522531988,-89.99889902136007],[-180.00001522531988,-89.99889902136007],[-180.00001522531988,-89.99889902136007],[-180.00001522531988,-89.99889902136007],[-180.00001522531988,-89.99889902136007],[-180.00001522531988,-89.99889902136007],[-180.00001522531988,-89.99889902136007],[-180.00001522531988,-89.99889902136007],[-180.00001522531988,-89.99889902136007],[-180.00001522531988,-89.99889902136007],[-180.00001522531988,-89.99889902136007],[-180.00001522531988,-89.99889902136007],[-180.00001522531988,-89.99889902136007],[-180.00001522531988,-89.99889902136007],[-180.00001522531988,-89.99889902136007],[-180.00001522531988,-89.99889902136007],[-180.00001522531988,-89.99889902136007],[-180.00001522531988,-89.99889902136007],[-180.00001522531988,-89.99889902136007],[-180.00001522531988,-89.99889902136007],[-180.00001522531988,-89.99889902136007],[-180.00001522531988,-89.99889902136007],[-180.00001522531988,-89.99889902136007],[-180.00001522531988,-89.99889902136007],[-180.00001522531988,-89.99889902136007],[-180.00001522531988,-89.99889902136007],[-180.00001522531988,-89.99889902136007],[-180.00001522531988,-89.99889902136007],[-180.00001522531988,-89.99889902136007],[-180.00001522531988,-89.99889902136007],[-180.00001522531988,-89.99889902136007],[-180.00001522531988,-89.99889902136007],[-180.00001522531988,-89.99889902136007],[-180.00001522531988,-89.99889902136007],[-180.00001522531988,-89.99889902136007],[-180.00001522531988,-89.99889902136007],[-180.00001522531988,-89.99889902136007],[-180.00001522531988,-89.99889902136007],[-180.00001522531988,-89.99889902136007],[-180.00001522531988,-89.99889902136007],[-180.00001522531988,-89.99889902136007],[-180.00001522531988,-89.99889902136007],[-180.00001522531988,-89.99889902136007],[-180.00001522531988,-89.99889902136007],[-180.00001522531988,-89.99889902136007],[-180.00001522531988,-89.99889902136007],[-180.00001522531988,-89.99889902136007],[-180.00001522531988,-89.99889902136007],[-180.00001522531988,-89.99889902136007],[-180.00001522531988,-89.99889902136007],[-180.00001522531988,-89.99889902136007],[-180.00001522531988,-89.99889902136007],[-180.00001522531988,-89.99889902136007],[-180.00001522531988,-89.99889902136007],[-180.00001522531988,-89.99889902136007],[-180.00001522531988,-89.99889902136007],[-180.00001522531988,-89.99889902136007],[-180.00001522531988,-89.99889902136007],[-180.00001522531988,-89.99889902136007],[-180.00001522531988,-89.99889902136007],[-180.00001522531988,-89.99889902136007],[-180.00001522531988,-89.99889902136007],[-180.00001522531988,-89.99889902136007],[-180.00001522531988,-89.99889902136007],[-180.00001522531988,-89.99889902136007],[-180.00001522531988,-89.99889902136007],[-180.00001522531988,-89.99889902136007],[-180.00001522531988,-89.99889902136007],[-180.00001522531988,-89.99889902136007],[-180.00001522531988,-89.99889902136007],[-180.00001522531988,-89.99889902136007],[-180.00001522531988,-89.99889902136007],[-180.00001522531988,-89.99889902136007],[-180.00001522531988,-89.99889902136007],[-180.00001522531988,-89.99889902136007],[-180.00001522531988,-89.99889902136007],[-180.00001522531988,-89.99889902136007],[-180.00001522531988,-89.99889902136007],[-180.00001522531988,-89.99889902136007],[-180.00001522531988,-89.99889902136007],[-180.00001522531988,-89.99889902136007],[-180.00001522531988,-89.99889902136007],[-180.00001522531988,-89.99889902136007],[-180.00001522531988,-89.99889902136007],[-180.00001522531988,-89.99889902136007],[-180.00001522531988,-89.99889902136007],[-180.00001522531988,-89.99889902136007],[-180.00001522531988,-89.99889902136007],[-180.00001522531988,-89.99889902136007],[-180.00001522531988,-89.99889902136007],[-180.00001522531988,-89.99889902136007],[-180.00001522531988,-89.99889902136007],[-180.00001522531988,-89.99889902136007],[-180.00001522531988,-89.99889902136007],[-180.00001522531988,-89.99889902136007],[-180.00001522531988,-89.99889902136007],[-180.00001522531988,-89.99889902136007],[-180.00001522531988,-89.99889902136007],[-180.00001522531988,-89.99889902136007],[-180.00001522531988,-89.99889902136007],[-180.00001522531988,-89.99889902136007],[-180.00001522531988,-89.99889902136007],[-180.00001522531988,-89.99889902136007],[-180.00001522531988,-89.99889902136007],[-180.00001522531988,-89.99889902136007],[-180.00001522531988,-89.99889902136007],[-180.00001522531988,-89.99889902136007],[-180.00001522531988,-89.99889902136007],[-180.00001522531988,-89.99889902136007],[-180.00001522531988,-89.99889902136007],[-180.00001522531988,-89.99889902136007],[-180.00001522531988,-89.99889902136007],[-180.00001522531988,-89.99889902136007],[-180.00001522531988,-89.99889902136007],[-180.00001522531988,-89.99889902136007],[-180.00001522531988,-89.99889902136007],[-180.00001522531988,-89.99889902136007],[-180.00001522531988,-89.99889902136007],[-180.00001522531988,-89.99889902136007],[-180.00001522531988,-89.99889902136007],[-180.00001522531988,-89.99889902136007],[-180.00001522531988,-89.99889902136007],[-180.00001522531988,-89.99889902136007],[-180.00001522531988,-89.99889902136007],[-180.00001522531988,-89.99889902136007],[-180.00001522531988,-89.99889902136007],[-180.00001522531988,-89.99889902136007],[-180.00001522531988,-89.99889902136007],[-180.00001522531988,-89.99889902136007],[-180.00001522531988,-89.99889902136007],[-180.00001522531988,-89.99889902136007],[-180.00001522531988,-89.99889902136007],[-180.00001522531988,-89.99889902136007],[-180.00001522531988,-89.99889902136007],[-180.00001522531988,-89.99889902136007],[-180.00001522531988,-89.99889902136007],[-180.00001522531988,-89.99889902136007],[-180.00001522531988,-89.99889902136007],[-180.00001522531988,-89.99889902136007],[-180.00001522531988,-89.99889902136007],[-180.00001522531988,-89.99889902136007],[-180.00001522531988,-89.99889902136007],[-180.00001522531988,-89.99889902136007],[-180.00001522531988,-89.99889902136007],[-180.00001522531988,-89.99889902136007],[-180.00001522531988,-89.99889902136007],[-180.00001522531988,-89.99889902136007],[-180.00001522531988,-89.99889902136007],[-180.00001522531988,-89.99889902136007],[-180.00001522531988,-89.99889902136007],[-180.00001522531988,-89.99889902136007],[-180.00001522531988,-89.99889902136007],[-180.00001522531988,-89.99889902136007],[-180.00001522531988,-89.99889902136007],[-180.00001522531988,-89.99889902136007],[-180.00001522531988,-89.99889902136007],[-180.00001522531988,-89.99889902136007],[-180.00001522531988,-89.99889902136007],[-180.00001522531988,-89.99889902136007],[-180.00001522531988,-89.99889902136007],[-180.00001522531988,-89.99889902136007],[-180.00001522531988,-89.99889902136007],[-180.00001522531988,-89.99889902136007],[-180.00001522531988,-89.99889902136007],[-180.00001522531988,-89.99889902136007],[-180.00001522531988,-89.99889902136007],[-180.00001522531988,-89.99889902136007],[-180.00001522531988,-89.99889902136007],[-180.00001522531988,-89.99889902136007],[-180.00001522531988,-89.99889902136007],[-180.00001522531988,-89.99889902136007],[-180.00001522531988,-89.99889902136007],[-180.00001522531988,-89.99889902136007],[-180.00001522531988,-89.99889902136007],[-180.00001522531988,-89.99889902136007],[-180.00001522531988,-89.99889902136007],[-180.00001522531988,-89.99889902136007],[-180.00001522531988,-89.99889902136007],[-180.00001522531988,-89.99889902136007],[-180.00001522531988,-89.99889902136007],[-180.00001522531988,-89.99889902136007],[-180.00001522531988,-89.99889902136007],[-180.00001522531988,-89.99889902136007],[-180.00001522531988,-89.99889902136007],[-180.00001522531988,-89.99889902136007],[-180.00001522531988,-89.99889902136007],[-180.00001522531988,-89.99889902136007],[-180.00001522531988,-89.99889902136007],[-180.00001522531988,-89.99889902136007],[-180.00001522531988,-89.99889902136007],[-180.00001522531988,-89.99889902136007],[-180.00001522531988,-89.99889902136007],[-180.00001522531988,-89.99889902136007],[-180.00001522531988,-89.99889902136007],[-180.00001522531988,-89.99889902136007],[-180.00001522531988,-89.99889902136007],[-180.00001522531988,-89.99889902136007],[-180.00001522531988,-89.99889902136007],[-180.00001522531988,-89.99889902136007],[-180.00001522531988,-89.99889902136007],[-180.00001522531988,-89.99889902136007],[-180.00001522531988,-89.99889902136007],[-180.00001522531988,-89.99889902136007],[-180.00001522531988,-89.99889902136007],[-180.00001522531988,-89.99889902136007],[-180.00001522531988,-89.99889902136007],[-180.00001522531988,-89.99889902136007],[-180.00001522531988,-89.99889902136007],[-180.00001522531988,-89.99889902136007],[-180.00001522531988,-89.99889902136007],[-180.00001522531988,-89.99889902136007],[-180.00001522531988,-89.99889902136007],[-180.00001522531988,-89.99889902136007],[-180.00001522531988,-89.99889902136007],[-180.00001522531988,-89.99889902136007],[-180.00001522531988,-89.99889902136007],[-180.00001522531988,-89.99889902136007],[-180.00001522531988,-89.99889902136007],[-180.00001522531988,-89.99889902136007],[-180.00001522531988,-89.99889902136007],[-180.00001522531988,-89.99889902136007],[-180.00001522531988,-89.99889902136007],[-180.00001522531988,-89.99889902136007],[-180.00001522531988,-89.99889902136007],[-180.00001522531988,-89.99889902136007],[-180.00001522531988,-89.99889902136007],[-180.00001522531988,-89.99889902136007],[-180.00001522531988,-89.99889902136007],[-180.00001522531988,-89.99889902136007],[-180.00001522531988,-89.99889902136007],[-180.00001522531988,-89.99889902136007],[-180.00001522531988,-89.99889902136007],[-180.00001522531988,-89.99889902136007],[-180.00001522531988,-89.99889902136007],[-180.00001522531988,-89.99889902136007],[-180.00001522531988,-89.99889902136007],[-180.00001522531988,-89.99889902136007],[-180.00001522531988,-89.99889902136007],[-180.00001522531988,-89.99889902136007],[-180.00001522531988,-89.99889902136007],[-180.00001522531988,-89.99889902136007],[-180.00001522531988,-89.99889902136007],[-180.00001522531988,-89.99889902136007],[-180.00001522531988,-89.99889902136007],[-180.00001522531988,-89.99889902136007],[-180.00001522531988,-89.99889902136007],[-180.00001522531988,-89.99889902136007],[-180.00001522531988,-89.99889902136007],[-180.00001522531988,-89.99889902136007],[-180.00001522531988,-89.99889902136007],[-180.00001522531988,-89.99889902136007],[-180.00001522531988,-89.99889902136007],[-180.00001522531988,-89.99889902136007],[-180.00001522531988,-89.99889902136007],[-180.00001522531988,-89.99889902136007],[-180.00001522531988,-89.99889902136007],[-180.00001522531988,-89.99889902136007],[-180.00001522531988,-89.99889902136007],[-180.00001522531988,-89.99889902136007],[-180.00001522531988,-89.99889902136007],[-180.00001522531988,-89.99889902136007],[-180.00001522531988,-89.99889902136007],[-180.00001522531988,-89.99889902136007],[-180.00001522531988,-89.99889902136007],[-180.00001522531988,-89.99889902136007],[-180.00001522531988,-89.99889902136007],[-180.00001522531988,-89.99889902136007],[-180.00001522531988,-89.99889902136007],[-180.00001522531988,-89.99889902136007],[-180.00001522531988,-89.99889902136007],[-180.00001522531988,-89.99889902136007],[-180.00001522531988,-89.99889902136007],[-180.00001522531988,-89.99889902136007],[-180.00001522531988,-89.99889902136007],[-180.00001522531988,-89.99889902136007],[-180.00001522531988,-89.99889902136007],[-180.00001522531988,-89.99889902136007],[-180.00001522531988,-89.99889902136007],[-180.00001522531988,-89.99889902136007],[-180.00001522531988,-89.99889902136007],[-180.00001522531988,-89.99889902136007],[-180.00001522531988,-89.99889902136007],[-180.00001522531988,-89.99889902136007],[-180.00001522531988,-89.99889902136007],[-180.00001522531988,-89.99889902136007],[-180.00001522531988,-89.99889902136007],[-180.00001522531988,-89.99889902136007],[-180.00001522531988,-89.99889902136007],[-180.00001522531988,-89.99889902136007],[-180.00001522531988,-89.99889902136007],[-180.00001522531988,-89.99889902136007],[-180.00001522531988,-89.99889902136007],[-180.00001522531988,-89.99889902136007],[-180.00001522531988,-89.99889902136007],[-180.00001522531988,-89.99889902136007],[-180.00001522531988,-89.99889902136007],[-180.00001522531988,-89.99889902136007],[-180.00001522531988,-89.99889902136007],[-180.00001522531988,-89.99889902136007],[-180.00001522531988,-89.99889902136007],[-180.00001522531988,-89.99889902136007],[-180.00001522531988,-89.99889902136007],[-180.00001522531988,-89.99889902136007],[-180.00001522531988,-89.99889902136007],[-180.00001522531988,-89.99889902136007],[-180.00001522531988,-89.99889902136007],[-180.00001522531988,-89.99889902136007],[-180.00001522531988,-89.99889902136007],[-180.00001522531988,-89.99889902136007],[-180.00001522531988,-89.99889902136007],[-180.00001522531988,-89.99889902136007],[-180.00001522531988,-89.99889902136007],[-180.00001522531988,-89.99889902136007],[-180.00001522531988,-89.99889902136007],[-180.00001522531988,-89.99889902136007],[-180.00001522531988,-89.99889902136007],[-180.00001522531988,-89.99889902136007],[-180.00001522531988,-89.99889902136007],[-180.00001522531988,-89.99889902136007],[-180.00001522531988,-89.99889902136007],[-180.00001522531988,-89.99889902136007],[-180.00001522531988,-89.99889902136007],[-180.00001522531988,-89.99889902136007],[-180.00001522531988,-89.99889902136007],[-180.00001522531988,-89.99889902136007],[-180.00001522531988,-89.99889902136007],[-180.00001522531988,-89.99889902136007],[-180.00001522531988,-89.99889902136007],[-180.00001522531988,-89.99889902136007],[-180.00001522531988,-89.99889902136007],[-180.00001522531988,-89.99889902136007],[-180.00001522531988,-89.99889902136007],[-180.00001522531988,-89.99889902136007],[-180.00001522531988,-89.99889902136007],[-180.00001522531988,-89.99889902136007],[-180.00001522531988,-89.99889902136007],[-180.00001522531988,-89.99889902136007],[-180.00001522531988,-89.99889902136007],[-180.00001522531988,-89.99889902136007],[-180.00001522531988,-89.99889902136007],[-180.00001522531988,-89.99889902136007],[-180.00001522531988,-89.99889902136007],[-180.00001522531988,-89.99889902136007],[-180.00001522531988,-89.99889902136007],[-180.00001522531988,-89.99889902136007],[-180.00001522531988,-89.99889902136007],[-180.00001522531988,-89.99889902136007],[-180.00001522531988,-89.99889902136007],[-180.00001522531988,-89.99889902136007],[-180.00001522531988,-89.99889902136007],[-180.00001522531988,-89.99889902136007],[-180.00001522531988,-89.99889902136007],[-180.00001522531988,-89.99889902136007],[-180.00001522531988,-89.99889902136007],[-180.00001522531988,-89.99889902136007],[-180.00001522531988,-89.99889902136007],[-180.00001522531988,-89.99889902136007],[-180.00001522531988,-89.99889902136007],[-180.00001522531988,-89.99889902136007],[-180.00001522531988,-89.99889902136007],[-180.00001522531988,-89.99889902136007],[-180.00001522531988,-89.99889902136007],[-180.00001522531988,-89.99889902136007],[-180.00001522531988,-89.99889902136007],[-180.00001522531988,-89.99889902136007],[-180.00001522531988,-89.99889902136007],[-180.00001522531988,-89.99889902136007],[-180.00001522531988,-89.99889902136007],[-180.00001522531988,-89.99889902136007],[-180.00001522531988,-89.99889902136007],[-180.00001522531988,-89.99889902136007],[-180.00001522531988,-89.99889902136007],[-180.00001522531988,-89.99889902136007],[-180.00001522531988,-89.99889902136007],[-180.00001522531988,-89.99889902136007],[-180.00001522531988,-89.99889902136007],[-180.00001522531988,-89.99889902136007],[-180.00001522531988,-89.99889902136007],[-180.00001522531988,-89.99889902136007],[-180.00001522531988,-89.99889902136007],[-180.00001522531988,-89.99889902136007],[-180.00001522531988,-89.99889902136007],[-180.00001522531988,-89.99889902136007],[-180.00001522531988,-89.99889902136007],[-180.00001522531988,-89.99889902136007],[-180.00001522531988,-89.99889902136007],[-180.00001522531988,-89.99889902136007],[-180.00001522531988,-89.99889902136007],[-180.00001522531988,-89.99889902136007],[-180.00001522531988,-89.99889902136007],[-180.00001522531988,-89.99889902136007],[-180.00001522531988,-89.99889902136007],[-180.00001522531988,-89.99889902136007],[-180.00001522531988,-89.99889902136007],[-180.00001522531988,-89.99889902136007],[-180.00001522531988,-89.99889902136007],[-180.00001522531988,-89.99889902136007],[-180.00001522531988,-89.99889902136007],[-180.00001522531988,-89.99889902136007],[-180.00001522531988,-89.99889902136007],[-180.00001522531988,-89.99889902136007],[-180.00001522531988,-89.99889902136007],[-180.00001522531988,-89.99889902136007],[-180.00001522531988,-89.99889902136007],[-180.00001522531988,-89.99889902136007],[-180.00001522531988,-89.99889902136007],[-180.00001522531988,-89.99889902136007],[-180.00001522531988,-89.99889902136007],[-180.00001522531988,-89.99889902136007],[-180.00001522531988,-89.99889902136007],[-180.00001522531988,-89.99889902136007],[-180.00001522531988,-89.99889902136007],[-180.00001522531988,-89.99889902136007],[-180.00001522531988,-89.99889902136007],[-180.00001522531988,-89.99889902136007],[-180.00001522531988,-89.99889902136007],[-180.00001522531988,-89.99889902136007],[-180.00001522531988,-89.99889902136007],[-180.00001522531988,-89.99889902136007],[-180.00001522531988,-89.99889902136007],[-180.00001522531988,-89.99889902136007],[-180.00001522531988,-89.99889902136007],[-180.00001522531988,-89.99889902136007],[-180.00001522531988,-89.99889902136007],[-180.00001522531988,-89.99889902136007],[-180.00001522531988,-89.99889902136007],[-180.00001522531988,-89.99889902136007],[-180.00001522531988,-89.99889902136007],[-180.00001522531988,-89.99889902136007],[-180.00001522531988,-89.99889902136007],[-180.00001522531988,-89.99889902136007],[-180.00001522531988,-89.99889902136007],[-180.00001522531988,-89.99889902136007],[-180.00001522531988,-89.99889902136007],[-180.00001522531988,-89.99889902136007],[-180.00001522531988,-89.99889902136007],[-180.00001522531988,-89.99889902136007],[-180.00001522531988,-89.99889902136007],[-180.00001522531988,-89.99889902136007],[-180.00001522531988,-89.99889902136007],[-180.00001522531988,-89.99889902136007],[-180.00001522531988,-89.99889902136007],[-180.00001522531988,-89.99889902136007],[-180.00001522531988,-89.99889902136007],[-180.00001522531988,-89.99889902136007],[-180.00001522531988,-89.99889902136007],[-180.00001522531988,-89.99889902136007],[-180.00001522531988,-89.99889902136007],[-180.00001522531988,-89.99889902136007],[-180.00001522531988,-89.99889902136007],[-180.00001522531988,-89.99889902136007],[-180.00001522531988,-89.99889902136007],[-180.00001522531988,-89.99889902136007],[-180.00001522531988,-89.99889902136007],[-180.00001522531988,-89.99889902136007],[-180.00001522531988,-89.99889902136007],[-180.00001522531988,-89.99889902136007],[-180.00001522531988,-89.99889902136007],[-180.00001522531988,-89.99889902136007],[-180.00001522531988,-89.99889902136007],[-180.00001522531988,-89.99889902136007],[-180.00001522531988,-89.99889902136007],[-180.00001522531988,-89.99889902136007],[-180.00001522531988,-89.99889902136007],[-180.00001522531988,-89.99889902136007],[-180.00001522531988,-89.99889902136007],[-180.00001522531988,-89.99889902136007],[-180.00001522531988,-89.99889902136007],[-180.00001522531988,-89.99889902136007],[-180.00001522531988,-89.99889902136007],[-180.00001522531988,-89.99889902136007],[-180.00001522531988,-89.99889902136007],[-180.00001522531988,-89.99889902136007],[-180.00001522531988,-89.99889902136007],[-180.00001522531988,-89.99889902136007],[-180.00001522531988,-89.99889902136007],[-180.00001522531988,-89.99889902136007],[-180.00001522531988,-89.99889902136007],[-180.00001522531988,-89.99889902136007],[-180.00001522531988,-89.99889902136007],[-180.00001522531988,-89.99889902136007],[-180.00001522531988,-89.99889902136007],[-180.00001522531988,-89.99889902136007],[-180.00001522531988,-89.99889902136007],[-180.00001522531988,-89.99889902136007],[-180.00001522531988,-89.99889902136007],[-180.00001522531988,-89.99889902136007],[-180.00001522531988,-89.99889902136007],[-180.00001522531988,-89.99889902136007],[-180.00001522531988,-89.99889902136007],[-180.00001522531988,-89.99889902136007],[-180.00001522531988,-89.99889902136007],[-180.00001522531988,-89.99889902136007],[-180.00001522531988,-89.99889902136007],[-180.00001522531988,-89.99889902136007],[-180.00001522531988,-89.99889902136007],[-180.00001522531988,-89.99889902136007],[-180.00001522531988,-89.99889902136007],[-180.00001522531988,-89.99889902136007],[-180.00001522531988,-89.99889902136007],[-180.00001522531988,-89.99889902136007],[-180.00001522531988,-89.99889902136007],[-180.00001522531988,-89.99889902136007],[-180.00001522531988,-89.99889902136007],[-180.00001522531988,-89.99889902136007],[-180.00001522531988,-89.99889902136007],[-180.00001522531988,-89.99889902136007],[-180.00001522531988,-89.99889902136007],[-180.00001522531988,-89.99889902136007],[-180.00001522531988,-89.99889902136007],[-180.00001522531988,-89.99889902136007],[-180.00001522531988,-89.99889902136007],[-180.00001522531988,-89.99889902136007],[-180.00001522531988,-89.99889902136007],[-180.00001522531988,-89.99889902136007],[-180.00001522531988,-89.99889902136007],[-180.00001522531988,-89.99889902136007],[-180.00001522531988,-89.99889902136007],[-180.00001522531988,-89.99889902136007],[-180.00001522531988,-89.99889902136007],[-180.00001522531988,-89.99889902136007],[-180.00001522531988,-89.99889902136007],[-180.00001522531988,-89.99889902136007],[-180.00001522531988,-89.99889902136007],[-180.00001522531988,-89.99889902136007],[-180.00001522531988,-89.99889902136007],[-180.00001522531988,-89.99889902136007],[-180.00001522531988,-89.99889902136007],[-180.00001522531988,-89.99889902136007],[-180.00001522531988,-89.99889902136007],[-180.00001522531988,-89.99889902136007],[-180.00001522531988,-89.99889902136007],[-180.00001522531988,-89.99889902136007],[-180.00001522531988,-89.99889902136007],[-180.00001522531988,-89.99889902136007],[-180.00001522531988,-89.99889902136007],[-180.00001522531988,-89.99889902136007],[-180.00001522531988,-89.99889902136007],[-180.00001522531988,-89.99889902136007],[-180.00001522531988,-89.99889902136007],[-180.00001522531988,-89.99889902136007],[-180.00001522531988,-89.99889902136007],[-180.00001522531988,-89.99889902136007],[-180.00001522531988,-89.99889902136007],[-180.00001522531988,-89.99889902136007],[-180.00001522531988,-89.99889902136007],[-180.00001522531988,-89.99889902136007],[-180.00001522531988,-89.99889902136007],[-180.00001522531988,-89.99889902136007],[-180.00001522531988,-89.99889902136007],[-180.00001522531988,-89.99889902136007],[-180.00001522531988,-89.99889902136007],[-180.00001522531988,-89.99889902136007],[-180.00001522531988,-89.99889902136007],[-180.00001522531988,-89.99889902136007],[-180.00001522531988,-89.99889902136007],[-180.00001522531988,-89.99889902136007],[-180.00001522531988,-89.99889902136007],[-180.00001522531988,-89.99889902136007],[-180.00001522531988,-89.99889902136007],[-180.00001522531988,-89.99889902136007],[-180.00001522531988,-89.99889902136007],[-180.00001522531988,-89.99889902136007],[-180.00001522531988,-89.99889902136007],[-180.00001522531988,-89.99889902136007],[-180.00001522531988,-89.99889902136007],[-180.00001522531988,-89.99889902136007],[-180.00001522531988,-89.99889902136007],[-180.00001522531988,-89.99889902136007],[-180.00001522531988,-89.99889902136007],[-180.00001522531988,-89.99889902136007],[-180.00001522531988,-89.99889902136007],[-180.00001522531988,-89.99889902136007],[-180.00001522531988,-89.99889902136007],[-180.00001522531988,-89.99889902136007],[-180.00001522531988,-89.99889902136007],[-180.00001522531988,-89.99889902136007],[-180.00001522531988,-89.99889902136007],[-180.00001522531988,-89.99889902136007],[-180.00001522531988,-89.99889902136007],[-180.00001522531988,-89.99889902136007],[-180.00001522531988,-89.99889902136007],[-180.00001522531988,-89.99889902136007],[-180.00001522531988,-89.99889902136007],[-180.00001522531988,-89.99889902136007],[-180.00001522531988,-89.99889902136007],[-180.00001522531988,-89.99889902136007],[-180.00001522531988,-89.99889902136007],[-180.00001522531988,-89.99889902136007],[-180.00001522531988,-89.99889902136007],[-180.00001522531988,-89.99889902136007],[-180.00001522531988,-89.99889902136007],[-180.00001522531988,-89.99889902136007],[-180.00001522531988,-89.99889902136007],[-180.00001522531988,-89.99889902136007],[-180.00001522531988,-89.99889902136007],[-180.00001522531988,-89.99889902136007],[-180.00001522531988,-89.99889902136007],[-180.00001522531988,-89.99889902136007],[-180.00001522531988,-89.99889902136007],[-180.00001522531988,-89.99889902136007],[-180.00001522531988,-89.99889902136007],[-180.00001522531988,-89.99889902136007],[-180.00001522531988,-89.99889902136007],[-180.00001522531988,-89.99889902136007],[-180.00001522531988,-89.99889902136007],[-180.00001522531988,-89.99889902136007],[-180.00001522531988,-89.99889902136007],[-180.00001522531988,-89.99889902136007],[-180.00001522531988,-89.99889902136007],[-180.00001522531988,-89.99889902136007],[-180.00001522531988,-89.99889902136007],[-180.00001522531988,-89.99889902136007],[-180.00001522531988,-89.99889902136007],[-180.00001522531988,-89.99889902136007],[-180.00001522531988,-89.99889902136007],[-180.00001522531988,-89.99889902136007],[-180.00001522531988,-89.99889902136007],[-180.00001522531988,-89.99889902136007],[-180.00001522531988,-89.99889902136007],[-180.00001522531988,-89.99889902136007],[-180.00001522531988,-89.99889902136007],[-180.00001522531988,-89.99889902136007],[-180.00001522531988,-89.99889902136007],[-180.00001522531988,-89.99889902136007],[-180.00001522531988,-89.99889902136007],[-180.00001522531988,-89.99889902136007],[-180.00001522531988,-89.99889902136007],[-180.00001522531988,-89.99889902136007],[-180.00001522531988,-89.99889902136007],[-180.00001522531988,-89.99889902136007],[-180.00001522531988,-89.99889902136007],[-180.00001522531988,-89.99889902136007],[-180.00001522531988,-89.99889902136007],[-180.00001522531988,-89.99889902136007],[-180.00001522531988,-89.99889902136007],[-180.00001522531988,-89.99889902136007],[-180.00001522531988,-89.99889902136007],[-180.00001522531988,-89.99889902136007],[-180.00001522531988,-89.99889902136007],[-180.00001522531988,-89.99889902136007],[-180.00001522531988,-89.99889902136007],[-180.00001522531988,-89.99889902136007],[-180.00001522531988,-89.99889902136007],[-180.00001522531988,-89.99889902136007],[-180.00001522531988,-89.99889902136007],[-180.00001522531988,-89.99889902136007],[-180.00001522531988,-89.99889902136007],[-180.00001522531988,-89.99889902136007],[-180.00001522531988,-89.99889902136007],[-180.00001522531988,-89.99889902136007],[-180.00001522531988,-89.99889902136007],[-180.00001522531988,-89.99889902136007],[-180.00001522531988,-89.99889902136007],[-180.00001522531988,-89.99889902136007],[-180.00001522531988,-89.99889902136007],[-180.00001522531988,-89.99889902136007],[-180.00001522531988,-89.99889902136007],[-180.00001522531988,-89.99889902136007],[-180.00001522531988,-89.99889902136007],[-180.00001522531988,-89.99889902136007],[-180.00001522531988,-89.99889902136007],[-180.00001522531988,-89.99889902136007],[-180.00001522531988,-89.99889902136007],[-180.00001522531988,-89.99889902136007],[-180.00001522531988,-89.99889902136007],[-180.00001522531988,-89.99889902136007],[-180.00001522531988,-89.99889902136007],[-180.00001522531988,-89.99889902136007],[-180.00001522531988,-89.99889902136007],[-180.00001522531988,-89.99889902136007],[-180.00001522531988,-89.99889902136007],[-180.00001522531988,-89.99889902136007],[-180.00001522531988,-89.99889902136007],[-180.00001522531988,-89.99889902136007],[-180.00001522531988,-89.99889902136007],[-180.00001522531988,-89.99889902136007],[-180.00001522531988,-89.99889902136007],[-180.00001522531988,-89.99889902136007],[-180.00001522531988,-89.99889902136007],[-180.00001522531988,-89.99889902136007],[-180.00001522531988,-89.99889902136007],[-180.00001522531988,-89.99889902136007],[-180.00001522531988,-89.99889902136007],[-180.00001522531988,-89.99889902136007],[-180.00001522531988,-89.99889902136007],[-180.00001522531988,-89.99889902136007],[-180.00001522531988,-89.99889902136007],[-180.00001522531988,-89.99889902136007],[-180.00001522531988,-89.99889902136007],[-180.00001522531988,-89.99889902136007],[-180.00001522531988,-89.99889902136007],[-180.00001522531988,-89.99889902136007],[-180.00001522531988,-89.99889902136007],[-180.00001522531988,-89.99889902136007],[-180.00001522531988,-89.99889902136007],[-180.00001522531988,-89.99889902136007],[-180.00001522531988,-89.99889902136007],[-180.00001522531988,-89.99889902136007],[-180.00001522531988,-89.99889902136007],[-180.00001522531988,-89.99889902136007],[-180.00001522531988,-89.99889902136007],[-180.00001522531988,-89.99889902136007],[-180.00001522531988,-89.99889902136007],[-180.00001522531988,-89.99889902136007],[-180.00001522531988,-89.99889902136007],[-180.00001522531988,-89.99889902136007],[-180.00001522531988,-89.99889902136007],[-180.00001522531988,-89.99889902136007],[-180.00001522531988,-89.99889902136007],[-180.00001522531988,-89.99889902136007],[-180.00001522531988,-89.99889902136007],[-180.00001522531988,-89.99889902136007],[-180.00001522531988,-89.99889902136007],[-180.00001522531988,-89.99889902136007],[-180.00001522531988,-89.99889902136007],[-180.00001522531988,-89.99889902136007],[-180.00001522531988,-89.99889902136007],[-180.00001522531988,-89.99889902136007],[-180.00001522531988,-89.99889902136007],[-180.00001522531988,-89.99889902136007],[-180.00001522531988,-89.99889902136007],[-180.00001522531988,-89.99889902136007],[-180.00001522531988,-89.99889902136007],[-180.00001522531988,-89.99889902136007],[-180.00001522531988,-89.99889902136007],[-180.00001522531988,-89.99889902136007],[-180.00001522531988,-89.99889902136007],[-180.00001522531988,-89.99889902136007],[-180.00001522531988,-89.99889902136007],[-180.00001522531988,-89.99889902136007],[-180.00001522531988,-89.99889902136007],[-180.00001522531988,-89.99889902136007],[-180.00001522531988,-89.99889902136007],[-180.00001522531988,-89.99889902136007],[-180.00001522531988,-89.99889902136007],[-180.00001522531988,-89.99889902136007],[-180.00001522531988,-89.99889902136007],[-180.00001522531988,-89.99889902136007],[-180.00001522531988,-89.99889902136007],[-180.00001522531988,-89.99889902136007],[-180.00001522531988,-89.99889902136007],[-180.00001522531988,-89.99889902136007],[-180.00001522531988,-89.99889902136007],[-180.00001522531988,-89.99889902136007],[-180.00001522531988,-89.99889902136007],[-180.00001522531988,-89.99889902136007],[-180.00001522531988,-89.99889902136007],[-180.00001522531988,-89.99889902136007],[-180.00001522531988,-89.99889902136007],[-180.00001522531988,-89.99889902136007],[-180.00001522531988,-89.99889902136007],[-180.00001522531988,-89.99889902136007],[-180.00001522531988,-89.99889902136007],[-180.00001522531988,-89.99889902136007],[-180.00001522531988,-89.99889902136007],[-180.00001522531988,-89.99889902136007],[-180.00001522531988,-89.99889902136007],[-180.00001522531988,-89.99889902136007],[-180.00001522531988,-89.99889902136007],[-180.00001522531988,-89.99889902136007],[-180.00001522531988,-89.99889902136007],[-180.00001522531988,-89.99889902136007],[-180.00001522531988,-89.99889902136007],[-180.00001522531988,-89.99889902136007],[-180.00001522531988,-89.99889902136007],[-180.00001522531988,-89.99889902136007],[-180.00001522531988,-89.99889902136007],[-180.00001522531988,-89.99889902136007],[-180.00001522531988,-89.99889902136007],[-180.00001522531988,-89.99889902136007],[-180.00001522531988,-89.99889902136007],[-180.00001522531988,-89.99889902136007],[-180.00001522531988,-89.99889902136007],[-180.00001522531988,-89.99889902136007],[-180.00001522531988,-89.99889902136007],[-180.00001522531988,-89.99889902136007],[-180.00001522531988,-89.99889902136007],[-180.00001522531988,-89.99889902136007],[-180.00001522531988,-89.99889902136007],[-180.00001522531988,-89.99889902136007],[-180.00001522531988,-89.99889902136007],[-180.00001522531988,-89.99889902136007],[-180.00001522531988,-89.99889902136007],[-180.00001522531988,-89.99889902136007],[-180.00001522531988,-89.99889902136007],[-180.00001522531988,-89.99889902136007],[-180.00001522531988,-89.99889902136007],[-180.00001522531988,-89.99889902136007],[-180.00001522531988,-89.99889902136007],[-180.00001522531988,-89.99889902136007],[-180.00001522531988,-89.99889902136007],[-180.00001522531988,-89.99889902136007],[-180.00001522531988,-89.99889902136007],[-180.00001522531988,-89.99889902136007],[-180.00001522531988,-89.99889902136007],[-180.00001522531988,-89.99889902136007],[-180.00001522531988,-89.99889902136007],[-180.00001522531988,-89.99889902136007],[-180.00001522531988,-89.99889902136007],[-180.00001522531988,-89.99889902136007],[-180.00001522531988,-89.99889902136007],[-180.00001522531988,-89.99889902136007],[-180.00001522531988,-89.99889902136007],[-180.00001522531988,-89.99889902136007],[-180.00001522531988,-89.99889902136007],[-180.00001522531988,-89.99889902136007],[-180.00001522531988,-89.99889902136007],[-180.00001522531988,-89.99889902136007],[-180.00001522531988,-89.99889902136007],[-180.00001522531988,-89.99889902136007],[-180.00001522531988,-89.99889902136007],[-180.00001522531988,-89.99889902136007],[-180.00001522531988,-89.99889902136007],[-180.00001522531988,-89.99889902136007],[-180.00001522531988,-89.99889902136007],[-180.00001522531988,-89.99889902136007],[-180.00001522531988,-89.99889902136007],[-180.00001522531988,-89.99889902136007],[-180.00001522531988,-89.99889902136007],[-180.00001522531988,-89.99889902136007],[-180.00001522531988,-89.99889902136007],[-180.00001522531988,-89.99889902136007],[-180.00001522531988,-89.99889902136007],[-180.00001522531988,-89.99889902136007],[-180.00001522531988,-89.99889902136007],[-180.00001522531988,-89.99889902136007],[-180.00001522531988,-89.99889902136007],[-180.00001522531988,-89.99889902136007],[-180.00001522531988,-89.99889902136007],[-180.00001522531988,-89.99889902136007],[-180.00001522531988,-89.99889902136007],[-180.00001522531988,-89.99889902136007],[-180.00001522531988,-89.99889902136007],[-180.00001522531988,-89.99889902136007],[-180.00001522531988,-89.99889902136007],[-180.00001522531988,-89.99889902136007],[-180.00001522531988,-89.99889902136007],[-180.00001522531988,-89.99889902136007],[-180.00001522531988,-89.99889902136007],[-180.00001522531988,-89.99889902136007],[-180.00001522531988,-89.99889902136007],[-180.00001522531988,-89.99889902136007],[-180.00001522531988,-89.99889902136007],[-180.00001522531988,-89.99889902136007],[-180.00001522531988,-89.99889902136007],[-180.00001522531988,-89.99889902136007],[-180.00001522531988,-89.99889902136007],[-180.00001522531988,-89.99889902136007],[-180.00001522531988,-89.99889902136007],[-180.00001522531988,-89.99889902136007],[-180.00001522531988,-89.99889902136007],[-180.00001522531988,-89.99889902136007],[-180.00001522531988,-89.99889902136007],[-180.00001522531988,-89.99889902136007],[-180.00001522531988,-89.99889902136007],[-180.00001522531988,-89.99889902136007],[-180.00001522531988,-89.99889902136007],[-180.00001522531988,-89.99889902136007],[-180.00001522531988,-89.99889902136007],[-180.00001522531988,-89.99889902136007],[-180.00001522531988,-89.99889902136007],[-180.00001522531988,-89.99889902136007],[-180.00001522531988,-89.99889902136007],[-180.00001522531988,-89.99889902136007],[-180.00001522531988,-89.99889902136007],[-180.00001522531988,-89.99889902136007],[-180.00001522531988,-89.99889902136007],[-180.00001522531988,-89.99889902136007],[-180.00001522531988,-89.99889902136007],[-180.00001522531988,-89.99889902136007],[-180.00001522531988,-89.99889902136007],[-180.00001522531988,-89.99889902136007],[-180.00001522531988,-89.99889902136007],[-180.00001522531988,-89.99889902136007],[-180.00001522531988,-89.99889902136007],[-180.00001522531988,-89.99889902136007],[-180.00001522531988,-89.99889902136007],[-180.00001522531988,-89.99889902136007],[-180.00001522531988,-89.99889902136007],[-180.00001522531988,-89.99889902136007],[-180.00001522531988,-89.99889902136007],[-180.00001522531988,-89.99889902136007],[-180.00001522531988,-89.99889902136007],[-180.00001522531988,-89.99889902136007],[-180.00001522531988,-89.99889902136007],[-180.00001522531988,-89.99889902136007],[-180.00001522531988,-89.99889902136007],[-180.00001522531988,-89.99889902136007],[-180.00001522531988,-89.99889902136007],[-180.00001522531988,-89.99889902136007],[-180.00001522531988,-89.99889902136007],[-180.00001522531988,-89.99889902136007],[-180.00001522531988,-89.99889902136007],[-180.00001522531988,-89.99889902136007],[-180.00001522531988,-89.99889902136007],[-180.00001522531988,-89.99889902136007],[-180.00001522531988,-89.99889902136007],[-180.00001522531988,-89.99889902136007],[-180.00001522531988,-89.99889902136007],[-180.00001522531988,-89.99889902136007],[-180.00001522531988,-89.99889902136007],[-180.00001522531988,-89.99889902136007],[-180.00001522531988,-89.99889902136007],[-180.00001522531988,-89.99889902136007],[-180.00001522531988,-89.99889902136007],[-180.00001522531988,-89.99889902136007],[-180.00001522531988,-89.99889902136007],[-180.00001522531988,-89.99889902136007],[-180.00001522531988,-89.99889902136007],[-180.00001522531988,-89.99889902136007],[-180.00001522531988,-89.99889902136007],[-180.00001522531988,-89.99889902136007],[-180.00001522531988,-89.99889902136007],[-180.00001522531988,-89.99889902136007],[-180.00001522531988,-89.99889902136007],[-180.00001522531988,-89.99889902136007],[-180.00001522531988,-89.99889902136007],[-180.00001522531988,-89.99889902136007],[-180.00001522531988,-89.99889902136007],[-180.00001522531988,-89.99889902136007],[-180.00001522531988,-89.99889902136007],[-180.00001522531988,-89.99889902136007],[-180.00001522531988,-89.99889902136007],[-180.00001522531988,-89.99889902136007],[-180.00001522531988,-89.99889902136007],[-180.00001522531988,-89.99889902136007],[-180.00001522531988,-89.99889902136007],[-180.00001522531988,-89.99889902136007],[-180.00001522531988,-89.99889902136007],[-180.00001522531988,-89.99889902136007],[-180.00001522531988,-89.99889902136007],[-180.00001522531988,-89.99889902136007],[-180.00001522531988,-89.99889902136007],[-180.00001522531988,-89.99889902136007],[-180.00001522531988,-89.99889902136007],[-180.00001522531988,-89.99889902136007],[-180.00001522531988,-89.99889902136007],[-180.00001522531988,-89.99889902136007],[-180.00001522531988,-89.99889902136007],[-180.00001522531988,-89.99889902136007],[-180.00001522531988,-89.99889902136007],[-180.00001522531988,-89.99889902136007],[-180.00001522531988,-89.99889902136007],[-180.00001522531988,-89.99889902136007],[-180.00001522531988,-89.99889902136007],[-180.00001522531988,-89.99889902136007],[-180.00001522531988,-89.99889902136007],[-180.00001522531988,-89.99889902136007],[-180.00001522531988,-89.99889902136007],[-180.00001522531988,-89.99889902136007],[-180.00001522531988,-89.99889902136007],[-180.00001522531988,-89.99889902136007],[-180.00001522531988,-89.99889902136007],[-180.00001522531988,-89.99889902136007],[-180.00001522531988,-89.99889902136007],[-180.00001522531988,-89.99889902136007],[-180.00001522531988,-89.99889902136007],[-180.00001522531988,-89.99889902136007],[-180.00001522531988,-89.99889902136007],[-180.00001522531988,-89.99889902136007],[-180.00001522531988,-89.99889902136007],[-180.00001522531988,-89.99889902136007],[-180.00001522531988,-89.99889902136007],[-180.00001522531988,-89.99889902136007],[-180.00001522531988,-89.99889902136007],[-180.00001522531988,-89.99889902136007],[-180.00001522531988,-89.99889902136007],[-180.00001522531988,-89.99889902136007],[-180.00001522531988,-89.99889902136007],[-180.00001522531988,-89.99889902136007],[-180.00001522531988,-89.99889902136007],[-180.00001522531988,-89.99889902136007],[-180.00001522531988,-89.99889902136007],[-180.00001522531988,-89.99889902136007],[-180.00001522531988,-89.99889902136007],[-180.00001522531988,-89.99889902136007],[-180.00001522531988,-89.99889902136007],[-180.00001522531988,-89.99889902136007],[-180.00001522531988,-89.99889902136007],[-180.00001522531988,-89.99889902136007],[-180.00001522531988,-89.99889902136007],[-180.00001522531988,-89.99889902136007],[-180.00001522531988,-89.99889902136007],[-180.00001522531988,-89.99889902136007],[-180.00001522531988,-89.99889902136007],[-180.00001522531988,-89.99889902136007],[-180.00001522531988,-89.99889902136007],[-180.00001522531988,-89.99889902136007],[-180.00001522531988,-89.99889902136007],[-180.00001522531988,-89.99889902136007],[-180.00001522531988,-89.99889902136007],[-180.00001522531988,-89.99889902136007],[-180.00001522531988,-89.99889902136007],[-180.00001522531988,-89.99889902136007],[-180.00001522531988,-89.99889902136007],[-180.00001522531988,-89.99889902136007],[-180.00001522531988,-89.99889902136007],[-180.00001522531988,-89.99889902136007],[-180.00001522531988,-89.99889902136007],[-180.00001522531988,-89.99889902136007],[-180.00001522531988,-89.99889902136007],[-180.00001522531988,-89.99889902136007],[-180.00001522531988,-89.99889902136007],[-180.00001522531988,-89.99889902136007],[-180.00001522531988,-89.99889902136007],[-180.00001522531988,-89.99889902136007],[-180.00001522531988,-89.99889902136007],[-180.00001522531988,-89.99889902136007],[-180.00001522531988,-89.99889902136007],[-180.00001522531988,-89.99889902136007],[-180.00001522531988,-89.99889902136007],[-180.00001522531988,-89.99889902136007],[-180.00001522531988,-89.99889902136007],[-180.00001522531988,-89.99889902136007],[-180.00001522531988,-89.99889902136007],[-180.00001522531988,-89.99889902136007],[-180.00001522531988,-89.99889902136007],[-180.00001522531988,-89.99889902136007],[-180.00001522531988,-89.99889902136007],[-180.00001522531988,-89.99889902136007],[-180.00001522531988,-89.99889902136007],[-180.00001522531988,-89.99889902136007],[-180.00001522531988,-89.99889902136007],[-180.00001522531988,-89.99889902136007],[-180.00001522531988,-89.99889902136007],[-180.00001522531988,-89.99889902136007],[-180.00001522531988,-89.99889902136007],[-180.00001522531988,-89.99889902136007],[-180.00001522531988,-89.99889902136007],[-180.00001522531988,-89.99889902136007],[-180.00001522531988,-89.99889902136007],[-180.00001522531988,-89.99889902136007],[-180.00001522531988,-89.99889902136007],[-180.00001522531988,-89.99889902136007],[-180.00001522531988,-89.99889902136007],[-180.00001522531988,-89.99889902136007],[-180.00001522531988,-89.99889902136007],[-180.00001522531988,-89.99889902136007],[-180.00001522531988,-89.99889902136007],[-180.00001522531988,-89.99889902136007],[-180.00001522531988,-89.99889902136007],[-180.00001522531988,-89.99889902136007],[-180.00001522531988,-89.99889902136007],[-180.00001522531988,-89.99889902136007],[-180.00001522531988,-89.99889902136007],[-180.00001522531988,-89.99889902136007],[-180.00001522531988,-89.99889902136007],[-180.00001522531988,-89.99889902136007],[-180.00001522531988,-89.99889902136007],[-180.00001522531988,-89.99889902136007],[-180.00001522531988,-89.99889902136007],[-180.00001522531988,-89.99889902136007],[-180.00001522531988,-89.99889902136007],[-180.00001522531988,-89.99889902136007],[-180.00001522531988,-89.99889902136007],[-180.00001522531988,-89.99889902136007],[-180.00001522531988,-89.99889902136007],[-180.00001522531988,-89.99889902136007],[-180.00001522531988,-89.99889902136007],[-180.00001522531988,-89.99889902136007],[-180.00001522531988,-89.99889902136007],[-180.00001522531988,-89.99889902136007],[-180.00001522531988,-89.99889902136007],[-180.00001522531988,-89.99889902136007],[-180.00001522531988,-89.99889902136007],[-180.00001522531988,-89.99889902136007],[-180.00001522531988,-89.99889902136007],[-180.00001522531988,-89.99889902136007],[-180.00001522531988,-89.99889902136007],[-180.00001522531988,-89.99889902136007],[-180.00001522531988,-89.99889902136007],[-180.00001522531988,-89.99889902136007],[-180.00001522531988,-89.99889902136007],[-180.00001522531988,-89.99889902136007],[-180.00001522531988,-89.99889902136007],[-180.00001522531988,-89.99889902136007],[-180.00001522531988,-89.99889902136007],[-180.00001522531988,-89.99889902136007],[-180.00001522531988,-89.99889902136007],[-180.00001522531988,-89.99889902136007],[-180.00001522531988,-89.99889902136007],[-180.00001522531988,-89.99889902136007],[-180.00001522531988,-89.99889902136007],[-180.00001522531988,-89.99889902136007],[-180.00001522531988,-89.99889902136007],[-180.00001522531988,-89.99889902136007],[-180.00001522531988,-89.99889902136007],[-180.00001522531988,-89.99889902136007],[-180.00001522531988,-89.99889902136007],[-180.00001522531988,-89.99889902136007],[-180.00001522531988,-89.99889902136007],[-180.00001522531988,-89.99889902136007],[-180.00001522531988,-89.99889902136007],[-180.00001522531988,-89.99889902136007],[-180.00001522531988,-89.99889902136007],[-180.00001522531988,-89.99889902136007],[-180.00001522531988,-89.99889902136007],[-180.00001522531988,-89.99889902136007],[-180.00001522531988,-89.99889902136007],[-180.00001522531988,-89.99889902136007],[-180.00001522531988,-89.99889902136007],[-180.00001522531988,-89.99889902136007],[-180.00001522531988,-89.99889902136007],[-180.00001522531988,-89.99889902136007],[-180.00001522531988,-89.99889902136007],[-180.00001522531988,-89.99889902136007],[-180.00001522531988,-89.99889902136007],[-180.00001522531988,-89.99889902136007],[-180.00001522531988,-89.99889902136007],[-180.00001522531988,-89.99889902136007],[-180.00001522531988,-89.99889902136007],[-180.00001522531988,-89.99889902136007],[-180.00001522531988,-89.99889902136007],[-180.00001522531988,-89.99889902136007],[-180.00001522531988,-89.99889902136007],[-180.00001522531988,-89.99889902136007],[-180.00001522531988,-89.99889902136007],[-180.00001522531988,-89.99889902136007],[-180.00001522531988,-89.99889902136007],[-180.00001522531988,-89.99889902136007],[-180.00001522531988,-89.99889902136007],[-180.00001522531988,-89.99889902136007],[-180.00001522531988,-89.99889902136007],[-180.00001522531988,-89.99889902136007],[-180.00001522531988,-89.99889902136007],[-180.00001522531988,-89.99889902136007],[-180.00001522531988,-89.99889902136007],[-180.00001522531988,-89.99889902136007],[-180.00001522531988,-89.99889902136007],[-180.00001522531988,-89.99889902136007],[-180.00001522531988,-89.99889902136007],[-180.00001522531988,-89.99889902136007],[-180.00001522531988,-89.99889902136007],[-180.00001522531988,-89.99889902136007],[-180.00001522531988,-89.99889902136007],[-180.00001522531988,-89.99889902136007],[-180.00001522531988,-89.99889902136007],[-180.00001522531988,-89.99889902136007],[-180.00001522531988,-89.99889902136007],[-180.00001522531988,-89.99889902136007],[-180.00001522531988,-89.99889902136007],[-180.00001522531988,-89.99889902136007],[-180.00001522531988,-89.99889902136007],[-180.00001522531988,-89.99889902136007],[-180.00001522531988,-89.99889902136007],[-180.00001522531988,-89.99889902136007],[-180.00001522531988,-89.99889902136007],[-180.00001522531988,-89.99889902136007],[-180.00001522531988,-89.99889902136007],[-180.00001522531988,-89.99889902136007],[-180.00001522531988,-89.99889902136007],[-180.00001522531988,-89.99889902136007],[-180.00001522531988,-89.99889902136007],[-180.00001522531988,-89.99889902136007],[-180.00001522531988,-89.99889902136007],[-180.00001522531988,-89.99889902136007],[-180.00001522531988,-89.99889902136007],[-180.00001522531988,-89.99889902136007],[-180.00001522531988,-89.99889902136007],[-180.00001522531988,-89.99889902136007],[-180.00001522531988,-89.99889902136007],[-180.00001522531988,-89.99889902136007],[-180.00001522531988,-89.99889902136007],[-180.00001522531988,-89.99889902136007],[-180.00001522531988,-89.99889902136007],[-180.00001522531988,-89.99889902136007],[-180.00001522531988,-89.99889902136007],[-180.00001522531988,-89.99889902136007],[-180.00001522531988,-89.99889902136007],[-180.00001522531988,-89.99889902136007],[-180.00001522531988,-89.99889902136007],[-180.00001522531988,-89.99889902136007],[-180.00001522531988,-89.99889902136007],[-180.00001522531988,-89.99889902136007],[-180.00001522531988,-89.99889902136007],[-180.00001522531988,-89.99889902136007],[-180.00001522531988,-89.99889902136007],[-180.00001522531988,-89.99889902136007],[-180.00001522531988,-89.99889902136007],[-180.00001522531988,-89.99889902136007],[-180.00001522531988,-89.99889902136007],[-180.00001522531988,-89.99889902136007],[-180.00001522531988,-89.99889902136007],[-180.00001522531988,-89.99889902136007],[-180.00001522531988,-89.99889902136007],[-180.00001522531988,-89.99889902136007],[-180.00001522531988,-89.99889902136007],[-180.00001522531988,-89.99889902136007],[-180.00001522531988,-89.99889902136007],[-180.00001522531988,-89.99889902136007],[-180.00001522531988,-89.99889902136007],[-180.00001522531988,-89.99889902136007],[-180.00001522531988,-89.99889902136007],[-180.00001522531988,-89.99889902136007],[-180.00001522531988,-89.99889902136007],[-180.00001522531988,-89.99889902136007],[-180.00001522531988,-89.99889902136007],[-180.00001522531988,-89.99889902136007],[-180.00001522531988,-89.99889902136007],[-180.00001522531988,-89.99889902136007],[-180.00001522531988,-89.99889902136007],[-180.00001522531988,-89.99889902136007],[-180.00001522531988,-89.99889902136007],[-180.00001522531988,-89.99889902136007],[-180.00001522531988,-89.99889902136007],[-180.00001522531988,-89.99889902136007],[-180.00001522531988,-89.99889902136007],[-180.00001522531988,-89.99889902136007],[-180.00001522531988,-89.99889902136007],[-180.00001522531988,-89.99889902136007],[-180.00001522531988,-89.99889902136007],[-180.00001522531988,-89.99889902136007],[-180.00001522531988,-89.99889902136007],[-180.00001522531988,-89.99889902136007],[-180.00001522531988,-89.99889902136007],[-180.00001522531988,-89.99889902136007],[-180.00001522531988,-89.99889902136007],[-180.00001522531988,-89.99889902136007],[-180.00001522531988,-89.99889902136007],[-180.00001522531988,-89.99889902136007],[-180.00001522531988,-89.99889902136007],[-180.00001522531988,-89.99889902136007],[-180.00001522531988,-89.99889902136007],[-180.00001522531988,-89.99889902136007],[-180.00001522531988,-89.99889902136007],[-180.00001522531988,-89.99889902136007],[-180.00001522531988,-89.99889902136007],[-180.00001522531988,-89.99889902136007],[-180.00001522531988,-89.99889902136007],[-180.00001522531988,-89.99889902136007],[-180.00001522531988,-89.99889902136007],[-180.00001522531988,-89.99889902136007],[-180.00001522531988,-89.99889902136007],[-180.00001522531988,-89.99889902136007],[-180.00001522531988,-89.99889902136007],[-180.00001522531988,-89.99889902136007],[-180.00001522531988,-89.99889902136007],[-180.00001522531988,-89.99889902136007],[-180.00001522531988,-89.99889902136007],[-180.00001522531988,-89.99889902136007],[-180.00001522531988,-89.99889902136007],[-180.00001522531988,-89.99889902136007],[-180.00001522531988,-89.99889902136007],[-180.00001522531988,-89.99889902136007],[-180.00001522531988,-89.99889902136007],[-180.00001522531988,-89.99889902136007],[-180.00001522531988,-89.99889902136007],[-180.00001522531988,-89.99889902136007],[-180.00001522531988,-89.99889902136007],[-180.00001522531988,-89.99889902136007],[-180.00001522531988,-89.99889902136007],[-180.00001522531988,-89.99889902136007],[-180.00001522531988,-89.99889902136007],[-180.00001522531988,-89.99889902136007],[-180.00001522531988,-89.99889902136007],[-180.00001522531988,-89.99889902136007],[-180.00001522531988,-89.99889902136007],[-180.00001522531988,-89.99889902136007],[-180.00001522531988,-89.99889902136007],[-180.00001522531988,-89.99889902136007],[-180.00001522531988,-89.99889902136007],[-180.00001522531988,-89.99889902136007],[-180.00001522531988,-89.99889902136007],[-180.00001522531988,-89.99889902136007],[-180.00001522531988,-89.99889902136007],[-180.00001522531988,-89.99889902136007],[-180.00001522531988,-89.99889902136007],[-180.00001522531988,-89.99889902136007],[-180.00001522531988,-89.99889902136007],[-180.00001522531988,-89.99889902136007],[-180.00001522531988,-89.99889902136007],[-180.00001522531988,-89.99889902136007],[-180.00001522531988,-89.99889902136007],[-180.00001522531988,-89.99889902136007],[-180.00001522531988,-89.99889902136007],[-180.00001522531988,-89.99889902136007],[-180.00001522531988,-89.99889902136007],[-180.00001522531988,-89.99889902136007],[-180.00001522531988,-89.99889902136007],[-180.00001522531988,-89.99889902136007],[-180.00001522531988,-89.99889902136007],[-180.00001522531988,-89.99889902136007],[-180.00001522531988,-89.99889902136007],[-180.00001522531988,-89.99889902136007],[-180.00001522531988,-89.99889902136007],[-180.00001522531988,-89.99889902136007],[-180.00001522531988,-89.99889902136007],[-180.00001522531988,-89.99889902136007],[-180.00001522531988,-89.99889902136007],[-180.00001522531988,-89.99889902136007],[-180.00001522531988,-89.99889902136007],[-180.00001522531988,-89.99889902136007],[-180.00001522531988,-89.99889902136007],[-180.00001522531988,-89.99889902136007],[-180.00001522531988,-89.99889902136007],[-180.00001522531988,-89.99889902136007],[-180.00001522531988,-89.99889902136007],[-180.00001522531988,-89.99889902136007],[-180.00001522531988,-89.99889902136007],[-180.00001522531988,-89.99889902136007],[-180.00001522531988,-89.99889902136007],[-180.00001522531988,-89.99889902136007],[-180.00001522531988,-89.99889902136007],[-180.00001522531988,-89.99889902136007],[-180.00001522531988,-89.99889902136007],[-180.00001522531988,-89.99889902136007],[-180.00001522531988,-89.99889902136007],[-180.00001522531988,-89.99889902136007],[-180.00001522531988,-89.99889902136007],[-180.00001522531988,-89.99889902136007],[-180.00001522531988,-89.99889902136007],[-180.00001522531988,-89.99889902136007],[-180.00001522531988,-89.99889902136007],[-180.00001522531988,-89.99889902136007],[-180.00001522531988,-89.99889902136007],[-180.00001522531988,-89.99889902136007],[-180.00001522531988,-89.99889902136007],[-180.00001522531988,-89.99889902136007],[-180.00001522531988,-89.99889902136007],[-180.00001522531988,-89.99889902136007],[-180.00001522531988,-89.99889902136007],[-180.00001522531988,-89.99889902136007],[-180.00001522531988,-89.99889902136007],[-180.00001522531988,-89.99889902136007],[-180.00001522531988,-89.99889902136007],[-180.00001522531988,-89.99889902136007],[-180.00001522531988,-89.99889902136007],[-180.00001522531988,-89.99889902136007],[-180.00001522531988,-89.99889902136007],[-180.00001522531988,-89.99889902136007],[-180.00001522531988,-89.99889902136007],[-180.00001522531988,-89.99889902136007],[-180.00001522531988,-89.99889902136007],[-180.00001522531988,-89.99889902136007],[-180.00001522531988,-89.99889902136007],[-180.00001522531988,-89.99889902136007],[-180.00001522531988,-89.99889902136007],[-180.00001522531988,-89.99889902136007],[-180.00001522531988,-89.99889902136007],[-180.00001522531988,-89.99889902136007],[-180.00001522531988,-89.99889902136007],[-180.00001522531988,-89.99889902136007],[-180.00001522531988,-89.99889902136007],[-180.00001522531988,-89.99889902136007],[-180.00001522531988,-89.99889902136007],[-180.00001522531988,-89.99889902136007],[-180.00001522531988,-89.99889902136007],[-180.00001522531988,-89.99889902136007],[-180.00001522531988,-89.99889902136007],[-180.00001522531988,-89.99889902136007],[-180.00001522531988,-89.99889902136007],[-180.00001522531988,-89.99889902136007],[-180.00001522531988,-89.99889902136007],[-180.00001522531988,-89.99889902136007],[-180.00001522531988,-89.99889902136007],[-180.00001522531988,-89.99889902136007],[-180.00001522531988,-89.99889902136007],[-180.00001522531988,-89.99889902136007],[-180.00001522531988,-89.99889902136007],[-180.00001522531988,-89.99889902136007],[-180.00001522531988,-89.99889902136007],[-180.00001522531988,-89.99889902136007],[-180.00001522531988,-89.99889902136007],[-180.00001522531988,-89.99889902136007],[-180.00001522531988,-89.99889902136007],[-180.00001522531988,-89.99889902136007],[-180.00001522531988,-89.99889902136007],[-180.00001522531988,-89.99889902136007],[-180.00001522531988,-89.99889902136007],[-180.00001522531988,-89.99889902136007],[-180.00001522531988,-89.99889902136007],[-180.00001522531988,-89.99889902136007],[-180.00001522531988,-89.99889902136007],[-180.00001522531988,-89.99889902136007],[-180.00001522531988,-89.99889902136007],[-180.00001522531988,-89.99889902136007],[-180.00001522531988,-89.99889902136007],[-180.00001522531988,-89.99889902136007],[-180.00001522531988,-89.99889902136007],[-180.00001522531988,-89.99889902136007],[-180.00001522531988,-89.99889902136007],[-180.00001522531988,-89.99889902136007],[-180.00001522531988,-89.99889902136007],[-180.00001522531988,-89.99889902136007],[-180.00001522531988,-89.99889902136007],[-180.00001522531988,-89.99889902136007],[-180.00001522531988,-89.99889902136007],[-180.00001522531988,-89.99889902136007],[-180.00001522531988,-89.99889902136007],[-180.00001522531988,-89.99889902136007],[-180.00001522531988,-89.99889902136007],[-180.00001522531988,-89.99889902136007],[-180.00001522531988,-89.99889902136007],[-180.00001522531988,-89.99889902136007],[-180.00001522531988,-89.99889902136007],[-180.00001522531988,-89.99889902136007],[-180.00001522531988,-89.99889902136007],[-180.00001522531988,-89.99889902136007],[-180.00001522531988,-89.99889902136007],[-180.00001522531988,-89.99889902136007],[-180.00001522531988,-89.99889902136007],[-180.00001522531988,-89.99889902136007],[-180.00001522531988,-89.99889902136007],[-180.00001522531988,-89.99889902136007],[-180.00001522531988,-89.99889902136007],[-180.00001522531988,-89.99889902136007],[-180.00001522531988,-89.99889902136007],[-180.00001522531988,-89.99889902136007],[-180.00001522531988,-89.99889902136007],[-180.00001522531988,-89.99889902136007],[-180.00001522531988,-89.99889902136007],[-180.00001522531988,-89.99889902136007],[-180.00001522531988,-89.99889902136007],[-180.00001522531988,-89.99889902136007],[-180.00001522531988,-89.99889902136007],[-180.00001522531988,-89.99889902136007],[-180.00001522531988,-89.99889902136007],[-180.00001522531988,-89.99889902136007],[-180.00001522531988,-89.99889902136007],[-180.00001522531988,-89.99889902136007],[-180.00001522531988,-89.99889902136007],[-180.00001522531988,-89.99889902136007],[-180.00001522531988,-89.99889902136007],[-180.00001522531988,-89.99889902136007],[-180.00001522531988,-89.99889902136007],[-180.00001522531988,-89.99889902136007],[-180.00001522531988,-89.99889902136007],[-180.00001522531988,-89.99889902136007],[-180.00001522531988,-89.99889902136007],[-180.00001522531988,-89.99889902136007],[-180.00001522531988,-89.99889902136007],[-180.00001522531988,-89.99889902136007],[-180.00001522531988,-89.99889902136007],[-180.00001522531988,-89.99889902136007],[-180.00001522531988,-89.99889902136007],[-180.00001522531988,-89.99889902136007],[-180.00001522531988,-89.99889902136007],[-180.00001522531988,-89.99889902136007],[-180.00001522531988,-89.99889902136007],[-180.00001522531988,-89.99889902136007],[-180.00001522531988,-89.99889902136007],[-180.00001522531988,-89.99889902136007],[-180.00001522531988,-89.99889902136007],[-180.00001522531988,-89.99889902136007],[-180.00001522531988,-89.99889902136007],[-180.00001522531988,-89.99889902136007],[-180.00001522531988,-89.99889902136007],[-180.00001522531988,-89.99889902136007],[-180.00001522531988,-89.99889902136007],[-180.00001522531988,-89.99889902136007],[-180.00001522531988,-89.99889902136007],[-180.00001522531988,-89.99889902136007],[-180.00001522531988,-89.99889902136007],[-180.00001522531988,-89.99889902136007],[-180.00001522531988,-89.99889902136007],[-180.00001522531988,-89.99889902136007],[-180.00001522531988,-89.99889902136007],[-180.00001522531988,-89.99889902136007],[-180.00001522531988,-89.99889902136007],[-180.00001522531988,-89.99889902136007],[-180.00001522531988,-89.99889902136007],[-180.00001522531988,-89.99889902136007],[-180.00001522531988,-89.99889902136007],[-180.00001522531988,-89.99889902136007],[-180.00001522531988,-89.99889902136007],[-180.00001522531988,-89.99889902136007],[-180.00001522531988,-89.99889902136007],[-180.00001522531988,-89.99889902136007],[-180.00001522531988,-89.99889902136007],[-180.00001522531988,-89.99889902136007],[-180.00001522531988,-89.99889902136007],[-180.00001522531988,-89.99889902136007],[-180.00001522531988,-89.99889902136007],[-180.00001522531988,-89.99889902136007],[-180.00001522531988,-89.99889902136007],[-180.00001522531988,-89.99889902136007],[-180.00001522531988,-89.99889902136007],[-180.00001522531988,-89.99889902136007],[-180.00001522531988,-89.99889902136007],[-180.00001522531988,-89.99889902136007],[-180.00001522531988,-89.99889902136007],[-180.00001522531988,-89.99889902136007],[-180.00001522531988,-89.99889902136007],[-180.00001522531988,-89.99889902136007],[-180.00001522531988,-89.99889902136007],[-180.00001522531988,-89.99889902136007],[-180.00001522531988,-89.99889902136007],[-180.00001522531988,-89.99889902136007],[-180.00001522531988,-89.99889902136007],[-180.00001522531988,-89.99889902136007],[-180.00001522531988,-89.99889902136007],[-180.00001522531988,-89.99889902136007],[-180.00001522531988,-89.99889902136007],[-180.00001522531988,-89.99889902136007],[-180.00001522531988,-89.99889902136007],[-180.00001522531988,-89.99889902136007],[-180.00001522531988,-89.99889902136007],[-180.00001522531988,-89.99889902136007],[-180.00001522531988,-89.99889902136007],[-180.00001522531988,-89.99889902136007],[-180.00001522531988,-89.99889902136007],[-180.00001522531988,-89.99889902136007],[-180.00001522531988,-89.99889902136007],[-180.00001522531988,-89.99889902136007],[-180.00001522531988,-89.99889902136007],[-180.00001522531988,-89.99889902136007],[-180.00001522531988,-89.99889902136007],[-180.00001522531988,-89.99889902136007],[-180.00001522531988,-89.99889902136007],[-180.00001522531988,-89.99889902136007],[-180.00001522531988,-89.99889902136007],[-180.00001522531988,-89.99889902136007],[-180.00001522531988,-89.99889902136007],[-180.00001522531988,-89.99889902136007],[-180.00001522531988,-89.99889902136007],[-180.00001522531988,-89.99889902136007],[-180.00001522531988,-89.99889902136007],[-180.00001522531988,-89.99889902136007],[-180.00001522531988,-89.99889902136007],[-180.00001522531988,-89.99889902136007],[-180.00001522531988,-89.99889902136007],[-180.00001522531988,-89.99889902136007],[-180.00001522531988,-89.99889902136007],[-180.00001522531988,-89.99889902136007],[-180.00001522531988,-89.99889902136007],[-180.00001522531988,-89.99889902136007],[-180.00001522531988,-89.99889902136007],[-180.00001522531988,-89.99889902136007],[-180.00001522531988,-89.99889902136007],[-180.00001522531988,-89.99889902136007],[-180.00001522531988,-89.99889902136007],[-180.00001522531988,-89.99889902136007],[-180.00001522531988,-89.99889902136007],[-180.00001522531988,-89.99889902136007],[-180.00001522531988,-89.99889902136007],[-180.00001522531988,-89.99889902136007],[-180.00001522531988,-89.99889902136007],[-180.00001522531988,-89.99889902136007],[-180.00001522531988,-89.99889902136007],[-180.00001522531988,-89.99889902136007],[-180.00001522531988,-89.99889902136007],[-180.00001522531988,-89.99889902136007],[-180.00001522531988,-89.99889902136007],[-180.00001522531988,-89.99889902136007],[-180.00001522531988,-89.99889902136007],[-180.00001522531988,-89.99889902136007],[-180.00001522531988,-89.99889902136007],[-180.00001522531988,-89.99889902136007],[-180.00001522531988,-89.99889902136007],[-180.00001522531988,-89.99889902136007],[-180.00001522531988,-89.99889902136007],[-180.00001522531988,-89.99889902136007],[-180.00001522531988,-89.99889902136007],[-180.00001522531988,-89.99889902136007],[-180.00001522531988,-89.99889902136007],[-180.00001522531988,-89.99889902136007],[-180.00001522531988,-89.99889902136007],[-180.00001522531988,-89.99889902136007],[-180.00001522531988,-89.99889902136007],[-180.00001522531988,-89.99889902136007],[-180.00001522531988,-89.99889902136007],[-180.00001522531988,-89.99889902136007],[-180.00001522531988,-89.99889902136007],[-180.00001522531988,-89.99889902136007],[-180.00001522531988,-89.99889902136007],[-180.00001522531988,-89.99889902136007],[-180.00001522531988,-89.99889902136007],[-180.00001522531988,-89.99889902136007],[-180.00001522531988,-89.99889902136007],[-180.00001522531988,-89.99889902136007],[-180.00001522531988,-89.99889902136007],[-180.00001522531988,-89.99889902136007],[-180.00001522531988,-89.99889902136007],[-180.00001522531988,-89.99889902136007],[-180.00001522531988,-89.99889902136007],[-180.00001522531988,-89.99889902136007],[-180.00001522531988,-89.99889902136007],[-180.00001522531988,-89.99889902136007],[-180.00001522531988,-89.99889902136007],[-180.00001522531988,-89.99889902136007],[-180.00001522531988,-89.99889902136007],[-180.00001522531988,-89.99889902136007],[-180.00001522531988,-89.99889902136007],[-180.00001522531988,-89.99889902136007],[-180.00001522531988,-89.99889902136007],[-180.00001522531988,-89.99889902136007],[-180.00001522531988,-89.99889902136007],[-180.00001522531988,-89.99889902136007],[-180.00001522531988,-89.99889902136007],[-180.00001522531988,-89.99889902136007],[-180.00001522531988,-89.99889902136007],[-180.00001522531988,-89.99889902136007],[-180.00001522531988,-89.99889902136007],[-180.00001522531988,-89.99889902136007],[-180.00001522531988,-89.99889902136007],[-180.00001522531988,-89.99889902136007],[-180.00001522531988,-89.99889902136007],[-180.00001522531988,-89.99889902136007],[-180.00001522531988,-89.99889902136007],[-180.00001522531988,-89.99889902136007],[-180.00001522531988,-89.99889902136007],[-180.00001522531988,-89.99889902136007],[-180.00001522531988,-89.99889902136007],[-180.00001522531988,-89.99889902136007],[-180.00001522531988,-89.99889902136007],[-180.00001522531988,-89.99889902136007],[-180.00001522531988,-89.99889902136007],[-180.00001522531988,-89.99889902136007],[-180.00001522531988,-89.99889902136007],[-180.00001522531988,-89.99889902136007],[-180.00001522531988,-89.99889902136007],[-180.00001522531988,-89.99889902136007],[-180.00001522531988,-89.99889902136007],[-180.00001522531988,-89.99889902136007],[-180.00001522531988,-89.99889902136007],[-180.00001522531988,-89.99889902136007],[-180.00001522531988,-89.99889902136007],[-180.00001522531988,-89.99889902136007],[-180.00001522531988,-89.99889902136007],[-180.00001522531988,-89.99889902136007],[-180.00001522531988,-89.99889902136007],[-180.00001522531988,-89.99889902136007],[-180.00001522531988,-89.99889902136007],[-180.00001522531988,-89.99889902136007],[-180.00001522531988,-89.99889902136007],[-180.00001522531988,-89.99889902136007],[-180.00001522531988,-89.99889902136007],[-180.00001522531988,-89.99889902136007],[-180.00001522531988,-89.99889902136007],[-180.00001522531988,-89.99889902136007],[-180.00001522531988,-89.99889902136007],[-180.00001522531988,-89.99889902136007],[-180.00001522531988,-89.99889902136007],[-180.00001522531988,-89.99889902136007],[-180.00001522531988,-89.99889902136007],[-180.00001522531988,-89.99889902136007],[-180.00001522531988,-89.99889902136007],[-180.00001522531988,-89.99889902136007],[-180.00001522531988,-89.99889902136007],[-180.00001522531988,-89.99889902136007],[-180.00001522531988,-89.99889902136007],[-180.00001522531988,-89.99889902136007],[-180.00001522531988,-89.99889902136007],[-180.00001522531988,-89.99889902136007],[-180.00001522531988,-89.99889902136007],[-180.00001522531988,-89.99889902136007],[-180.00001522531988,-89.99889902136007],[-180.00001522531988,-89.99889902136007],[-180.00001522531988,-89.99889902136007],[-180.00001522531988,-89.99889902136007],[-180.00001522531988,-89.99889902136007],[-180.00001522531988,-89.99889902136007],[-180.00001522531988,-89.99889902136007],[-180.00001522531988,-89.99889902136007],[-180.00001522531988,-89.99889902136007],[-180.00001522531988,-89.99889902136007],[-180.00001522531988,-89.99889902136007],[-180.00001522531988,-89.99889902136007],[-180.00001522531988,-89.99889902136007],[-180.00001522531988,-89.99889902136007],[-180.00001522531988,-89.99889902136007],[-180.00001522531988,-89.99889902136007],[-180.00001522531988,-89.99889902136007],[-180.00001522531988,-89.99889902136007],[-180.00001522531988,-89.99889902136007],[-180.00001522531988,-89.99889902136007],[-180.00001522531988,-89.99889902136007],[-180.00001522531988,-89.99889902136007],[-180.00001522531988,-89.99889902136007],[-180.00001522531988,-89.99889902136007],[-180.00001522531988,-89.99889902136007],[-180.00001522531988,-89.99889902136007],[-180.00001522531988,-89.99889902136007],[-180.00001522531988,-89.99889902136007],[-180.00001522531988,-89.99889902136007],[-180.00001522531988,-89.99889902136007],[-180.00001522531988,-89.99889902136007],[-180.00001522531988,-89.99889902136007],[-180.00001522531988,-89.99889902136007],[-180.00001522531988,-89.99889902136007],[-180.00001522531988,-89.99889902136007],[-180.00001522531988,-89.99889902136007],[-180.00001522531988,-89.99889902136007],[-180.00001522531988,-89.99889902136007],[-180.00001522531988,-89.99889902136007],[-180.00001522531988,-89.99889902136007],[-180.00001522531988,-89.99889902136007],[-180.00001522531988,-89.99889902136007],[-180.00001522531988,-89.99889902136007],[-180.00001522531988,-89.99889902136007],[-180.00001522531988,-89.99889902136007],[-180.00001522531988,-89.99889902136007],[-180.00001522531988,-89.99889902136007],[-180.00001522531988,-89.99889902136007],[-180.00001522531988,-89.99889902136007],[-180.00001522531988,-89.99889902136007],[-180.00001522531988,-89.99889902136007],[-180.00001522531988,-89.99889902136007],[-180.00001522531988,-89.99889902136007],[-180.00001522531988,-89.99889902136007],[-180.00001522531988,-89.99889902136007],[-180.00001522531988,-89.99889902136007],[-180.00001522531988,-89.99889902136007],[-180.00001522531988,-89.99889902136007],[-180.00001522531988,-89.99889902136007],[-180.00001522531988,-89.99889902136007],[-180.00001522531988,-89.99889902136007],[-180.00001522531988,-89.99889902136007],[-180.00001522531988,-89.99889902136007],[-180.00001522531988,-89.99889902136007],[-180.00001522531988,-89.99889902136007],[-180.00001522531988,-89.99889902136007],[-180.00001522531988,-89.99889902136007],[-180.00001522531988,-89.99889902136007],[-180.00001522531988,-89.99889902136007],[-180.00001522531988,-89.99889902136007],[-180.00001522531988,-89.99889902136007],[-180.00001522531988,-89.99889902136007],[-180.00001522531988,-89.99889902136007],[-180.00001522531988,-89.99889902136007],[-180.00001522531988,-89.99889902136007],[-180.00001522531988,-89.99889902136007],[-180.00001522531988,-89.99889902136007],[-180.00001522531988,-89.99889902136007],[-180.00001522531988,-89.99889902136007],[-180.00001522531988,-89.99889902136007],[-180.00001522531988,-89.99889902136007],[-180.00001522531988,-89.99889902136007],[-180.00001522531988,-89.99889902136007],[-180.00001522531988,-89.99889902136007],[-180.00001522531988,-89.99889902136007],[-180.00001522531988,-89.99889902136007],[-180.00001522531988,-89.99889902136007],[-180.00001522531988,-89.99889902136007],[-180.00001522531988,-89.99889902136007],[-180.00001522531988,-89.99889902136007],[-180.00001522531988,-89.99889902136007],[-180.00001522531988,-89.99889902136007],[-180.00001522531988,-89.99889902136007],[-180.00001522531988,-89.99889902136007],[-180.00001522531988,-89.99889902136007],[-180.00001522531988,-89.99889902136007],[-180.00001522531988,-89.99889902136007],[-180.00001522531988,-89.99889902136007],[-180.00001522531988,-89.99889902136007],[-180.00001522531988,-89.99889902136007],[-180.00001522531988,-89.99889902136007],[-180.00001522531988,-89.99889902136007],[-180.00001522531988,-89.99889902136007],[-180.00001522531988,-89.99889902136007],[-180.00001522531988,-89.99889902136007],[-180.00001522531988,-89.99889902136007],[-180.00001522531988,-89.99889902136007],[-180.00001522531988,-89.99889902136007],[-180.00001522531988,-89.99889902136007],[-180.00001522531988,-89.99889902136007],[-180.00001522531988,-89.99889902136007],[-180.00001522531988,-89.99889902136007],[-180.00001522531988,-89.99889902136007],[-180.00001522531988,-89.99889902136007],[-180.00001522531988,-89.99889902136007],[-180.00001522531988,-89.99889902136007],[-180.00001522531988,-89.99889902136007],[-180.00001522531988,-89.99889902136007],[-180.00001522531988,-89.99889902136007],[-180.00001522531988,-89.99889902136007],[-180.00001522531988,-89.99889902136007],[-180.00001522531988,-89.99889902136007],[-180.00001522531988,-89.99889902136007],[-180.00001522531988,-89.99889902136007],[-180.00001522531988,-89.99889902136007],[-180.00001522531988,-89.99889902136007],[-180.00001522531988,-89.99889902136007],[-180.00001522531988,-89.99889902136007],[-180.00001522531988,-89.99889902136007],[-180.00001522531988,-89.99889902136007],[-180.00001522531988,-89.99889902136007],[-180.00001522531988,-89.99889902136007],[-180.00001522531988,-89.99889902136007],[-180.00001522531988,-89.99889902136007],[-180.00001522531988,-89.99889902136007],[-180.00001522531988,-89.99889902136007],[-180.00001522531988,-89.99889902136007],[-180.00001522531988,-89.99889902136007],[-180.00001522531988,-89.99889902136007],[-180.00001522531988,-89.99889902136007],[-180.00001522531988,-89.99889902136007],[-180.00001522531988,-89.99889902136007],[-180.00001522531988,-89.99889902136007],[-180.00001522531988,-89.99889902136007],[-180.00001522531988,-89.99889902136007],[-180.00001522531988,-89.99889902136007],[-180.00001522531988,-89.99889902136007],[-180.00001522531988,-89.99889902136007],[-180.00001522531988,-89.99889902136007],[-180.00001522531988,-89.99889902136007],[-180.00001522531988,-89.99889902136007],[-180.00001522531988,-89.99889902136007],[-180.00001522531988,-89.99889902136007],[-180.00001522531988,-89.99889902136007],[-180.00001522531988,-89.99889902136007],[-180.00001522531988,-89.99889902136007],[-180.00001522531988,-89.99889902136007],[-180.00001522531988,-89.99889902136007],[-180.00001522531988,-89.99889902136007],[-180.00001522531988,-89.99889902136007],[-180.00001522531988,-89.99889902136007],[-180.00001522531988,-89.99889902136007],[-180.00001522531988,-89.99889902136007],[-180.00001522531988,-89.99889902136007],[-180.00001522531988,-89.99889902136007],[-180.00001522531988,-89.99889902136007],[-180.00001522531988,-89.99889902136007],[-180.00001522531988,-89.99889902136007],[-180.00001522531988,-89.99889902136007],[-179.99998938710377,-89.29299895625309],[-179.99998938710377,-88.5870472147138],[-179.99998938710377,-87.88109547317453],[-179.99998938710377,-87.17519540806754],[-179.99998938710377,-86.46929534296055],[-179.99998938710377,-85.76339527785355],[-179.99998938710377,-85.05749521274656],[-179.99998938710377,-84.35154347120728],[-178.38951921294367,-84.33753915805619],[-178.06902197986946,-84.35231861769165],[-177.73041215727696,-84.39521005649391],[-176.9855480622219,-84.39934417107726],[-176.28900143135974,-84.41836109816067],[-176.1073587718538,-84.47530852654631],[-175.87460812081122,-84.51034514764021],[-175.38102067777538,-84.47975269972343],[-174.98670366117224,-84.46538665154628],[-174.663183356809,-84.4626994770671],[-171.70367407945338,-84.54238453566117],[-168.6677870351704,-84.68356454868257],[-168.04860002344918,-84.72862639764108],[-167.49219987696256,-84.83368458449046],[-166.91109839584044,-84.81926685988103],[-163.46373775943343,-84.90091562290218],[-162.93340837303808,-84.90122568149593],[-160.8208758209463,-84.9865951476421],[-157.1275095286138,-85.18565276483041],[-156.8103195872063,-85.19216399529918],[-156.45912655335073,-85.18606617628873],[-156.6427587554999,-85.07935434360603],[-156.9882932200195,-84.9822543273296],[-157.4538978749693,-84.91238779087098],[-157.14962704163474,-84.8913038064959],[-156.48966732483524,-84.88923674920423],[-156.62097713928887,-84.8396790506363],[-156.98632951559242,-84.81110198357891],[-158.30343258363155,-84.77802906691211],[-163.5685117259052,-84.52869028110382],[-163.68545549218172,-84.51308399855168],[-163.7589652171169,-84.49282683709326],[-163.89701880598466,-84.47045094191088],[-164.11413733625895,-84.4454395486816],[-164.91685319726477,-84.43138355909822],[-165.1353411529948,-84.4098861632648],[-165.2404510162765,-84.38120574334282],[-165.1848213369143,-84.36957854607715],[-165.12513505761717,-84.37464283644175],[-163.8991892161409,-84.3526286762854],[-163.76516638899193,-84.32420663852488],[-163.75759579166117,-84.30549977003523],[-163.8213903473255,-84.29056528110287],[-164.03212683821175,-84.27397714633719],[-164.52832394107833,-84.19098479607644],[-164.68505856021957,-84.15455291131066],[-164.60281551822706,-84.09667530714376],[-164.50253740136472,-84.0716122374822],[-164.12393002017828,-84.05352548618005],[-164.01132707421428,-84.0156466613101],[-164.08292477115467,-83.94614185987753],[-164.95085628971282,-83.8058920226374],[-165.53632442936362,-83.75659270623095],[-165.9217789378287,-83.79028574008524],[-166.6494606191467,-83.79204273878317],[-167.55286800847327,-83.81085296013741],[-167.80122494206796,-83.79080250440816],[-168.05273413803252,-83.73545704542356],[-168.3473414785285,-83.63680673617839],[-168.49728064682336,-83.61138193149077],[-168.7849891836084,-83.5293197570113],[-169.16767900294585,-83.44984140414638],[-171.18786577053203,-83.25646819451019],[-171.53942053941367,-83.20370655714018],[-174.06598466702792,-82.90010751742543],[-174.17199886787472,-82.84775929151377],[-174.23592261461977,-82.79344736117501],[-173.07113583076094,-82.91581715284215],[-172.8515368317366,-82.916850681488],[-172.59292212633193,-82.88419117627953],[-172.39205583401343,-82.89307952263374],[-172.12434607652537,-82.86243539828465],[-171.8212896393497,-82.84744923292001],[-171.0313120189038,-82.94299895622768],[-169.44078894760838,-83.09601287224392],[-169.01608618881764,-83.15027312615038],[-168.79015682683757,-83.18789356885887],[-168.60375993556076,-83.20153614698393],[-168.41767310287773,-83.22876962680175],[-168.19099443262942,-83.21331837354647],[-168.05474951889192,-83.22659921664548],[-167.7242787343854,-83.21740081169753],[-166.21690304264757,-83.20076100049955],[-165.61918758854364,-83.21554046013503],[-164.91561296288978,-83.29005787549991],[-164.64433753157357,-83.41247934359936],[-164.4455641347629,-83.46766977328707],[-164.05837846581602,-83.42472665805252],[-163.73341122134858,-83.37305022576066],[-163.11107194725756,-83.32912525831256],[-162.9120401682854,-83.34710865675014],[-162.57417965396112,-83.41067066846914],[-162.19725175682422,-83.51898447055291],[-160.59471391502092,-83.48952890414654],[-159.92351457419792,-83.49469654737572],[-159.44437069398768,-83.54316904086551],[-157.69928341370726,-83.38121510206277],[-157.42844723206554,-83.34638518669806],[-157.02779985250666,-83.23435068148927],[-157.35579016826318,-83.1984872374787],[-157.58921261292556,-83.18742848096825],[-157.67949134013946,-83.12944752393676],[-157.5218523834331,-83.10660654086375],[-157.01823971253265,-83.0751872700303],[-156.03700761617455,-83.0268181294051],[-155.4594201324483,-82.98072275180076],[-155.15026587626215,-82.8583529601336],[-153.8222849192256,-82.66932057080993],[-153.39864152729683,-82.58622486768459],[-153.0098538889489,-82.44964405713716],[-153.88259131571021,-82.17653411247463],[-154.71742407938544,-81.9407345519268],[-154.45144548237914,-81.8675607238015],[-154.1884641184458,-81.81056161898358],[-154.0613917714401,-81.76539641716047],[-153.95664364318446,-81.70023243604042],[-154.23207902730016,-81.62323455192553],[-154.4851643544496,-81.5662354471076],[-154.90780005594868,-81.51032154736781],[-156.49256120504356,-81.37699635205476],[-157.03250240784521,-81.31917042432015],[-156.81507381897717,-81.23095875439792],[-156.52821794332496,-81.16233245231432],[-155.92112321676007,-81.13339365023086],[-152.0347454498174,-81.02900725700128],[-148.12273617245802,-80.90074635205285],[-148.02341406959303,-80.83573740022968],[-148.54294308163938,-80.76008310335438],[-148.98418229876353,-80.74153126416158],[-149.1471697662121,-80.71869028108858],[-149.20742448626442,-80.67037281689568],[-149.2140390695978,-80.60422698356209],[-149.26442359108236,-80.59306487418704],[-149.42862545468978,-80.5862435851245],[-150.13276852109885,-80.51043425895233],[-150.28169999896403,-80.48051360465533],[-150.5161301340561,-80.4095101866863],[-150.5754030018949,-80.35375131624338],[-150.43546322324852,-80.21107268668551],[-150.22069597064348,-80.1500428201488],[-149.84534420469146,-80.1176416971018],[-149.57763444720342,-80.10596282340384],[-148.76608191627568,-80.1081332335601],[-148.4480134755192,-80.09051157014856],[-148.3171170725239,-80.07097787874224],[-148.33980302630002,-80.00276498811697],[-148.43026262102694,-79.97129404085122],[-148.43351823626134,-79.92953948355938],[-148.29642066139098,-79.9065434711895],[-148.1292990793591,-79.90768035269991],[-148.08294531959325,-79.85677906689241],[-148.17653133847384,-79.77590545035564],[-148.4174727040347,-79.73141204215234],[-149.05141333717526,-79.65689462678746],[-150.49060197650394,-79.54558359163076],[-151.04844906309472,-79.45969736116167],[-151.36827450254913,-79.3933448220989],[-151.63613928933404,-79.3176905252236],[-151.9035648264445,-79.28058684683803],[-152.0913828196093,-79.24162281688996],[-152.05340064187476,-79.19273691194185],[-152.13768490294285,-79.11594573355613],[-152.24351823627657,-79.1027165668894],[-152.70134558816645,-79.13485930777495],[-153.51757483621657,-79.11728932079572],[-154.5177205067935,-79.04659596142044],[-155.209900479127,-78.96484384553469],[-156.1145481028285,-78.74459889110672],[-156.46935848694451,-78.6353032368094],[-156.20790157776378,-78.55866708772056],[-155.91977962952043,-78.51040129995995],[-154.71641638895574,-78.398160089022],[-154.537641771442,-78.35888600048018],[-154.29300554097227,-78.25904713329228],[-154.69504818420305,-78.21698251740669],[-155.0366035634362,-78.22080657339629],[-155.34152035217437,-78.19197112417743],[-156.56924903056472,-78.18618336376073],[-157.26677751364042,-78.1997742654535],[-157.84803402405942,-78.0738904763905],[-158.28588843486847,-77.95074553823896],[-158.40694047751217,-77.88775196727516],[-158.50039730531202,-77.77835296011327],[-158.35141415101455,-77.61479705190949],[-158.22997453512863,-77.49764657990382],[-158.2464851552459,-77.35434783315846],[-158.213567267876,-77.15709889110038],[-158.0030891591512,-77.09115976349594],[-157.84203955791355,-77.07917083120422],[-157.46537004293808,-77.23120289500692],[-157.13929175517637,-77.2421066222205],[-156.66769263408074,-77.21296111440789],[-156.36822770894932,-77.134722995918],[-156.21120886943046,-77.10562916453767],[-155.9195729237913,-77.09808440542305],[-155.35883195699216,-77.13332773224612],[-155.10174170634008,-77.11947844839189],[-154.8149375071202,-77.12691985464193],[-153.90995398660877,-77.22696542755898],[-153.71257585346996,-77.27419768667376],[-153.6061224029487,-77.3101644835489],[-153.5730494862819,-77.36308115021578],[-153.46060156961477,-77.41599781688265],[-153.0769557362799,-77.4424561502161],[-151.99839107970007,-77.4125871723514],[-151.71900244851406,-77.4259196918827],[-150.95641333718288,-77.57350758250828],[-150.30554867246673,-77.73143075959226],[-150.08434770404136,-77.77101490672783],[-149.71770341693053,-77.79747324006127],[-149.58848649798472,-77.77427052196222],[-149.4740232004582,-77.71479094839427],[-149.12595659075632,-77.64265064891481],[-148.3399580555969,-77.5511833637582],[-148.15570573626022,-77.46229990021618],[-148.25983374732837,-77.4125871723514],[-148.55927283424361,-77.36137582795016],[-148.74440365292924,-77.3432374002157],[-148.84362240292964,-77.28370615021548],[-148.83902320045567,-77.20236744578806],[-148.77747656959605,-77.12495615021483],[-148.5724244862619,-77.10511240021475],[-148.19634925025778,-77.21130746857456],[-147.7302278309851,-77.30975107209056],[-147.5663877024037,-77.32530567821044],[-147.44228675025477,-77.32070647573644],[-147.20723649797517,-77.28587656037172],[-146.9275894846277,-77.25983163849662],[-146.390645514899,-77.47248015737767],[-146.07361060278834,-77.48669117625795],[-145.6771490142451,-77.48808643992983],[-145.60064205623698,-77.45527190542448],[-145.64965715226583,-77.39837615347113],[-145.71383928117234,-77.33837981558027],[-145.79429948625076,-77.330008233549],[-145.80796790259197,-77.27326751089251],[-145.63456763403659,-77.22128102000688],[-145.51573767798143,-77.19926685985054],[-145.56320248104151,-77.16169809357434],[-145.75311336971416,-77.10330372508453],[-145.86429521379011,-77.09415699656887],[-145.9670021229702,-77.06878386831356],[-145.93395504451956,-77.02904469188111],[-145.80636593319093,-77.01209482208938],[-145.62924496151052,-76.95375213003186],[-145.68567562557325,-76.88445403432846],[-145.67570207414093,-76.79670745229684],[-145.75047787166727,-76.74906178172374],[-146.1664473134007,-76.65759449656713],[-146.77664262590315,-76.50700937286861],[-147.34040666399136,-76.438383070785],[-148.6010532297516,-76.49326344187897],[-149.04585812070388,-76.45802011505592],[-149.33966447649934,-76.41895273224326],[-149.65424475807612,-76.36531259552429],[-149.28493913470223,-76.311259047347],[-148.8948337473309,-76.271778253076],[-148.7803704498044,-76.23824024851857],[-148.63177486874912,-76.16801197703391],[-148.45899471738122,-76.1179375141431],[-148.32029517310983,-76.1045016417472],[-147.8602198964153,-76.13090829864835],[-146.81733781633298,-76.31802865997723],[-146.59740292049878,-76.33782073354502],[-145.8857667714074,-76.42427540476932],[-145.68686418351598,-76.42882293081101],[-145.4420987619655,-76.40918588654009],[-145.64231909888036,-76.32567677195642],[-145.8603936431521,-76.26661060984681],[-146.38299740291978,-76.09969573354405],[-146.32346615291956,-76.02032073354374],[-145.9877502105354,-75.88875253692864],[-145.10553015844854,-75.87893401479317],[-144.72129004614231,-75.83211516713673],[-144.22059709366636,-75.73144947703217],[-143.57427995499188,-75.56360442494817],[-143.02214311416938,-75.54345061635433],[-142.32983395075513,-75.49094736114579],[-142.0941894195042,-75.52980803822928],[-141.5057240467805,-75.69041838979243],[-141.1346097482764,-75.74602223093848],[-141.0089585031587,-75.75082813914162],[-140.8743413970384,-75.7458672016416],[-141.2233640207377,-75.54587940867205],[-140.99872656956495,-75.51998951609383],[-140.709261034082,-75.49766529734373],[-140.4710068430003,-75.44728077585916],[-140.2938083566715,-75.40588795359336],[-139.69115780328366,-75.21282480255093],[-139.14881364638043,-75.16011484161322],[-137.6181835601113,-75.07557219838371],[-137.0901279367368,-75.15267343536318],[-136.64987057182617,-75.16176848744655],[-136.54951494031536,-75.13949594512877],[-136.46192338758064,-75.03583302195126],[-136.22785498751458,-74.83605193471088],[-136.03006344291745,-74.7653068989033],[-135.3620422026804,-74.69047942494467],[-134.84039445691008,-74.69409677520511],[-134.46509436739035,-74.7761589496846],[-134.11713111055303,-74.82969573353898],[-133.79634965710122,-74.85460377390366],[-133.47487057181348,-74.8518132465599],[-132.99164425345217,-74.80613128041388],[-132.35124406627511,-74.78938811635132],[-132.049350348826,-74.76572031036164],[-131.70655473521785,-74.81088551218474],[-130.8574592762301,-74.82597503041396],[-130.1956133696519,-74.89067392364339],[-129.79080603729352,-74.89139739369547],[-129.2382557850127,-74.82886891062232],[-128.94059953501147,-74.82018726999728],[-127.86337846567123,-74.71921152129896],[-127.02019995818088,-74.69781747833012],[-126.38398556201949,-74.74256926869488],[-125.35342831103878,-74.71466399525727],[-124.3124582589513,-74.73574797963235],[-123.88943498421003,-74.77305836374708],[-121.54391923713032,-74.75001067494492],[-119.6770047677218,-74.65461598093411],[-119.42221411830674,-74.6215947406996],[-119.02241939988066,-74.51788014108982],[-118.80292375372092,-74.42227874134986],[-118.6557751127698,-74.39282317494349],[-118.34202165410971,-74.38155771270385],[-117.80618872767528,-74.40295175567269],[-117.06832678919575,-74.47323170358963],[-116.43299089238332,-74.44708342884995],[-115.22262549524305,-74.48744272246991],[-115.1051908028598,-74.45509327585519],[-114.99101172571088,-74.2750525857503],[-114.79102393274133,-73.98861012155645],[-114.62372148319638,-73.90293059681652],[-114.34596065962758,-73.92504810983745],[-113.50851823612163,-74.08886240020269],[-113.48939795617363,-74.15841887806755],[-113.57466406945522,-74.20792490020315],[-113.71357031945577,-74.22776865020325],[-113.75325781945594,-74.36667490020379],[-113.64080990278882,-74.40636240020396],[-113.45425798221517,-74.39427011504765],[-113.33297339562613,-74.45416310007394],[-113.59729834679905,-74.55875619903269],[-113.78310095910449,-74.61813241973604],[-113.90348120812841,-74.64443572377262],[-113.98476823612353,-74.8429249002057],[-114.09721615279064,-74.9090707335393],[-114.11044531945737,-74.98183115020626],[-113.93185156945665,-74.98183115020626],[-113.75253434940385,-74.95211720163843],[-113.59339677616103,-74.94369394317486],[-113.09151526574236,-74.89170745228922],[-112.17004696332981,-74.83227955515358],[-111.86823076052912,-74.80122201934616],[-111.69625159386177,-74.79217864369508],[-111.58442379438215,-74.75083749786158],[-111.73872962120569,-74.6534274229914],[-111.78872656944809,-74.57172698353794],[-111.69588985883573,-74.50408253366788],[-111.72227067752073,-74.38662200306845],[-111.80637407107577,-74.26967823679195],[-111.62997656944744,-74.18146656686972],[-111.46680823448585,-74.20074187611459],[-111.18018490277898,-74.18808115020308],[-111.01983293337729,-74.23045582468242],[-110.77041663292056,-74.26890309030757],[-110.5339194405368,-74.28885019317224],[-110.30705990277548,-74.36667490020379],[-110.22980363649913,-74.53627695098572],[-110.30044531944213,-74.7106332335385],[-110.53195573610971,-74.83631031687234],[-110.9675880603302,-74.95123870228946],[-111.46313920779312,-75.13344980255062],[-111.3587786527797,-75.21995615020721],[-111.10419470909378,-75.19086231882689],[-109.98997331423254,-75.19907887156128],[-109.27216183148228,-75.1850228819779],[-108.82226681194923,-75.2066236306759],[-108.25447201214227,-75.25251230255108],[-107.80473202190609,-75.32155201609302],[-107.26678036174769,-75.33447112416601],[-106.93212378622552,-75.30935637807215],[-106.61886125367218,-75.34397958770771],[-105.39934912801627,-75.19763193145712],[-104.90183427612625,-75.1151563455193],[-104.61782060425011,-75.15629078562363],[-104.15968319376651,-75.12073740020682],[-103.90132687052329,-75.1525700824986],[-103.42492184122452,-75.10130706166507],[-103.1210644193483,-75.09520924265462],[-102.77134416381304,-75.1170166970818],[-101.70810156940775,-75.12735198354017],[-101.62784807005846,-75.22176482533742],[-101.3037076485077,-75.36578704213487],[-101.03933102090247,-75.42190764760385],[-100.70632809121363,-75.39813648874959],[-100.46344885944184,-75.35338469838483],[-100.08280025917989,-75.37043792104114],[-99.53136105019331,-75.30894296661381],[-98.9802318998005,-75.3274431293743],[-98.75233883339331,-75.31710784291593],[-98.64570451535903,-75.27711028432202],[-98.55785458046284,-75.18977711374875],[-98.72724992551562,-75.14078785593605],[-99.20815080442378,-75.07856943145664],[-99.65189632851411,-74.94880990997174],[-99.84860266803312,-74.92167978301852],[-100.16403561074272,-74.93790618275816],[-100.31299292682407,-74.91434172963307],[-100.47334489622573,-74.87238046661207],[-100.26488216836032,-74.82292612090875],[-100.01267534055981,-74.66216074004873],[-100.11858618854201,-74.51498626088147],[-100.23811377643312,-74.48418710723551],[-100.53086076536658,-74.48883798614179],[-100.88184709349298,-74.54113453562115],[-101.02313045937896,-74.50496103301684],[-101.25169531940593,-74.48573740020427],[-101.3427491931042,-74.3500867654381],[-101.58671362995413,-74.0964071593173],[-101.7154396227932,-74.02375009551493],[-102.10513159870621,-73.9577076150459],[-102.44082170287422,-73.92577157988953],[-102.76643490274532,-73.88381031686853],[-102.86273393432123,-73.78360971465459],[-102.79950781941211,-73.64568531686757],[-102.41066850463191,-73.61643645619037],[-102.03660864948719,-73.63059579863835],[-101.82837846556708,-73.65550383900303],[-101.58741126179008,-73.66676930124265],[-101.31073564329938,-73.69524301543548],[-101.13022986530387,-73.73482716257107],[-100.98545834023818,-73.75720305775344],[-100.71780025918244,-73.75782317494094],[-99.78108740924378,-73.72009937936787],[-99.65615963417818,-73.69415781035735],[-99.54099870481573,-73.64511687611237],[-99.34333635129933,-73.63416147246649],[-99.16190039752256,-73.64082773223214],[-98.89615434446159,-73.6111654600966],[-99.20034766314771,-73.57096119577352],[-99.52795040566204,-73.49510019316905],[-100.02078854042963,-73.40254770293431],[-100.43639624713703,-73.35309335723099],[-101.18945105671037,-73.31785003040793],[-101.57374284544888,-73.32963225697048],[-101.81595028360088,-73.31123544707457],[-102.67504513223713,-73.32095061634544],[-102.90877763549328,-73.28519052519947],[-103.07615759968665,-73.18457651152718],[-103.3076938545704,-72.94531463001582],[-103.37497656941441,-72.8188624001976],[-103.21661414265597,-72.77209522897346],[-103.11010901570242,-72.72119394316596],[-102.85586096882642,-72.71623300566594],[-102.48474667032231,-72.73566334420768],[-102.36286780476193,-72.76015797311403],[-102.27202063679282,-72.83498544707267],[-102.36294531941037,-72.91146656686465],[-102.48200781941084,-72.9511540668648],[-102.40927324096003,-72.98743092233369],[-102.02885718464341,-72.9981279438181],[-101.84150427936922,-73.02091725045882],[-101.68120398639982,-73.02990894967762],[-101.33184546589061,-72.99538909290663],[-100.82050716836252,-72.98112639759408],[-100.56357194700733,-73.01554290150047],[-100.25878434934987,-73.04132944121412],[-99.81072384316317,-72.99993661894833],[-98.20859941281822,-73.02226083769841],[-98.01240983762213,-73.0332162413443],[-97.8184940254469,-73.10173919056334],[-97.65103654660506,-73.14442392363641],[-97.47644772010696,-73.12623381946966],[-96.95575598833406,-73.20643564238665],[-96.67582475460897,-73.26855071400148],[-96.3942140368344,-73.30121021920996],[-96.15216162797927,-73.30927174264748],[-95.88055029985318,-73.2938721658245],[-95.52922807491689,-73.24136891061596],[-95.23661027706416,-73.22007822051171],[-95.02959448930291,-73.23899179473054],[-94.58646908240011,-73.24948211048579],[-94.24617977575811,-73.3129924457725],[-93.98464535192893,-73.28674081816823],[-93.705980190795,-73.21501393014711],[-92.82835934118212,-73.16468108509481],[-92.24103084996884,-73.17842701608446],[-91.16864152704787,-73.30699797962664],[-90.92093054885677,-73.31909026478294],[-90.43090877964909,-73.24322926217846],[-90.27378658726565,-73.11863738392276],[-90.2954131741798,-72.977922458792],[-90.1524244860282,-72.94453948353144],[-90.03522233759023,-72.96019744251589],[-89.81766455764142,-72.86263233834882],[-89.52235958530952,-72.87090056751552],[-89.34125952834265,-72.88955575957289],[-89.22938005243074,-72.82578704212473],[-89.12716406935742,-72.69318531686376],[-88.77997595900447,-72.68305673613456],[-88.52689063185503,-72.70238372181171],[-88.19409440789536,-72.78754648222872],[-88.19450781935369,-72.85854990019776],[-88.3317604235209,-72.93441090280223],[-88.56073869500621,-73.12075611764672],[-88.41940365268792,-73.2289665668659],[-88.20497229689279,-73.21950977975649],[-87.93633236362348,-73.24095549915762],[-87.60844540073157,-73.19455006295952],[-87.40101620151196,-73.19196624134493],[-87.03793758822927,-73.35386850371536],[-86.7910275947387,-73.36368702585082],[-86.60212439649575,-73.3537134744185],[-85.98074113640212,-73.20850269967832],[-85.80142391634932,-73.1921212706418],[-85.58216081413491,-73.25899057402751],[-85.26057837598258,-73.41324472441873],[-84.98118974479655,-73.50202483509617],[-84.57129228385742,-73.55669850046097],[-84.21418229850444,-73.57271819447145],[-83.79627499056005,-73.64516855254466],[-83.5648420885409,-73.70599171335219],[-83.04190243196328,-73.7071802712949],[-82.81524959993112,-73.73229501738875],[-82.18350521516297,-73.85683521921217],[-81.60612443716587,-73.7956503233786],[-81.30872656932614,-73.73828948353461],[-81.16320573599222,-73.63245615020087],[-81.2359661526592,-73.47370615020023],[-81.26242448599263,-73.31495615019959],[-81.17643490265895,-73.24881031686598],[-81.02429948599166,-73.23558115019927],[-80.33638281932225,-73.41417490019998],[-80.37981686066357,-73.30813486113706],[-80.4387796699086,-73.22498748157943],[-80.61419531932336,-73.08344573353199],[-80.58773698598992,-72.97761240019824],[-80.44221615265602,-72.94453948353144],[-80.15176876495954,-73.0000916482452],[-79.80799129913785,-73.02815195097969],[-79.52172970245701,-73.08954355254244],[-78.96372758656936,-73.31237232858498],[-78.78621904164677,-73.50677906686703],[-78.40787004262182,-73.55576832467972],[-78.14413937042025,-73.54708668405468],[-77.84563045928624,-73.51499561960142],[-77.4440529039461,-73.48802052194507],[-77.13554460316362,-73.49577198678885],[-76.85049740264165,-73.4604769835335],[-76.76450781930797,-73.56631031686726],[-77.03301856149655,-73.71849740996683],[-77.13492448597611,-73.81766448353493],[-77.04893490264243,-73.84412281686836],[-76.88749772816263,-73.82045501087869],[-76.75497351755011,-73.78944915150356],[-76.2912033759467,-73.80536549264946],[-75.91618750680456,-73.7364291319721],[-75.59499264189445,-73.71121103301367],[-75.29307308622916,-73.63876067494049],[-75.043579271124,-73.64506519968008],[-74.85547705758157,-73.65798430775304],[-74.59402014840084,-73.71524179473244],[-74.34524980334777,-73.68392587676357],[-74.19730017769612,-73.69550139759694],[-73.99604631213543,-73.69984221790946],[-72.92921220568584,-73.44797128691887],[-72.68739234077603,-73.45236378366369],[-72.38079606798834,-73.43841114694487],[-71.99420467801284,-73.37918995553838],[-71.6975302802252,-73.3529900043664],[-71.45271318224243,-73.35454029733516],[-71.0171583726704,-73.2627629535848],[-70.32262712266761,-73.27402841582442],[-69.96861772325214,-73.2264860981159],[-69.28219967311918,-73.16964202259484],[-68.82096167669806,-73.10545989368833],[-68.00033993190311,-72.93554778431265],[-67.66707862005282,-72.83457203561433],[-67.30671301946545,-72.61117481881656],[-67.07954342311037,-72.38757089628963],[-66.82775000676823,-72.09037973417907],[-66.95167009140413,-71.89731658313663],[-67.08414262558435,-71.8122054991519],[-67.19576371933479,-71.71898121529736],[-67.46034705266918,-71.5267448871716],[-67.52992936875019,-71.2845374490196],[-67.50458207871104,-71.05783294055514],[-67.59840064153693,-70.84461598091887],[-67.69219336614667,-70.68617603951199],[-67.88846045599121,-70.42169605904218],[-68.1257069566432,-70.2498719216717],[-68.40333858913128,-70.0197050922437],[-68.40367448594118,-69.8092269835189],[-68.46982031927479,-69.6438624001849],[-68.63756201849421,-69.52640186958547],[-68.70794531927574,-69.43219573351739],[-68.5800203111372,-69.41266204211107],[-68.46155209010809,-69.38403329862136],[-68.14087398952086,-69.3475497374233],[-67.37179948593706,-69.41235198351731],[-67.30436174179616,-69.31757740669401],[-67.11044592962091,-69.24807260526144],[-66.97492448593547,-69.16099781684963],[-67.02122656926899,-69.02870615018244],[-67.18762468124882,-68.97444589627597],[-67.39050635442672,-68.86122283312447],[-67.2990390692701,-68.7707374001814],[-67.1336744859361,-68.7707374001814],[-67.05429948593579,-68.67151865018101],[-67.11690548365739,-68.57483204536291],[-67.04101864283678,-68.45308237088327],[-66.89350826685963,-68.2976396625493],[-66.79333350286183,-68.2403821755699],[-66.9775858221985,-68.14679615668933],[-67.14984920924346,-68.02458139431904],[-67.10669938827975,-67.93006519965721],[-67.02127824570128,-67.83146656684433],[-66.91539323593523,-67.69256031684377],[-66.76987240260131,-67.59334156684336],[-66.67726823593428,-67.56026865017657],[-66.70499264185887,-67.52714405707748],[-66.92311886256286,-67.49159067166066],[-67.12434688990741,-67.4850277647596],[-67.48693457708335,-67.54693613064528],[-67.5445021226565,-67.5346371397598],[-67.56473344589877,-67.50295948676488],[-67.5857915920577,-67.43510833116565],[-67.55039323593778,-67.26922698350873],[-67.49334245468754,-67.11275074652895],[-67.44047746445295,-67.0907365863726],[-67.2990390692701,-67.07078948350794],[-67.16013281926955,-66.95172698350747],[-67.03445573593571,-66.94511240017411],[-66.95508073593538,-66.98479990017427],[-66.92862240260195,-67.1435499001749],[-66.88611853704188,-67.17998178494067],[-66.90216406926851,-67.25599781684201],[-66.83601823593492,-67.28245615017545],[-66.75731502955439,-67.2325367165815],[-66.6100113593064,-67.20855885199808],[-66.55159115260044,-67.26261240017537],[-66.49867448593356,-67.28907073350881],[-66.47221615260013,-67.2427686501753],[-66.49094885930593,-67.1143010394977],[-66.51515926783468,-67.06252125434123],[-66.53327185735297,-66.97932219835134],[-66.50208513046482,-66.94015146267408],[-66.46469723170166,-66.87524586371549],[-66.52681230331649,-66.74068043402745],[-66.50358374700129,-66.68983082465225],[-66.37087866887578,-66.60890553168318],[-66.30656734888852,-66.59195566189145],[-66.18189795598438,-66.59247242621436],[-65.9537723456319,-66.6455957986104],[-65.84747392440752,-66.64983326605834],[-65.76639360214158,-66.62492522569366],[-65.71794694686794,-66.57324879340179],[-65.67846615259695,-66.4027165668386],[-65.77577287460255,-66.34256519965088],[-65.7745068020114,-66.28799488715065],[-65.71750769719347,-66.25450855902551],[-65.61728125676338,-66.13523935329586],[-65.4650941636638,-66.12924488715001],[-65.31634355331164,-66.13989023220213],[-65.1720371161366,-66.11684254339995],[-65.22208574081127,-66.06847340277477],[-65.26745764836353,-65.99426604600363],[-65.10506445988632,-65.95788583767016],[-64.9987402004458,-65.94631031683677],[-64.72167700871292,-65.99281910589946],[-64.61351823592602,-66.01907073350374],[-64.51429948592562,-65.9595394835035],[-64.54737240259243,-65.90000823350326],[-64.65320573592618,-65.86693531683646],[-64.67304948592626,-65.81401865016959],[-64.64659115259282,-65.74787281683598],[-64.47461198592546,-65.78094573350278],[-64.43533789738365,-65.76833668402357],[-64.39004350447982,-65.70849537542958],[-64.41681189640701,-65.67991830837217],[-64.43892940942793,-65.64059254339806],[-64.21346513533848,-65.63294443141885],[-64.18000464542949,-65.617389825299],[-64.13222978377566,-65.57051930121027],[-64.06592892114519,-65.55367278428312],[-63.862194586834484,-65.55594654730396],[-63.8181145900895,-65.53150359482991],[-63.79796078149568,-65.48039560329325],[-63.90797990584508,-65.46737314235571],[-64.05127865259044,-65.41714365016799],[-64.07112240259052,-65.27823740016744],[-64.03804948592372,-65.17901865016704],[-63.91237240258989,-65.09302906683337],[-63.76023698592261,-65.03349781683312],[-63.4821402655439,-65.08496754339583],[-63.26414323592063,-65.07318531683329],[-63.17815365258695,-65.12610198350016],[-63.059091152586475,-65.13933115016688],[-63.03263281925304,-65.07979990016665],[-63.08570451521678,-65.02791676214561],[-63.119888475177866,-64.94244394313485],[-62.77466406925199,-64.84167490016569],[-62.66448991560573,-64.85753956487929],[-62.527547370032266,-64.833406670999],[-62.5762265692512,-64.75568531683201],[-62.50346615258426,-64.65646656683161],[-62.40424740258385,-64.64323740016489],[-62.338101569250256,-64.72922698349858],[-62.24332699242696,-64.74690032334239],[-62.13966406924946,-64.72674651474857],[-61.8825221421651,-64.62535735459191],[-61.756379970940635,-64.60985442490434],[-61.63178809268493,-64.60473845810745],[-61.50047827823127,-64.54556894313326],[-61.47004085961136,-64.47559905381006],[-61.395962693920964,-64.42712656032027],[-61.173599005769034,-64.36253101995544],[-61.082157558828555,-64.31478199651775],[-60.886639777252256,-64.14972747177751],[-60.92208980980449,-64.10786956162109],[-60.8641605292053,-64.0734530577147],[-60.277245449450355,-63.923901462662016],[-59.98987280947524,-63.90953541448487],[-59.510186326725915,-63.82065195094285],[-59.21759436708934,-63.71388844182785],[-59.03641679547402,-63.6702735329735],[-58.87205990256972,-63.55183115016053],[-58.673519049704346,-63.53436451604588],[-58.21556250673376,-63.45126881292055],[-57.86806433778706,-63.318770440524176],[-57.389643927628896,-63.226269626721724],[-57.16823625347437,-63.23474456161759],[-57.07669145366931,-63.26254648219063],[-57.020648362848775,-63.372823988701484],[-56.92737240256194,-63.505529066827016],[-56.781851569228024,-63.5716749001606],[-56.834768235894906,-63.63120615016085],[-56.97367448589546,-63.62459156682748],[-57.11919531922938,-63.63782073349421],[-57.15226823589617,-63.5716749001606],[-57.097697923395955,-63.52351246526458],[-57.15226823589617,-63.47907073349357],[-57.283862270727425,-63.490646254326954],[-57.46064734559794,-63.51359059026454],[-57.58149268251247,-63.54661183049906],[-57.73693539084643,-63.616633396254535],[-57.85674719911513,-63.656837660577615],[-58.26297563336155,-63.76339446396345],[-58.53189978700847,-63.91542652776615],[-58.722870042543086,-64.07748381943347],[-58.83898698590292,-64.18683115016307],[-59.00530758323431,-64.1948926736006],[-59.04732052268761,-64.23447682073618],[-58.977247280499824,-64.26589609156963],[-58.92301286480951,-64.27928028753323],[-58.799299485902765,-64.29266448349682],[-58.81914323590285,-64.33896656683035],[-58.90513281923651,-64.35219573349707],[-58.8954434881818,-64.38888600042429],[-58.80591406923613,-64.4447999001641],[-58.78607031923604,-64.52417490016443],[-58.891903652569795,-64.53740406683114],[-59.05065365257044,-64.45141448349746],[-59.229402431868024,-64.4435596657891],[-59.36967810732431,-64.40356210719519],[-59.46075781923873,-64.34558115016371],[-59.54674740257242,-64.35881031683043],[-59.612169765853935,-64.44014902125784],[-59.573205735905866,-64.53078948349778],[-59.645966152572804,-64.58370615016466],[-59.73438452822421,-64.55890146266456],[-59.76502865257329,-64.45141448349746],[-59.85016557477415,-64.43363779078906],[-59.9630785793319,-64.43136402776821],[-60.242467210517916,-64.54686085394056],[-60.3404974025756,-64.55063323349786],[-60.39367245140392,-64.60938933701372],[-60.55596228701656,-64.67651702256086],[-60.6599352687878,-64.72922698349858],[-60.915371873606546,-64.90689055771803],[-61.05983334007848,-64.98130462021834],[-61.331832241446754,-65.02378264756226],[-61.43947424991071,-65.01768482855181],[-61.50303626162973,-64.99970143011424],[-61.603236863843655,-64.98781585068711],[-61.703101569247714,-64.9871957334996],[-61.736174485914525,-65.03349781683312],[-61.57742448591387,-65.1856332335004],[-61.66341406924755,-65.23854990016729],[-61.85559872094103,-65.23539763779748],[-61.947841152582036,-65.19224781683377],[-62.02450313988702,-65.23255543402142],[-62.08465450707477,-65.27322478623513],[-62.14532263858541,-65.33177418402181],[-62.05367448591577,-65.45683115016816],[-61.90337358259487,-65.51346851996004],[-61.79570573591476,-65.52297698350175],[-61.756018235914595,-65.56927906683526],[-61.99143022322023,-65.58912281683534],[-62.15056779646306,-65.6987802061587],[-62.2224238755649,-65.77505462022151],[-62.30502865258346,-65.84047698350302],[-62.29327226423705,-65.91644133897208],[-62.169119635655825,-66.0313697243892],[-62.00504696312913,-66.11291513454579],[-61.83903642439149,-66.11958139431142],[-61.624785936109376,-66.09472503037904],[-61.574711473218564,-66.07147063584769],[-61.35914323591301,-66.0587582335039],[-61.26609981957147,-65.98000335069108],[-61.19817114932381,-65.97452564886814],[-61.137606370677744,-65.98863331488381],[-61.03926612002631,-65.99199228298279],[-60.988132290273505,-65.94021249782634],[-60.91278805199195,-65.92088551214917],[-60.81297502302019,-65.93411467881589],[-60.61830990257671,-65.93308115017005],[-60.565393235909816,-65.97938323350357],[-60.62492448591007,-66.03229990017046],[-60.74398698591054,-66.10506031683741],[-60.856434902577654,-66.06537281683725],[-60.95565365257805,-66.07198740017061],[-61.00929378929702,-66.11053801866035],[-60.90273698591117,-66.1910499001711],[-60.94242448591133,-66.26381031683805],[-61.028414069245024,-66.336570733505],[-61.13424740257876,-66.29026865017148],[-61.14975033226634,-66.21172047308784],[-61.2929974025794,-66.16459156683764],[-61.43190365257996,-66.14474781683757],[-61.52613562686418,-66.22567310980665],[-61.675635545484575,-66.2495476215255],[-61.69648698591435,-66.34318531683837],[-61.756018235914595,-66.42917490017204],[-61.84200781924827,-66.4027165668386],[-61.87544247094112,-66.29605641058819],[-62.11648718936655,-66.20892994574407],[-62.241259935135275,-66.19704436631694],[-62.494138556555576,-66.21936858506703],[-62.582841152584564,-66.21750823350453],[-62.68205990258496,-66.23735198350461],[-62.75482031925192,-66.31011240017156],[-62.6503047349416,-66.36364918402595],[-62.615371466712304,-66.4357894835054],[-62.61792945011075,-66.48963632595353],[-62.63756649438166,-66.51118539821924],[-62.65505896671245,-66.55609221788089],[-62.54315365258441,-66.62099781683948],[-62.53653906925105,-66.70698740017315],[-62.62888485375664,-66.70616057725648],[-62.704771694577246,-66.68011565538137],[-62.996743537026326,-66.45284270616172],[-63.17952307804268,-66.35253875108319],[-63.25752865258727,-66.26381031683805],[-63.44855058455417,-66.2437598611088],[-63.58660417342192,-66.24169280381713],[-63.75251135929497,-66.27776295355685],[-63.6875540839041,-66.31982756944244],[-63.65440365258886,-66.38287281683853],[-63.75568945988093,-66.40902109157821],[-63.88041052921736,-66.50596607855776],[-63.9643588934755,-66.58875172308935],[-64.01502763533769,-66.60663176866234],[-64.07773698592388,-66.65407073350627],[-63.808761155844685,-66.76093759548587],[-63.76902197941224,-66.80320891710062],[-63.75473344588353,-66.87297210069465],[-63.83961198592293,-66.9120394835073],[-64.0425970119654,-66.92723235460112],[-64.40094723169341,-66.85333505642373],[-64.55398698592579,-66.85178476345499],[-64.60690365259266,-66.79959156684019],[-64.68627865259297,-66.80620615017355],[-64.73542293970254,-66.89415943793432],[-64.79337805851789,-66.97198414496587],[-64.87810156926041,-67.02448740017442],[-64.85407202824469,-67.104792575956],[-64.78549740259338,-67.12370615017483],[-64.83872412785401,-67.15605559678953],[-64.95086198592738,-67.18323740017506],[-65.02690385604487,-67.21403655382102],[-64.85825781926033,-67.2427686501753],[-64.82647681340083,-67.26912363064415],[-64.81929378931227,-67.30736419054014],[-65.07958797876643,-67.33537281684234],[-65.24851823592856,-67.3419874001757],[-65.35011410181438,-67.31098154080057],[-65.44313167993975,-67.32617441189439],[-65.50315385604677,-67.37723072699875],[-65.52341101750518,-67.44461679470736],[-65.50387732609886,-67.5282292621556],[-65.47080440943206,-67.58786386502042],[-65.4467490302002,-67.61018808377051],[-65.4180686102782,-67.65959075304154],[-65.57405392115122,-67.7883684223129],[-65.58924679224504,-67.8163253721828],[-65.60004716659404,-67.87570159288616],[-65.52782935246614,-67.92996184679262],[-65.46943498397633,-68.00944019965753],[-65.55116126164592,-68.04830087674102],[-65.63950212264888,-68.13056975694968],[-65.54622616236205,-68.14669280382475],[-65.38747616236141,-68.15041350694976],[-65.21802914087635,-68.14007822049139],[-64.95884599471647,-68.06752450955359],[-64.88471615259377,-68.05636240017856],[-64.85345191105719,-68.08313079210573],[-64.82947404647376,-68.12746917101217],[-64.89592993840111,-68.16839690538733],[-65.36520362004362,-68.2874594053878],[-65.45202002629397,-68.33675872179425],[-65.33138139510858,-68.36414723090894],[-65.08971655949564,-68.37024504991939],[-64.99646643742496,-68.40776213976329],[-65.05452490910487,-68.44930999132596],[-65.14007524276407,-68.48920419705529],[-65.2416194322176,-68.5832553038265],[-65.15834286157924,-68.61798186632663],[-64.89828121607039,-68.67332732531122],[-64.42890418156331,-68.74613941841048],[-64.07846045597597,-68.77120248807203],[-64.15685360376274,-68.68686655057171],[-64.16923010929663,-68.58253183377441],[-63.92446468774618,-68.49762745551885],[-63.796488003175355,-68.46977385851353],[-63.216600918212094,-68.41887257270605],[-63.05653316918803,-68.42073292426855],[-62.93331071638805,-68.44259205512802],[-62.97971615258616,-68.48631031684694],[-63.11477250838096,-68.47060068143021],[-63.34749732120741,-68.49943613064907],[-63.70732031925573,-68.59214365018069],[-63.773466152589315,-68.63183115018086],[-63.74700781925589,-68.70459156684781],[-63.44273698592134,-68.76412281684804],[-63.34351823592093,-68.81042490018157],[-63.478238694905855,-68.95119150174465],[-63.45596615258806,-69.04193531684916],[-63.30147945825151,-69.14099903755267],[-63.09438615584182,-69.25303354276146],[-62.99410803897944,-69.32894622179822],[-62.83977637393976,-69.37183766060048],[-62.5867943996549,-69.47720590604362],[-62.450549485917364,-69.58433115018467],[-62.40714128279219,-69.82721038195646],[-62.202425096267945,-70.0279733214104],[-61.96107031924874,-70.12011240018681],[-61.93461198591532,-70.19948740018712],[-62.01398698591562,-70.27886240018744],[-62.21787634952321,-70.23318043404143],[-62.331486985916904,-70.27886240018744],[-62.37778906925042,-70.36485198352112],[-62.23226823591649,-70.42438323352135],[-62.0007578192489,-70.49714365018832],[-61.50466406924692,-70.49052906685495],[-61.4914349025802,-70.56990406685527],[-61.60532975935149,-70.61667123807942],[-61.69648698591435,-70.67573740018904],[-61.80893490258146,-70.70881031685583],[-61.99414323591555,-70.72865406685591],[-62.040445319249066,-70.80141448352286],[-61.96107031924874,-70.90063323352327],[-61.70217139346646,-70.85670826607517],[-61.51339738630424,-70.85112721138765],[-61.31284115257948,-70.86756031685647],[-61.2516562567459,-71.00228077584137],[-61.01725195986997,-71.166870212691],[-60.96226823591141,-71.24459156685798],[-61.00306677920585,-71.31931568795201],[-61.1484325832429,-71.34189828886358],[-61.23729020856877,-71.40055103951485],[-61.36929765485835,-71.45233082467131],[-61.51592953148655,-71.4790992165985],[-61.78955624047203,-71.61604176217196],[-61.90954891625375,-71.63087289823973],[-61.958796556227895,-71.65779631946378],[-61.72545162621396,-71.67257577909926],[-61.56280005557529,-71.67526295357844],[-61.21357072614679,-71.56405527128634],[-61.08133073591189,-71.58854990019267],[-60.99534115257821,-71.66131031685964],[-60.949039069244684,-71.74729990019331],[-61.035028652578376,-71.82006031686029],[-61.64452633324487,-71.86284840279794],[-61.93890112979553,-71.90362110787623],[-62.25665951195827,-72.0176193175121],[-61.89404598656619,-72.0710010720696],[-61.62801571312762,-72.05270761503829],[-61.4926751369552,-72.07270639433524],[-61.31025733096488,-72.11270395292915],[-61.10747901065157,-72.0914649392572],[-60.95177792015616,-72.05022714628828],[-60.83323218447861,-72.05151905709558],[-60.71941484235576,-72.07260304147066],[-60.704299485910376,-72.1441749001949],[-60.69107031924367,-72.26985198352874],[-60.66461198591023,-72.36245615019578],[-60.730318569569356,-72.42601816191478],[-61.04750851097686,-72.47051157011808],[-61.279768235912684,-72.46828948352953],[-61.28612443708458,-72.6007878559259],[-60.9391430324608,-72.69969654733254],[-60.72414323591047,-72.64688323353025],[-60.53232031924303,-72.67334156686368],[-60.53232031924303,-72.83209156686432],[-60.38468075218514,-73.00732634876607],[-60.25450781924192,-73.0172999001984],[-60.14867448590816,-72.93792490019808],[-60.0097682359076,-72.93792490019808],[-59.95685156924073,-73.03052906686511],[-60.01638281924097,-73.18927906686575],[-60.12221615257473,-73.27526865019942],[-60.40374935570085,-73.24018035267325],[-60.56069068057126,-73.21139657988667],[-60.686626146066565,-73.2710311827515],[-60.89583818220021,-73.32043385202252],[-61.08133073591189,-73.32818531686631],[-61.242096116771904,-73.25025725697016],[-61.428415493400266,-73.191449477022],[-61.72643347842749,-73.16075367624063],[-62.00830257836351,-73.1476278624385],[-61.914768235915226,-73.21573740019919],[-61.787592536044926,-73.25490813587645],[-61.73767310245097,-73.37552092884566],[-61.636955735914114,-73.50016448353367],[-61.405445319246525,-73.46709156686686],[-61.079780442943125,-73.5387151020234],[-60.87886247419233,-73.61204395944559],[-60.79028906924407,-73.71183115020118],[-60.90273698591117,-73.87058115020182],[-61.088255377839005,-73.92944060658225],[-61.20339046898528,-73.95667408640007],[-61.40405005557464,-73.8960059548894],[-61.54538509789292,-73.89595427845711],[-61.691706915927355,-73.92385955189474],[-61.74160051130516,-73.99620655710335],[-61.83823543969096,-74.03201832468162],[-61.31945573591285,-74.03594573353581],[-61.16070573591222,-74.05578948353589],[-61.04164323591173,-74.12193531686948],[-61.22685156924582,-74.20792490020315],[-61.57080990258052,-74.19469573353643],[-61.71824276390924,-74.22807870879699],[-61.842782965732646,-74.2896770160889],[-61.33178056501445,-74.32864104603698],[-61.12063066266987,-74.3069369444744],[-60.7836744859107,-74.24099781686996],[-60.704299485910376,-74.30714365020356],[-60.838477342356235,-74.3729277485111],[-61.010792405833485,-74.47829599395425],[-61.37017615420732,-74.51178232207937],[-61.64000464541934,-74.5135393207773],[-61.99455664737389,-74.47581552520424],[-62.0888402980904,-74.45281951283435],[-62.23531714542172,-74.44129566843326],[-62.22565365258314,-74.50558115020435],[-62.13273942732235,-74.54997120554307],[-61.89440772159224,-74.71306202585622],[-61.85523698591498,-74.7767790668721],[-61.92799740258195,-74.86276865020578],[-62.13780371768695,-74.92638233835707],[-62.37244055850821,-74.95211720163843],[-62.56676978214179,-74.89584156687258],[-62.708518235918405,-74.73709156687195],[-62.88711198591913,-74.69078948353842],[-63.072320319253194,-74.6775603168717],[-63.17815365258695,-74.68417490020506],[-63.16792171899316,-74.76458342885122],[-63.12523698592007,-74.84953948353906],[-63.19799740258702,-74.9090707335393],[-63.35700578474913,-74.87832325632563],[-63.55877641463274,-74.90566008900804],[-63.75088355167778,-74.95237558379989],[-63.92472306990764,-75.00446542755009],[-63.57099789086977,-75.03030364369603],[-63.33690365258758,-75.03474781687314],[-63.17319271508693,-75.11474293406096],[-63.23107031925383,-75.1538103168736],[-63.55141252303115,-75.17148365671743],[-63.8574920314959,-75.20615854278527],[-64.2795592922398,-75.29287159617105],[-63.97247209334533,-75.3294068338014],[-63.67843319360458,-75.32795989369723],[-63.474853888590744,-75.33627979929622],[-63.30383073592078,-75.35224781687441],[-63.25752865258727,-75.39854990020793],[-63.363361985921024,-75.4514665668748],[-64.05264807804618,-75.57957244252636],[-64.77828854028866,-75.73816741323012],[-65.04437049015952,-75.78746672963658],[-65.32174374048614,-75.815165297345],[-65.96568376327518,-75.95169443146014],[-66.37043941920128,-76.01339609161663],[-67.51822465683608,-76.1097209614087],[-69.30442053900468,-76.35073984161798],[-69.91528764512691,-76.52194386180096],[-70.09553504096098,-76.6545455870619],[-70.21012752956821,-76.67413095490052],[-70.55075273302009,-76.71805592234861],[-70.89499528673241,-76.73934661245288],[-71.79868689643654,-76.75278248484875],[-72.72229977078919,-76.68901376740058],[-73.47176306831824,-76.67547454214011],[-73.87980017769486,-76.69676523224436],[-75.2683459133775,-76.5814234353689],[-75.44350318063081,-76.58674610789497],[-75.65927812366553,-76.60819182729611],[-75.83133480498131,-76.60824350372839],[-75.96282548694799,-76.59212045685332],[-76.24417782256108,-76.5853508442231],[-77.19001156279924,-76.6297925759941],[-77.28705990264339,-76.7016228168798],[-77.16799740264291,-76.83391448354699],[-76.82357398141758,-76.99343963003201],[-76.2485703193059,-77.27492115672584],[-75.93724565296351,-77.33445240672609],[-75.74813574899139,-77.39847950633572],[-75.3869174872712,-77.4742371560756],[-74.58061011422112,-77.4780612120652],[-73.47824846057085,-77.53557708120606],[-72.85198177762564,-77.59025074657087],[-72.8751328192924,-77.69381031688377],[-73.25156979032255,-77.89421152131166],[-73.48499223498496,-77.97079599396821],[-74.04214168973978,-78.10939218537501],[-74.81204301624027,-78.17781178172946],[-75.39846716988843,-78.15786467886481],[-76.43783525257489,-78.04417652782267],[-77.74214840362177,-77.940306898916],[-79.67898108592118,-77.84253508901978],[-80.10412309438644,-77.79654306428002],[-80.60158626984415,-77.75199797964443],[-80.88851966014477,-77.79762826935814],[-81.10313188345293,-77.8418116189677],[-81.58093217642359,-77.84604908641563],[-81.44101823599334,-77.8856332335512],[-79.50966325551688,-78.15435068146894],[-77.85811031768473,-78.35092782990723],[-77.66478878448083,-78.40146738068869],[-77.4325807359773,-78.43464365022008],[-77.45242448597739,-78.56032073355391],[-77.54502865264442,-78.6595394835543],[-77.86914323597905,-78.74552906688798],[-78.71162411163345,-78.75209197378905],[-79.76657263865592,-78.82066659944036],[-80.29227698436114,-78.82273365673204],[-80.81632768423302,-78.7543140603776],[-81.92928300650311,-78.55908049917889],[-82.6084663561152,-78.41242278433457],[-83.08249426952855,-78.24664478954223],[-83.41206071646997,-78.11466318146879],[-83.77901506217457,-77.98361174917659],[-83.75209164095051,-78.06629404084359],[-83.68775448274712,-78.14804615672934],[-83.50825639518129,-78.2480917296464],[-83.2459209866516,-78.35702564891767],[-83.22695573600049,-78.40157073355327],[-83.35495825878746,-78.40756519969912],[-83.54445573600175,-78.35526865021976],[-83.70591874869771,-78.40415455516786],[-83.76273698600264,-78.4611019835535],[-83.69664282910132,-78.53727304475173],[-83.59515031608008,-78.61106699006453],[-83.26002865266727,-78.77426116324226],[-82.97076982291352,-78.81673919058618],[-82.58919104687033,-78.91626799918032],[-81.66087561717912,-79.09982268668107],[-81.50292660187901,-79.16286793407714],[-81.22216854523725,-79.29789845165581],[-81.16320573599222,-79.4003728168906],[-80.89200781932448,-79.50181365347954],[-80.70475826691487,-79.51716155387024],[-80.53482031932305,-79.51282073355772],[-80.47875139028636,-79.42621103303654],[-80.48851823598953,-79.32099781689028],[-80.41575781932258,-79.29453948355683],[-80.15117448598818,-79.2680811502234],[-79.45566138377185,-79.30440968212459],[-76.49912350127305,-79.32564869579654],[-76.21769365101152,-79.38719532665617],[-76.10514238147981,-79.4651233865523],[-76.03160681832847,-79.62707732535505],[-76.3439650133167,-79.82091562288187],[-76.55785376657276,-79.90349456168428],[-76.90400834827989,-79.95532602327303],[-77.22228349476552,-79.99413502392423],[-77.70186662465025,-80.0095346007472],[-78.69224544952401,-79.99537525829922],[-79.66040340851227,-79.99687387483569],[-78.90714189320977,-80.0896847472319],[-78.17604956736048,-80.16683766064367],[-77.16042680531214,-80.15288502392485],[-76.7571439277064,-80.13123259879457],[-76.40732031930654,-80.09490406689338],[-76.25960323760022,-80.16001637158114],[-75.9856147935887,-80.29499521272751],[-75.82242062041097,-80.33819671012353],[-75.70901668974645,-80.38269011832682],[-75.55502092151667,-80.53089812613992],[-75.49450781930288,-80.6174561502288],[-75.34456865100802,-80.71894866325005],[-75.23653906930184,-80.80266448356288],[-75.07559282092882,-80.86002532340686],[-74.80659115263347,-80.8864836567403],[-74.51113115100468,-80.83801116325051],[-73.93785864937479,-80.81594532666189],[-73.38334469266684,-80.89361500439657],[-73.0294644843321,-80.91728281038625],[-72.55321448433017,-80.85310068147975],[-72.17357357449794,-80.76390715934397],[-71.38003028022393,-80.68225839632282],[-71.23063371446813,-80.6467566873383],[-71.01764929877717,-80.61900644319755],[-70.68790198432272,-80.62629282015071],[-70.56002865261647,-80.64654998160913],[-70.39244198269392,-80.73548512158344],[-70.23911800808395,-80.85661467887559],[-70.01246517605179,-80.91774789827687],[-69.77224728054301,-80.96151783642809],[-69.63398698594611,-80.96585865674061],[-69.18158565944691,-81.00492603955328],[-68.5898646714888,-80.96797739046457],[-68.32657324896171,-81.00404754020431],[-68.28461198594073,-81.07386240023064],[-68.14374203151306,-81.13039641715794],[-67.9654066636738,-81.14827646273092],[-65.57369218612517,-81.46050546663842],[-64.75015072290573,-81.521690362472],[-63.47774776879908,-81.55321298617004],[-62.490236985917534,-81.55677865999817],[-62.35370785180239,-81.57662240999827],[-62.16537309431467,-81.6361536599985],[-62.54186174177711,-81.67826995231638],[-62.94589392765112,-81.68395435986848],[-63.5539705064296,-81.66721119580592],[-63.76863440617004,-81.67609954216012],[-64.23266292993492,-81.65971811312359],[-64.47567135278744,-81.67165536898301],[-64.69612301294458,-81.65232838330586],[-65.02155534530266,-81.69646005648312],[-65.61971004908109,-81.72927459098845],[-65.48664323592952,-81.77500823356677],[-65.26376278345467,-81.78565357861889],[-64.81056047225493,-81.8027068012752],[-64.190184902591,-81.79485198356686],[-64.1371390448434,-81.86931772249943],[-64.70612240259305,-81.88745615023387],[-65.91620357935571,-81.90223560986935],[-66.04226823593174,-81.91391448356731],[-66.13383887395294,-81.9534469542706],[-65.95304887557982,-81.97101694124984],[-65.84383073593095,-81.99328948356764],[-65.78662492538383,-82.04553435661472],[-65.91320634628278,-82.18320037224028],[-65.71399369979761,-82.27916350700627],[-65.57193518742726,-82.2943563781001],[-65.4244248114501,-82.280352064949],[-65.17012508814179,-82.31823088981893],[-64.91959774439079,-82.37052743929831],[-64.3965547349486,-82.3744548481525],[-63.77287187361797,-82.30427825310014],[-63.46632727726258,-82.30686207471473],[-62.64531795922544,-82.26304046013121],[-61.901642422113085,-82.27110198356874],[-60.859070400624546,-82.18676604606841],[-60.68709123395719,-82.18857472119862],[-60.527721116769065,-82.19989185987055],[-60.81721249046812,-82.27575286247502],[-62.09452470564251,-82.4666456033612],[-62.552998012936015,-82.50333587028842],[-62.73564836287163,-82.52731373487185],[-62.63092607283215,-82.62069304802327],[-62.46556148949816,-82.71820647575804],[-62.12863115095514,-82.82233448682616],[-61.91696448428764,-82.97669199008199],[-61.708941006096694,-83.00997161247795],[-61.31284115257948,-82.93917490023809],[-61.21840247256609,-82.99183318474351],[-61.20039323591237,-83.09792490023872],[-61.3032293361732,-83.18417286573386],[-61.43632198754092,-83.23243865349447],[-61.530579800041295,-83.2793608540155],[-61.58982682966392,-83.34121754346886],[-61.425289069246595,-83.3955811502399],[-60.98322302920578,-83.42751718539628],[-60.39703141950291,-83.440746352063],[-59.85380876325073,-83.44239999789635],[-59.515999925358756,-83.45841969190683],[-58.289924892801764,-83.12066253044715],[-57.797732713437824,-82.95855356234753],[-57.557127244686846,-82.8901856424254],[-57.35359961610531,-82.84026620883144],[-56.317874721895436,-82.63335377393477],[-56.07504716655593,-82.57020517367411],[-55.80067114930223,-82.47842782992375],[-55.29468136251635,-82.46483692823098],[-54.60110612651098,-82.31616383252728],[-53.986079067589245,-82.20061532992263],[-53.739582485557015,-82.17839446403713],[-53.55757809102502,-82.16940276481834],[-53.33909013529498,-82.14449472445366],[-52.798864712115744,-82.15358977653703],[-52.414960496619415,-82.13488290804737],[-51.73063534199427,-82.06150237419291],[-51.2096852280599,-82.01525196729168],[-50.65302669941184,-81.97546111442693],[-50.02926632343278,-81.96765797315086],[-48.36078935402507,-81.89231373486932],[-47.886838955260146,-81.92517994580695],[-47.36028194842211,-82.00403818148435],[-47.019889288915536,-82.00321135856768],[-46.56668697771581,-81.97923349398425],[-46.258049485852595,-81.94698740023412],[-46.119143235852036,-82.03959156690115],[-46.04638281918509,-82.15865406690163],[-46.19851823585236,-82.27110198356874],[-46.44834794776742,-82.33983163851696],[-46.516741705905716,-82.4545533182049],[-46.175315517753305,-82.51165577588742],[-45.78856909848092,-82.49496428825714],[-45.04373084164201,-82.4379651834392],[-44.45490373389226,-82.36592823682433],[-44.29181291357911,-82.31781747836061],[-44.06420406754956,-82.33140838005336],[-43.6693186101912,-82.2700684549229],[-43.18038204606164,-82.01716399528648],[-42.56452816422323,-81.76162403760317],[-42.046265224768035,-81.59786142367022],[-41.71155697281357,-81.40769215283612],[-41.43384782567705,-81.29772470491902],[-41.12590796564977,-81.21483570752285],[-40.91452551935987,-81.17235768017893],[-40.44080766454026,-81.16512297965808],[-39.762321946764104,-81.0320044900742],[-38.77171057794504,-80.88234954215694],[-38.01093014174408,-80.95428313590723],[-37.20924780938411,-81.06383717236601],[-36.8124244858148,-80.97469532666253],[-36.49952368828751,-80.959554132001],[-36.23398434095573,-80.92048674918836],[-35.965757819144756,-80.8908761534851],[-35.775898606904406,-80.81274138785979],[-35.520565354950264,-80.74566537874493],[-35.3269854395849,-80.65068409619248],[-34.34993913424246,-80.6034518370777],[-33.3287353175066,-80.54040658968162],[-33.191327684042506,-80.51865081168674],[-33.05720150402895,-80.53167327262429],[-32.70621517590254,-80.51389657991588],[-32.255700039182,-80.46077320751985],[-31.634239264439927,-80.44465016064477],[-31.312114223748534,-80.45007618603542],[-31.015439825960883,-80.30812102652965],[-30.425320807403832,-80.27964731233682],[-29.797348802193003,-80.22337167757098],[-29.531499396267453,-80.18182382600831],[-29.32910864919633,-80.17210865673744],[-24.240271979254103,-80.06188282665887],[-24.019820319096965,-80.00896615999199],[-23.574446987389454,-79.96483448681474],[-23.406860317466908,-79.85900115348097],[-24.088265753667557,-79.81481780387142],[-24.29985490568663,-79.77084115999104],[-24.53389746753652,-79.75787037548578],[-24.670426601651656,-79.77461353954834],[-25.258659430430043,-79.76252125439204],[-29.949303351347254,-79.59906869905285],[-30.04909054210286,-79.5853744444955],[-30.21125118663475,-79.48527719514614],[-30.177945726022646,-79.30430632926],[-30.315947638458084,-79.1631263162386],[-30.64525570323805,-79.12416228629053],[-30.98518327485399,-79.12793466584785],[-31.41280575206925,-79.14519459423333],[-32.5418324447821,-79.22219247834822],[-32.994207933065155,-79.22880706168158],[-34.197390306116844,-79.11026132600402],[-34.99493852389348,-78.97755624787848],[-35.515966152476295,-78.9330111632429],[-35.890103522269456,-78.84350758251337],[-36.239151984184915,-78.77426116324226],[-36.26561031751835,-78.61551116324162],[-36.18088680677582,-78.46838836050667],[-35.50924821627835,-78.04117929474974],[-35.0875943669928,-77.83710906362913],[-34.80836076510367,-77.82057260529574],[-34.55145138196461,-77.72853687938392],[-34.29020117851306,-77.52183115021641],[-34.07579566093406,-77.42540292755979],[-33.59117407890088,-77.31119801219474],[-33.376768561321896,-77.28169076935608],[-32.614076097126144,-77.14076913849614],[-32.405303310666966,-77.13622161245445],[-32.06338619640779,-77.15983774201185],[-31.6757871160026,-77.03307545359988],[-30.489192877716594,-76.76229094839046],[-30.221974046335323,-76.66038502391089],[-29.891554938261077,-76.5979598937023],[-28.933654751082766,-76.3702735330243],[-28.079417487081955,-76.2578256163572],[-27.653086920674,-76.22640634552373],[-27.134513922625047,-76.15736663198179],[-26.56007870126858,-76.05473723745013],[-26.05933407236033,-75.95717213328308],[-24.269572516363596,-75.76700286244898],[-23.19728654630721,-75.71770354604253],[-22.465496588622003,-75.66106617625064],[-21.94811214851576,-75.69413909291744],[-21.433776617914745,-75.68308033640697],[-20.98902340339474,-75.63440113718804],[-20.783273688224643,-75.59399016713579],[-20.48752946621825,-75.49198088979163],[-19.493016526761153,-75.53993661895849],[-18.850936855534627,-75.47017343536446],[-18.585164964257515,-75.46257699981756],[-18.30456193691265,-75.43136443471327],[-18.415149502017258,-75.39653451934853],[-18.51695207363224,-75.38991993601518],[-18.61725602871077,-75.34242929473896],[-18.749237636784216,-75.24212533966042],[-18.61725602871077,-75.11536305124845],[-18.51695207363224,-75.05200774525862],[-18.22120785162585,-74.9745447732531],[-18.068245612041906,-74.86297535593495],[-17.922724778707988,-74.699212742002],[-17.435829433653964,-74.37912892038615],[-17.29901607916122,-74.33391204213075],[-16.98924170578759,-74.31980437611506],[-16.727113002987068,-74.32760751739113],[-16.42953426763431,-74.32388681426612],[-15.672526210990654,-74.40729257598521],[-15.53124284510467,-74.37561492299028],[-15.289758877004758,-74.28089202259929],[-15.089176805063843,-74.16327646270298],[-14.658918829801708,-73.9889201801502],[-14.573807745816994,-73.93745045358749],[-14.611454026741626,-73.85177092884757],[-15.259631516978589,-73.88887460723313],[-15.748800625053462,-73.9456153298896],[-16.220089687555344,-73.91574635202491],[-16.28189470057643,-73.86701547637367],[-16.18086727544582,-73.83022185658186],[-16.003152024794062,-73.8159591612693],[-15.93566260422088,-73.75761646921177],[-16.097461513726728,-73.70909229928971],[-16.38772803391018,-73.68134205514897],[-16.518856980850817,-73.64403167103424],[-16.507023077855976,-73.55597503040889],[-16.435192836970273,-73.42569874460108],[-16.279104173232668,-73.38849171335092],[-16.14900875493788,-73.33448984160592],[-15.802828335014611,-73.15217538848019],[-15.596019252982543,-73.09677825306329],[-15.007037115935915,-73.04747893665684],[-14.320980800829007,-73.12302988066757],[-14.164711269578376,-73.10241098418311],[-14.000070156296474,-73.00055673613583],[-14.168328619838803,-72.84325367623937],[-14.29824317062058,-72.7846009255881],[-14.297752244513802,-72.7329761697285],[-13.938936936895175,-72.75623056425985],[-13.602859259484987,-72.79209400827041],[-13.20859391931414,-72.78506601347871],[-12.746916673218537,-72.62889983509268],[-12.094734259478955,-72.49815846139424],[-11.777363450558411,-72.44405323678464],[-11.496992967158846,-72.41294402454494],[-11.346485358108765,-72.28168588652358],[-11.121382819045365,-72.03152027779862],[-10.958111131219198,-71.90196746204289],[-10.961030849643691,-71.82233407988112],[-11.009219122755852,-71.75794524524544],[-11.179363776076855,-71.77685881946427],[-11.333049485712877,-71.7855404600893],[-11.696877407263813,-71.71929127389112],[-12.148193528684885,-71.61366464628654],[-12.284515957070852,-71.49511891060897],[-12.351333584024246,-71.38975066516585],[-12.207828131549718,-71.33223479602499],[-12.073676113320005,-71.29688811633734],[-11.926139899126712,-71.28867156360293],[-11.66305518232879,-71.33130462024373],[-11.328088548212861,-71.43972177519208],[-11.160140143264272,-71.48116627389017],[-10.969815843133304,-71.56007618599986],[-10.825431891309805,-71.55330657336962],[-10.659498867220607,-71.44266733183272],[-10.520075852897122,-71.29549285266546],[-10.406620245800326,-71.25032765084237],[-10.230584479198058,-71.20102833443592],[-10.033516404653,-71.13064503365439],[-10.12232235354658,-71.06093352649265],[-10.330991787141159,-71.02398487740396],[-10.359956427440766,-70.982385349409],[-10.270582037791968,-70.93572153104944],[-10.098732062205343,-70.9264197732369],[-9.887995571319081,-71.02734384550294],[-9.599356858752827,-71.09535003039905],[-9.402314622423903,-71.11757089628455],[-9.2306455143503,-71.17405323677957],[-8.965932989935183,-71.3613803038376],[-8.646495123722971,-71.67273080839614],[-8.497718675154658,-71.67479786568782],[-8.216443854190004,-71.64704762154707],[-7.915790371115876,-71.63536874784911],[-7.713735520854656,-71.5464336078748],[-7.669009568706031,-71.32427662545204],[-7.590125494812498,-71.22371428821205],[-7.617979091817816,-71.12149830513873],[-7.756885341818362,-71.01721526477372],[-7.8734932112849805,-70.94037240995571],[-7.854915533876053,-70.88461353951278],[-7.752725389018877,-70.84275562935636],[-7.619787766948022,-70.82900969836672],[-7.3881481591997025,-70.78694508248114],[-7.031606614601927,-70.83510751737717],[-6.838155890317296,-70.84451262805429],[-6.547501796891652,-70.81691741321043],[-6.24522050620034,-70.75578419380913],[-5.936298793959523,-70.71273772571001],[-5.694737311211156,-70.74529387805389],[-5.587870449231559,-70.85675994250747],[-5.708664109713823,-70.96827768339332],[-5.903794318047929,-71.05189015084157],[-6.080295172540829,-71.1541061339149],[-6.126752285171222,-71.26557219836847],[-6.117476365574831,-71.32598194771766],[-5.950044724949166,-71.34163990670211],[-4.450162115893676,-71.3276872699833],[-4.253223232429349,-71.33843596790001],[-3.9948410709699824,-71.33890105579064],[-3.7132045149792816,-71.37455779407203],[-3.2396416894565334,-71.36045012805636],[-2.812019212241296,-71.32096933378536],[-2.6102744205738304,-71.32076262805619],[-2.2613293115229567,-71.35709115995739],[-2.0146001855453903,-71.4333655740202],[-1.5006263899704209,-71.4123332660774],[-1.3542528955036914,-71.38680510852521],[-1.2163543359328344,-71.28417571399355],[-1.0677587548775591,-71.26562387480077],[-0.8958571028586279,-71.34923634224901],[-0.8400982324156985,-71.53971567167686],[-0.759870571282562,-71.63030445748451],[-0.5431654524665817,-71.71267669055776],[-0.3269254215412616,-71.64193165475018],[-0.18458268879328443,-71.55888762805715],[0.15420800131224155,-71.39796721790024],[0.5384997900507642,-71.2742538389935],[0.8349158056769285,-71.20232024524321],[1.552288038752721,-71.08026051216982],[1.9086487158374723,-71.00357268664867],[2.6094844905798595,-70.90011646920034],[3.506897413760555,-70.8444092751897],[5.1131042822565576,-70.65568694445979],[5.643924594758687,-70.63635995878262],[6.507954542678789,-70.58644052518866],[6.950924920284735,-70.53522918078743],[7.401129998411534,-70.49440479927685],[7.676772088256398,-70.35632537219296],[8.306707797894319,-70.4615902647715],[8.523025343468106,-70.47378590279239],[8.817477654667215,-70.39084522896393],[9.141592238001834,-70.1837260883381],[9.613501417691225,-70.26904387805199],[9.885526157275649,-70.40288583768793],[10.217702264047801,-70.50789234810503],[10.96887088384247,-70.68772633248074],[11.203481886447577,-70.7287574197205],[11.701229282282924,-70.76658456815814],[11.833624301814694,-70.73656056099657],[12.067925245826046,-70.61651620878254],[12.308840773170743,-70.44329680774018],[12.46159630702553,-70.37012297961489],[12.68194461431807,-70.30867970161985],[12.929371372131584,-70.21338836047363],[12.864569126037566,-70.16233204536927],[12.723389113016168,-70.1436768533119],[12.595128208067734,-70.11742522570763],[12.626237420307433,-70.06559376411887],[13.065590447652937,-70.05360483182716],[13.297927687237205,-70.2296147602133],[13.532642042706897,-70.28754404081248],[13.822650180728887,-70.34314788195853],[14.491756626044067,-70.29963632596878],[15.06391808437971,-70.29477874133333],[15.562905714590016,-70.33074553820848],[15.806921827872259,-70.32397592557825],[16.02520307787313,-70.19344125760898],[16.381046990634957,-70.14512379341608],[16.58485883959412,-70.20382822049964],[16.709192335688357,-70.39725310656812],[17.166735467200596,-70.45084156685479],[18.124609816162774,-70.54034514758432],[18.231993442465296,-70.5182793109957],[18.351366001059517,-70.41549488716716],[18.432601352622328,-70.2899211566979],[18.62731814949811,-70.26945728951031],[18.877225376061602,-70.20134775174964],[19.009413689864232,-70.21209644966635],[19.196379021896234,-70.2931250955],[19.13230024585431,-70.49192433052684],[19.026570265385118,-70.6740320779234],[19.152970818771053,-70.82084482206461],[19.26510867684442,-70.90239023222118],[19.40928592293875,-70.91696298612749],[19.651855096116805,-70.92058033638793],[19.944240350024216,-70.91014169706497],[20.128105096118702,-70.917583103315],[21.07078657398705,-70.84342742297616],[21.186025017997935,-70.68059498482447],[21.337333611748534,-70.49507659289664],[21.70495975107292,-70.25850188586445],[21.84893029143808,-70.27674366646347],[21.962308383886466,-70.30035979602086],[22.2158329607104,-70.41730356229738],[22.366004672950567,-70.47512949003197],[22.396493768002784,-70.56137745552711],[22.23371300628338,-70.64271615995452],[22.277844679460628,-70.6956328266214],[22.445379672950878,-70.73971282336638],[22.97899051279677,-70.81030282987706],[23.14993615081829,-70.79624684029368],[23.406871372173498,-70.72327971789755],[23.664840122174525,-70.57496835721987],[23.8036430193105,-70.40459115995357],[24.024094679467623,-70.41337615344318],[24.23576134613515,-70.44867115669854],[24.385726352646145,-70.53688282662077],[24.385726352646145,-70.70441782011103],[24.588401320094874,-70.82043141060628],[24.756763136501803,-70.89205494576281],[25.187434523222265,-70.9710165343048],[25.650145297963718,-70.9906535785757],[25.974156528433753,-71.03736907336756],[26.498879021925433,-71.01948902779458],[26.75436730317645,-70.96729583117978],[26.917974887812534,-70.95370492948702],[27.206846144324118,-70.91091684354934],[27.508636508908637,-70.81330006294999],[27.697772251096893,-70.77247568143942],[28.38641238781841,-70.68204192492864],[28.911548292768433,-70.58313323352199],[29.463866001103984,-70.4062964822192],[30.003367954231127,-70.30004973742712],[30.834118279755273,-70.24625457141127],[31.062838169079104,-70.22470549914556],[31.37878787611163,-70.22573902779139],[32.15951541517725,-70.0998552387284],[32.45655154799093,-70.02595794055101],[32.62129601413744,-70.00063648872799],[32.80981163913819,-69.90932423286826],[32.9115108578886,-69.73372771594047],[32.98933556492014,-69.6241736794817],[32.976003045388836,-69.51694508247606],[32.90313927585731,-69.3787106260953],[32.73798139825249,-69.25484221789168],[32.56755252455389,-69.0741814105993],[32.641553175595845,-68.86892262153597],[32.77611860528387,-68.78308806749916],[33.12152387872277,-68.68919199002484],[33.465585564922065,-68.67069182726433],[33.853468865704855,-68.68299081814982],[34.19287967299789,-68.70242115669156],[34.21933800633133,-68.79063282661377],[34.074230584455734,-68.88535572700478],[33.88488813653831,-68.97930348091141],[33.772026808412875,-69.0200245095574],[33.813678012840114,-69.09929615669314],[34.05862430190359,-69.11056161893276],[34.595852492009925,-69.09454192492228],[34.74953820164595,-69.16771575304757],[35.131323683418316,-69.48692107531448],[35.224754673002025,-69.63729949328383],[35.35704633966922,-69.6813794900288],[35.56767947769089,-69.66008879992455],[36.0177812029531,-69.66184579862247],[36.33114708837101,-69.63931487414321],[36.585911899569965,-69.63791961047133],[36.718720330560075,-69.65223398221619],[36.85576622899811,-69.72556283963836],[37.11487186050957,-69.81046721789392],[37.37449425634396,-69.74788705838844],[37.559805942542596,-69.71832813911749],[37.78707889176226,-69.72566619250294],[38.14436974462828,-69.82426482531584],[38.499386834473455,-70.05613697700947],[38.88551313655833,-70.17189218534327],[38.91166141129801,-70.0978915343013],[38.85926150895406,-70.00601083768635],[39.01873497900678,-69.92425872180061],[39.211384718590864,-69.78597258898755],[39.48702680843573,-69.60799895617434],[39.70510135270743,-69.42563282661632],[39.762255486822255,-69.17334848416739],[39.86385135270808,-68.96700449002594],[40.0417216326567,-68.86778574002555],[40.21566450375116,-68.80484384549405],[40.48386518734597,-68.73890471788961],[40.81707482276397,-68.72360849393122],[41.13271447120272,-68.57509042752437],[41.356370070161944,-68.51493906033663],[41.82466189959092,-68.43267018012797],[42.408812290218265,-68.35184824002349],[42.81953657407405,-68.12323170356423],[42.96092329282462,-68.09527475369433],[43.170936313658814,-68.05972136827752],[43.55406538267076,-68.04561370226185],[44.1775932147045,-67.97243987413654],[44.37282677590318,-67.9612777647615],[44.69983523944617,-67.90433033637586],[44.98953331887441,-67.7692481423649],[45.19696251809398,-67.7311109353335],[45.569342889189215,-67.73643360785957],[45.88766971210717,-67.65979745877071],[46.1539066912749,-67.65700693142695],[46.399059686067545,-67.61762949002055],[46.43647342304687,-67.5333452289525],[46.319684686067234,-67.47655282986373],[46.31730757018181,-67.40193206163427],[46.45404341002609,-67.30364348741512],[46.559670037630696,-67.2681934548629],[46.8838879738299,-67.27480803819626],[47.15436242044558,-67.35723194770179],[47.35155968607137,-67.36188282660807],[47.40292605976947,-67.40916676215512],[47.23136030456047,-67.46828460069703],[47.11715538919543,-67.57261931749433],[47.31414594909205,-67.6649134255676],[47.48984581888442,-67.7279586729637],[47.70347618997903,-67.71617644640115],[47.95855105977171,-67.66005584093217],[48.20990522643936,-67.699329929474],[48.32162967305442,-67.78521615994309],[48.32162967305442,-67.91750782661029],[48.37454633972129,-67.9880461566887],[48.550969679565725,-67.9263444965322],[48.648018019409875,-67.794052829865],[48.62000939310769,-67.62522592556745],[48.630344679566065,-67.5206328266087],[49.052954542849,-67.35247771593095],[49.21935265482884,-67.2268523090294],[48.92303999206723,-67.19972218207616],[48.713647088420544,-67.21693043402936],[48.59840864440969,-67.17124846788336],[48.46529015482582,-67.04345265082554],[48.83022911967103,-66.93829111111158],[49.247051222537266,-66.94154672634596],[49.48869021993409,-67.0309469542109],[50.00617801290488,-67.17517587673753],[50.2929822121248,-67.1721269672323],[50.55301801941749,-67.19429615668552],[50.60593468608437,-67.15021615994056],[50.508886346240246,-66.93854949327303],[50.520875278531946,-66.82005543402776],[50.30600467306235,-66.75334115993897],[50.244303012905846,-66.60337615342794],[50.332463006395784,-66.44462615342731],[50.58826134624056,-66.35646615993737],[50.93687055848153,-66.31538339626533],[51.687522413953275,-66.07214242946749],[51.884512973849894,-66.02000090928499],[52.37822960796646,-65.96915129990978],[52.955248650937534,-65.94548349392011],[53.67179406109665,-65.85866708766976],[54.94789188011217,-65.9163379861075],[55.29040327334269,-65.95416513454514],[55.50444705589564,-66.00263762803492],[55.71032596214647,-66.07994557074356],[55.97408247256419,-66.2093950336347],[56.36155236188864,-66.3727959125416],[56.859403110588545,-66.42349049261993],[57.00027306501622,-66.47485686631806],[57.18548139835028,-66.6132463519957],[56.98652713402657,-66.70435190212626],[56.823643019442585,-66.71267180772526],[56.510070428295506,-66.65923837673546],[56.294476352773785,-66.60342782986025],[56.14585493350236,-66.62606210720408],[56.29189253115919,-66.72114674262113],[56.453226352774436,-66.7797994932724],[56.47968468610788,-66.85917449327272],[56.39142133975335,-66.97384449652839],[55.80272342308433,-67.19930877061783],[56.15484663272116,-67.26457610460247],[56.36589318220118,-67.21248626085226],[56.5621602720457,-67.11595468533103],[56.760081007723585,-67.07332162869024],[56.89164920433868,-67.05621672960163],[57.36107791527806,-67.0525993793412],[57.62741824731037,-67.01404876085147],[57.82812951033202,-67.04133391710158],[58.02677371606197,-67.10339731228412],[58.31750532413604,-67.16308359158123],[58.73742801293982,-67.22959115994087],[59.25078169132729,-67.4849760883273],[59.65024051294347,-67.45856943142616],[59.86759158716311,-67.40317229600927],[60.48202436711347,-67.3851888975717],[61.0121212095635,-67.49949716580132],[61.30905398951262,-67.54021819444732],[62.1739107603494,-67.57546152127037],[62.68788455592437,-67.64755014431753],[63.0176835468111,-67.56181894314534],[63.237618442645335,-67.52688567491602],[63.698985630147185,-67.50828215929094],[63.931219516866854,-67.52605885199935],[64.5736609231194,-67.62042001736431],[65.7075452004677,-67.71643482856261],[66.48837609239791,-67.76552743923989],[67.17484581896315,-67.7680079079899],[67.50247439969363,-67.81017587674006],[68.09851036974813,-67.85410084418815],[68.32795372912403,-67.88955087674039],[68.89949507027214,-67.8620590147611],[69.16717898954406,-67.82485198351095],[69.41646609892004,-67.74299651476063],[69.55919640491018,-67.76320199978676],[69.65593468616058,-67.8645911599434],[69.6030180194937,-68.04096282335557],[69.70451053251494,-68.16085214627272],[69.7886397642861,-68.27944955838257],[69.90739220569284,-68.37944345486734],[69.98221967965148,-68.4642961566906],[69.927959425745,-68.53540292752422],[69.7619747252235,-68.59855152778489],[69.53418501168095,-68.73694101346253],[69.54689741402473,-68.8566753070828],[69.6455993997022,-68.93222625109352],[69.53077436714966,-69.02405527127617],[69.61469689319168,-69.15376311632878],[69.62947635282714,-69.23158782336033],[69.54937788277473,-69.29370289497517],[69.37181766141987,-69.33147836698052],[69.06496300647072,-69.33742115669409],[68.9062130064701,-69.37271615994945],[68.87975467313663,-69.46971282336129],[68.95912967313697,-69.5402511534397],[69.1355530129814,-69.57797494901276],[69.1884696796483,-69.65492115669537],[69.16201134631487,-69.76959115995103],[69.08263634631453,-69.86658782336288],[68.92047570178264,-69.91180470161827],[68.74374230334445,-69.92136484159226],[68.41528689969729,-69.90214120877968],[68.1780920754776,-69.83728728625339],[68.0271968931853,-69.8944414203682],[67.91702273953905,-69.95268075956113],[67.57533816922518,-70.08786630643668],[67.41658816922455,-70.17716318143704],[67.2679667499531,-70.27317799263534],[67.65895063667344,-70.32599130643763],[67.94079389839331,-70.4228329405526],[68.55936079292704,-70.41244597766193],[68.75738488146948,-70.36991627388572],[69.02093468615803,-70.32521615995326],[69.16201134631487,-70.33400115344287],[69.25017133980478,-70.431049493287],[69.19663455595042,-70.58525196724595],[69.18836632678372,-70.7045728494079],[68.87272667834495,-71.0351986632113],[68.76792687365702,-71.09069915149277],[68.62374962756272,-71.18139129016501],[68.44753299344742,-71.25156788521737],[68.31059044787395,-71.28655282987897],[68.03742882677912,-71.39104257597315],[67.87330447782011,-71.57976490670306],[67.693573846309,-71.73670623157348],[67.4321944517767,-72.00294321074121],[67.28109256375524,-72.29057423287779],[67.21484337755706,-72.461468194467],[67.11335086453582,-72.64109547311355],[66.89207238146201,-72.9486735981148],[66.74644819526353,-72.99983326608374],[66.49767785021045,-73.12551034941758],[66.56909467963783,-73.20917449329812],[66.76474165229484,-73.2169259581419],[67.00317671088956,-73.23640797311594],[67.32202029813041,-73.3002800434287],[67.74866092313212,-73.16814340605838],[67.97138634631008,-73.08566782012055],[68.01551801948736,-72.91813282663028],[67.97138634631008,-72.75054615670774],[68.1068819517794,-72.65065561308755],[68.41983442573897,-72.51505665475368],[69.15705040881483,-72.41868010852933],[69.30949588407586,-72.40880990996159],[69.5546488788685,-72.37449675891978],[69.76972619006727,-72.2535739073568],[69.96216922392222,-72.13290943795528],[70.2943453306944,-72.05539478951746],[70.57288130074758,-71.93095794055863],[70.61618615100818,-71.84207447701661],[70.7316313007482,-71.82223072701653],[71.07879357288502,-71.73670623157348],[71.16788374215623,-71.67154225045343],[71.2767143085629,-71.62389657988032],[71.3492680195007,-71.51387745553092],[71.37882693877165,-71.30918710722281],[71.46481652210531,-71.15457122180553],[71.63390180856433,-70.94926075630991],[71.7713611184607,-70.80131113065828],[71.90489301950291,-70.70669158313186],[72.26259728382726,-70.65677214953791],[72.41793663929666,-70.59863616320955],[72.62236860544328,-70.47202890409446],[72.76034467966258,-70.39575449003166],[72.7443249856521,-70.23912322375499],[72.82204633981908,-70.09592782987421],[73.04146447133039,-70.00967986437907],[73.32475467315442,-69.84896615995135],[73.6760510598746,-69.82576344185229],[73.94218468617774,-69.7431328266176],[74.22671512237679,-69.8003386371647],[74.57108686716984,-69.87961028430044],[75.14779585154713,-69.85542571398783],[75.42385135285033,-69.89304615669631],[75.63551801951783,-69.84896615995135],[75.82072635285192,-69.72551116320606],[75.89121300649802,-69.57554615669504],[76.11176801951973,-69.4873861632051],[76.35971154165614,-69.49022836698116],[76.7701257669182,-69.33969491971493],[77.19201216014908,-69.20595631294357],[77.54093143098379,-69.17438201281323],[77.81750369660989,-69.06891041450552],[78.01511437369402,-68.89191863390585],[78.22853803905946,-68.7561129698428],[78.48898725781049,-68.6257850076027],[78.56350467317537,-68.39375782661219],[78.72628543489478,-68.27784758898152],[79.03510379427101,-68.17542490017902],[79.2878015481783,-68.11930429471005],[80.36308475130758,-67.94691171658437],[81.18742719922756,-67.83125986111514],[82.01704064324127,-67.69007984809375],[82.27325239454439,-67.69173349392709],[82.60697879428531,-67.61308196397886],[83.15784956251667,-67.61049814236426],[83.30430057163184,-67.60305673611424],[83.49364301954927,-67.44125782660838],[83.90374718621757,-67.29196461371716],[84.16078576043736,-67.24411223741488],[84.48521040236574,-67.11450774522686],[84.74834679559595,-67.1022087543414],[85.11679975783701,-67.12561817816962],[85.42902876174452,-67.16096485785727],[85.7107686705998,-67.161274916451],[86.1183923685181,-67.05497649522663],[86.75018842971855,-67.03709644965365],[86.94655887242766,-66.98557504665864],[87.08484500524071,-66.94015146267408],[87.98029422399429,-66.78842945746514],[88.3141239765998,-66.81747161241317],[88.78944380082046,-66.791943454861],[89.0765580586341,-66.79938486111102],[89.35178673702065,-66.81819508246528],[89.69843224483452,-66.8230009906684],[90.29302127478479,-66.7696192361109],[90.54726932166082,-66.73427255642326],[91.02165897010022,-66.60280771267273],[91.54607140499814,-66.57211191189137],[91.77706505734284,-66.53748870225581],[92.073481072969,-66.50787810655257],[92.31232954302206,-66.5585726866309],[92.48585900265817,-66.60425465277692],[92.59200239458568,-66.6144865863707],[92.73059858599248,-66.62440846137073],[93.07486697792092,-66.57107838324552],[93.3580538268804,-66.58544443142267],[93.72164920448603,-66.64301197699581],[93.96421837766408,-66.68967579535537],[94.08875857948749,-66.688900648871],[94.31344770709256,-66.64714609157916],[94.58681603391656,-66.54358652126625],[94.83982384641757,-66.50141855251609],[95.0839433125644,-66.52746347439118],[95.2479643086588,-66.5711817361101],[95.54096967975372,-66.63097136827182],[95.99138146360968,-66.62120452256865],[96.4237064961635,-66.59965545030293],[96.78885216673788,-66.55056283962566],[97.10056440632246,-66.49945484808899],[97.38850548705278,-66.57862314236014],[97.71985477090826,-66.60730356228214],[98.25759972533751,-66.46746713650032],[98.4617216328904,-66.49857634874003],[98.60310835164097,-66.53480152777664],[98.72010379434977,-66.55314666124025],[98.85890669148576,-66.67081389756883],[99.37008995971695,-66.64828297308958],[99.82432579956253,-66.54865081163085],[100.2116923360224,-66.4739266905368],[100.59120405477393,-66.42519581488557],[100.88906701050428,-66.35796477647384],[101.32717980347479,-66.10046111436344],[101.32087527873517,-66.02093108506625],[101.38133670451666,-65.97307870876396],[101.47445763550661,-65.95116790147222],[102.17415652873859,-65.95416513454514],[102.3922310730103,-65.93256438584714],[102.67417768759475,-65.86517831813853],[103.16655073447171,-65.9168547504304],[103.63876997275486,-65.9989169249099],[103.76351688030744,-65.98971851996195],[103.95120568239153,-65.98806487412861],[104.2890661967158,-66.03912118923299],[104.66702762249855,-66.13678964626462],[105.00044396364572,-66.16407480251473],[106.3869226420367,-66.41067473741155],[107.17085411990442,-66.47041269314096],[107.56555870974972,-66.55237151475586],[107.66725792850013,-66.58038014105806],[107.78508019412561,-66.66404428493861],[107.99168257042851,-66.67210580837613],[108.15787397667918,-66.63908456814163],[108.37615522668005,-66.7657951801213],[108.9100761251197,-66.86191334418419],[109.46280724491356,-66.90873219184063],[109.82371544804003,-66.83369801215282],[110.43701134647999,-66.62104949327177],[110.62221967981405,-66.52400115342763],[110.586976352991,-66.31233448676012],[110.90675011601311,-66.07663827907687],[111.45307335820277,-65.96088307074308],[112.13024132695548,-65.90011158636784],[112.54789025273843,-65.84797006618535],[113.0993811381573,-65.7999109841539],[113.36799523321045,-65.84869353623743],[113.50214725144016,-65.8863656553782],[113.70978315638891,-65.92956715277421],[113.95452273972322,-66.06046355576953],[114.33692833868307,-66.3601868630624],[114.6185648946738,-66.46798390082324],[114.8695056498831,-66.47692392360973],[115.08241255092562,-66.49294361762021],[115.31040897019739,-66.56084644965173],[115.63535037644868,-66.77116952907966],[115.44187381394794,-66.95797983181478],[115.27371870327015,-67.02789804470568],[114.57060916550695,-67.10851327908101],[114.25972374883901,-67.17228199652918],[113.99121300665044,-67.21191782009704],[113.91245812383764,-67.36767058702476],[114.02655968633809,-67.44125782660838],[114.31904829311009,-67.40565276475928],[114.6579423360802,-67.38792774848316],[114.92583296108127,-67.35650847764971],[115.17191613165517,-67.30777760199847],[115.38420291551017,-67.23811777126903],[115.88525760301219,-67.20194426866472],[116.2146431824406,-67.14272307725822],[116.50909549363968,-67.1078931618935],[116.71352745978632,-67.04717335395055],[116.92364383348507,-67.05544158311726],[117.13189985562134,-67.11435271593],[117.29788455614285,-67.10923674913309],[117.74478234260295,-67.12856373481026],[117.9519014832288,-67.08536223741424],[118.13866010953164,-67.08241668077362],[118.32583214729279,-67.11502450954978],[118.51899865119981,-67.16091318142497],[118.71392215380476,-67.17166187934168],[118.96465620328495,-67.14479013454991],[119.3182263530259,-67.07084115994023],[119.76801801969438,-66.99146615993992],[120.18732059131065,-66.96619638454919],[120.28922651579022,-66.96655811957523],[120.37480268766556,-66.98376637152843],[119.95374311735137,-67.07585377387254],[119.28060591031743,-67.19925709418554],[118.92166141161809,-67.31971485785789],[119.13301801969183,-67.37071949652999],[120.40033084521775,-67.23605071397735],[120.9786934754284,-67.13569508246654],[121.48760298063878,-67.0907365863726],[121.61317671110801,-67.05704355251831],[122.03309939991178,-66.90170419704893],[122.18275434782906,-66.85943287543418],[122.63306277882045,-66.80486256293396],[123.22165734262482,-66.74507293077227],[123.6665914246579,-66.67686004014699],[123.96931196502366,-66.60807870876651],[124.19617150278505,-66.60074065538106],[124.3705277853378,-66.65221038194376],[124.59780073455744,-66.70822763454815],[124.82155968638126,-66.69458505642311],[125.09513471893443,-66.64115162543332],[125.28633751841437,-66.51578460069322],[125.39795861216483,-66.42442066840118],[125.60301069549901,-66.39336313259378],[125.86563032440625,-66.36442433051032],[126.07709028534465,-66.39553354275003],[126.42373579315854,-66.46240284613572],[126.66475467336778,-66.4975428200942],[126.87363081269154,-66.75933562608482],[127.36538374238103,-66.9896058083774],[127.54118696503798,-67.05104908637244],[127.96803429576886,-67.02789804470568],[128.4305383647811,-67.11915862413314],[128.6278389832715,-67.10716969184142],[128.81645796113685,-67.08034962348194],[128.98244266165835,-67.09828134548722],[129.23689741426352,-67.04164397569532],[129.5000338074937,-66.75297942491292],[129.7411560405676,-66.46860401801074],[129.9757670431727,-66.34478728623941],[130.12046105358996,-66.29150888454649],[130.30060509655942,-66.26846119574431],[130.57852094942513,-66.20856821071803],[130.95172814343704,-66.19135995876483],[131.23202111218814,-66.21554452907743],[131.83084760958639,-66.23580169053585],[132.320326776255,-66.16541838975432],[132.87429813042388,-66.17802743923353],[133.14828657443542,-66.09482838324362],[133.4444958843324,-66.08149586371233],[133.8428178244382,-66.15363616319178],[133.95753950412615,-66.2043307432701],[134.1789213400645,-66.27709115993707],[134.23183800673144,-66.34762949001546],[134.28950890516916,-66.47671721788056],[134.39813276584664,-66.47992115668266],[134.76968631402525,-66.35331389756757],[134.97143110569272,-66.33016285590081],[135.35197635309004,-66.12712615342605],[135.55475467340335,-66.18004282009292],[136.0094039247073,-66.26675587347869],[136.19399214085382,-66.29223235459858],[136.55335005101153,-66.4389417458752],[136.73959191299144,-66.40767750433862],[136.88914350804413,-66.33961964301022],[137.3362480002334,-66.34649260850505],[137.75379357315177,-66.40643726996362],[137.92577273981908,-66.45692514431278],[138.13991987523661,-66.5439482562923],[138.27097130752884,-66.56446379991216],[138.37649458226883,-66.54038258246415],[139.24166141169934,-66.57402393988616],[139.61321495987795,-66.63763762803745],[139.90012251196242,-66.71510060004297],[140.90161176977892,-66.75194589626709],[141.28598107316589,-66.83183766059032],[141.5171814312397,-66.79401051215267],[141.97286421118946,-66.80672291449646],[142.15900272030478,-66.87359221788215],[142.32664106665965,-66.94836801540849],[142.68754926978608,-67.01280852647646],[142.88836388567228,-67.00009612413265],[143.1689669130172,-66.94862639756995],[143.44822635312244,-66.87679615668425],[143.73037967343606,-66.87679615668425],[143.86267134010325,-66.93854949327303],[143.91114383359303,-67.09068490994031],[144.1176428570314,-67.08773935329968],[144.34780968645936,-67.01792449327336],[144.55058800677267,-67.03554615668489],[144.62117801328338,-67.14137949001864],[144.51534467994964,-67.28250782660774],[144.25964969296945,-67.4786715635877],[144.1537130067711,-67.64408782335398],[143.94204634010356,-67.7940011534327],[143.97739301979124,-67.8645911599434],[144.18905968645873,-67.89983448676647],[144.40424035052212,-67.79420785916187],[144.87914676328444,-67.7208790017397],[145.1279171083375,-67.62594939561954],[145.55641808490174,-67.59091277452565],[145.97520389219505,-67.6242440733539],[146.27637413959206,-67.75090300890129],[146.82786502501096,-67.96468840929276],[146.85246300678187,-68.04096282335557],[146.89659467995915,-68.1203378233559],[146.87819787006327,-68.19123788846034],[146.79768598855253,-68.27366179796587],[147.09368859272035,-68.36864308051834],[147.35382775287763,-68.38424936307048],[147.56859500548268,-68.37510263455482],[148.45618940652787,-68.46698333116977],[148.88055626850877,-68.43111988715921],[149.26275516173945,-68.43132659288838],[149.71688764872044,-68.41778736762791],[150.0654968609614,-68.41990610135188],[150.34217247945213,-68.43577076606549],[150.67197147033886,-68.40290455512785],[150.93593468648572,-68.35846282335685],[151.0682263531529,-68.38492115669028],[151.12114301981978,-68.62304615669123],[151.13881635966362,-68.76417449328034],[151.28878136617465,-68.81709115994722],[151.44753136617527,-68.76417449328034],[151.56214969299867,-68.69363616320193],[152.26525923076193,-68.72557219835831],[152.5454488466484,-68.72960296007707],[152.81416629456618,-68.76768849067619],[153.08185021383804,-68.85683033637967],[153.33992231670368,-68.81796965929618],[153.4956750836314,-68.76432952257721],[153.70527469300725,-68.728879490025],[153.76697635316373,-68.64066782010276],[153.79240115785132,-68.49333831163864],[153.78464969300757,-68.34962615343493],[153.9080530133205,-68.32316782010149],[154.0315596864981,-68.34962615343493],[154.1997147971759,-68.4178907204925],[154.57633263571904,-68.63425994249857],[154.8660307151473,-68.77435475044186],[154.9874703310332,-68.8413274066921],[155.16399702374224,-68.89460580838502],[155.5202543479624,-69.02446868273451],[156.01097374900604,-69.07779876085972],[156.4886706891121,-69.18301197700598],[157.04636274640603,-69.17624236437574],[157.481374953439,-69.30868906033982],[157.7758272646381,-69.20466440213627],[157.93251020734706,-69.18073821398514],[158.15781945213962,-69.2089018695842],[158.4326347190678,-69.29938730252728],[158.64719526594365,-69.3201612283086],[159.38627160058206,-69.4683692361217],[159.7839734235003,-69.52190601997609],[159.93094119693836,-69.63058155708589],[160.12576134667876,-69.73429615669568],[160.12576134667876,-69.84012949002944],[160.20968387272075,-69.97490162544665],[160.65182742741,-70.08052825305123],[160.8267004742857,-70.18202076607247],[161.03702355371365,-70.31715463651572],[161.4244934430381,-70.82673593534588],[161.62510135319513,-70.91608448677853],[161.916143019863,-70.90729949328892],[162.18951134668703,-71.0395911599561],[162.27777469304152,-71.0219178201123],[162.28655968653112,-70.9690011534454],[162.0396496930406,-70.6250428201107],[162.02197635319675,-70.43983448677663],[162.2159696800205,-70.33400115344287],[162.67475304590766,-70.30459726346879],[163.02646284408615,-70.50138111763624],[163.3487170758583,-70.62085702909506],[163.56648156153625,-70.64230274849619],[163.99839318263173,-70.6365149880795],[164.40322635320626,-70.51042449328733],[164.71607547430125,-70.55651987089168],[165.2093786969595,-70.57083424263654],[165.85388716050375,-70.6453516580014],[166.13200971909862,-70.63284596138678],[166.62696658759018,-70.66421355578794],[167.22879031806133,-70.7712871234967],[167.56944135972935,-70.81025115344478],[167.64003136624007,-70.85438282662203],[167.7987813662407,-70.92492115670044],[167.878156366241,-71.01313282662267],[167.96631635973097,-71.09250782662299],[168.1726086774401,-71.18319996529523],[168.38282840400342,-71.1973593077432],[168.7978935081718,-71.27477060331643],[169.6637838076544,-71.51134531034862],[169.97694298734314,-71.58069508248431],[170.16235802640637,-71.63045948678139],[170.25051801989633,-71.56875782662489],[170.27687300036519,-71.44390756620773],[170.4357263532304,-71.41879282011388],[170.60336469958526,-71.60400115344795],[170.77968468656513,-71.74512949003706],[170.85905968656544,-71.86858448678234],[170.67540164620013,-71.96857838326711],[170.40926801989696,-71.94795948678266],[170.2240596865629,-71.94795948678266],[170.03006635973918,-72.11554615670521],[169.95348188708266,-72.40286712024802],[170.12711469958333,-72.39775115345113],[170.25940636625052,-72.37129282011769],[170.28586469958398,-72.47712615345144],[170.20648969958364,-72.56533782337368],[170.04773969958302,-72.60063282662902],[169.77488813708192,-72.53381519967563],[169.44033491442434,-72.48678964629002],[169.0723987165062,-72.46870289498787],[168.71882856676518,-72.38447031035211],[168.57620161363963,-72.37914763782605],[168.42840701728488,-72.38338510527399],[168.6216768740565,-72.47268198027434],[168.82001102119267,-72.5524187153007],[169.2694926292674,-72.62125172311347],[169.82863162666547,-72.72884205514515],[169.84485802640512,-72.79462615345271],[169.7121529482796,-72.87694671009366],[169.54503136624766,-73.05042449329748],[169.0334346865581,-73.20033782337622],[168.7358817894215,-73.09119719837578],[168.3813814638993,-73.06592742298506],[168.2044413597319,-73.12979949329781],[167.85304162014717,-73.12240976348006],[167.15561648993605,-73.14731780384474],[166.88276492743495,-73.01120208118796],[166.45281701076658,-72.93601287220328],[166.46697635321453,-72.99750782663061],[166.8339823753514,-73.22431568795966],[167.22558637925928,-73.27573373809005],[167.61584679592744,-73.33681528105905],[167.709071079782,-73.39422779733533],[167.53419803290632,-73.44729949329907],[167.29648644436367,-73.44001311634592],[166.99614301988333,-73.54429615671091],[166.42883914618312,-73.52693287546086],[166.15939822821332,-73.53375416452337],[166.00106163967098,-73.57664560332563],[165.86019168524336,-73.59266529733611],[165.9705725446188,-73.63080250436754],[166.1060681500881,-73.7351372211648],[165.9133150576394,-73.82283212676411],[165.73368777899282,-73.86670541777991],[165.5488928571171,-73.84608652129546],[165.34694135972046,-73.87941782012372],[165.2498930198763,-73.78242115671188],[165.24451867091796,-73.57121957793498],[165.12948693263627,-73.38265227650194],[165.00484337794825,-73.37448740019983],[164.81302046128081,-73.39681161894991],[164.74966515529098,-73.55876555775265],[164.88774458237486,-73.83771493926417],[164.97993533758358,-73.92587493275411],[164.90593468654163,-74.0029244933013],[164.7757100771661,-74.02850432728577],[165.03719282456296,-74.26352874134922],[165.2631221865431,-74.42620615020402],[165.39985802638734,-74.4791744933032],[165.40864301987693,-74.55854949330352],[165.30280968654318,-74.59379282012658],[165.00112267482325,-74.56268360788687],[164.85301801987475,-74.5783415668713],[164.68899702378036,-74.56836801543898],[164.4107711123209,-74.53338307077738],[164.1739896995595,-74.52325449004817],[163.93586469955858,-74.56733448679314],[163.7352567894015,-74.563768812965],[163.55655968653622,-74.41742115671441],[163.3978096865356,-74.38212615345907],[163.2655180198684,-74.42625782663633],[163.16733279851383,-74.6019576964287],[162.96124718653388,-74.65606292103828],[162.75206098861634,-74.73616139109069],[162.60405968653242,-74.82313282663792],[162.5335730328863,-75.16709115997261],[162.4100663597087,-75.23762949005103],[162.22558149642674,-75.23458058054581],[162.08781212793662,-75.26160735463446],[161.9103552594463,-75.23385711049372],[161.67956831283078,-75.21773406361865],[160.9107263531923,-75.33462615346288],[161.03288943913032,-75.39591440216104],[161.2272961774123,-75.38614755645787],[161.90353397038376,-75.40418263132773],[162.1896146995516,-75.46691782013006],[162.2391207216872,-75.62163705841193],[162.35198204981265,-75.68649098093825],[162.577601353199,-75.7579594867979],[162.75402469304348,-75.79325449005324],[162.81572635319992,-75.84617115672013],[162.7451363466892,-75.95200449005388],[162.64819135970964,-76.04900115346572],[162.43652469304214,-76.15483448679949],[162.49822635319867,-76.20775115346636],[162.72756635971,-76.22542449331019],[162.8246146995541,-76.46354949331113],[162.67464969304308,-76.5693828266449],[162.7452396995538,-76.65754282013484],[162.76280968653305,-76.74575449005707],[162.60953738835536,-76.82869516388551],[162.48944135970902,-76.86920948680235],[162.45027062403182,-76.95561248159436],[162.67909386622023,-77.00677214956332],[162.85014285710633,-77.02356699005817],[163.0869242698677,-77.03235198354778],[163.24991173731627,-77.12645476675131],[163.45847781804622,-77.26934010203833],[163.60761600164057,-77.38783416128359],[163.61908816960937,-77.5823442524302],[163.76626264877666,-77.6999081358942],[164.04521203028816,-77.77458058055596],[164.03642703679856,-77.85302540477502],[164.23197065659102,-77.87705494579075],[164.4208996930501,-77.88346282339495],[164.49148969956082,-77.95400115347336],[164.4296846865397,-78.04221282339557],[164.10784386622595,-78.14680592235433],[163.9776192568504,-78.22380380646922],[164.29739301987252,-78.23620615021927],[164.6281221865405,-78.31558115021959],[165.0505253440943,-78.22607756949006],[165.27397423732435,-78.1286158181876],[165.41753136623117,-78.04221282339557],[165.52398481675243,-78.06360686636441],[165.53421675034622,-78.15383391714603],[165.66299441961758,-78.30565927521955],[166.20859419175514,-78.45164519644409],[166.51038455633972,-78.4973788390224],[166.80121951727835,-78.5216150857673],[167.0579480329044,-78.51846282339748],[167.130295038113,-78.60615772899679],[167.0490596865502,-78.68604949332003],[166.8500020693619,-78.67984832144501],[166.52464725165225,-78.69493783967424],[166.28652225165132,-78.62781015412709],[166.11681684800482,-78.57106943147062],[164.63473676987388,-78.60321217235617],[164.3005969586746,-78.63008391714793],[163.90175825424592,-78.71710702912745],[163.50312625554642,-78.75855152782553],[162.89510135320023,-78.84479949332066],[162.63940636622004,-78.89771615998754],[161.97453738835281,-78.69426604605444],[161.75739301986238,-78.54492115673092],[161.6692330263724,-78.53608448680902],[161.5104830263718,-78.57137949006436],[161.50169803288222,-78.67721282339812],[161.81341027246677,-78.90743132925842],[161.95148969955062,-78.96825449006596],[161.95148969955062,-79.03000782665474],[161.86425988184197,-79.06091033316528],[161.7373425641331,-79.05992848095174],[161.54603641178858,-79.01507333772238],[161.19050255762053,-78.97869312938892],[160.87351932194213,-79.04969654735794],[160.48274214095105,-79.20147022899917],[160.5673881370451,-79.30229094840062],[160.67022423730594,-79.35892831819251],[160.6461430198579,-79.42688282665632],[160.20916710839782,-79.5543685851204],[160.06798709537645,-79.5612415506152],[159.97589969303232,-79.58563282665696],[160.0835933779286,-79.63255502717799],[160.32275190657538,-79.63550058381863],[160.34631635970044,-79.69146615999072],[160.2648743024085,-79.73657968538153],[159.87192671126104,-79.78980641064216],[159.896524693032,-79.85900115348097],[160.11139529850158,-79.89248748160611],[160.38734744694023,-79.87951669710085],[160.557983026368,-79.92959115999167],[160.55880984928467,-80.01056812939304],[160.3817663922527,-80.05449309684113],[160.17940148339773,-80.08803110139856],[158.76749800031916,-80.29334156689417],[158.5603788596933,-80.34889373160793],[158.57360802636003,-80.4234628234051],[159.06515425032035,-80.44253142692081],[160.54217003808668,-80.42496143994157],[160.63735802636833,-80.44992115673854],[160.60335493392023,-80.50759205517627],[160.52129275944077,-80.58345305778074],[160.60139122949317,-80.6365247537445],[160.82318647688987,-80.6739901671561],[160.83031782454617,-80.72990406689591],[160.72004031803527,-80.75310678499497],[160.50258589095108,-80.77930673616694],[160.26012007063764,-80.78674814241697],[160.27572635318978,-80.84679615674014],[160.6072823427744,-80.90115976351119],[160.7168363792332,-80.9074126118185],[160.72789513574367,-81.11292978304328],[160.71673302636862,-81.19959115999676],[160.5399996279304,-81.24170745231463],[160.47860802636768,-81.27012949007516],[160.46982303287803,-81.34066782015357],[160.90783247298398,-81.39027719515377],[161.58210656152835,-81.60974700309735],[161.73021121647685,-81.61047047314943],[161.99613813705082,-81.65305185335794],[162.4252592308025,-81.76498300570213],[162.57667117741772,-81.83205901481699],[162.82120405502286,-81.86616546012962],[162.85438032455428,-81.92073577262985],[163.00434533106528,-81.96894988395816],[163.6023450055468,-82.12062021273482],[163.6800663597138,-82.18733448682362],[162.4266028180421,-82.31440683382934],[161.16652469303705,-82.40783782341305],[161.28321007715215,-82.48995167432484],[162.64374718653255,-82.48152841586125],[163.01178673731528,-82.53496184685105],[163.1746708518993,-82.51889047640827],[163.2685152529413,-82.46328663526222],[164.0013904157047,-82.39677906690258],[164.747184686541,-82.35440439242325],[164.9800386904482,-82.38499684034004],[165.98163130112926,-82.62963307080976],[166.44589236883945,-82.72213388461222],[166.74220503160103,-82.75706715284153],[166.9567655784769,-82.76461191195614],[167.1163424013942,-82.80130217888336],[167.27126834540525,-82.87938526807639],[167.2326143740509,-82.95230071404022],[167.29741662014493,-82.98583871859765],[167.4044901878537,-82.9988095031029],[167.60199751207324,-83.04748870232186],[167.827513462595,-83.03074553825928],[168.0917867373356,-82.97472828565489],[168.27596154202382,-82.98723398226953],[168.60731082587932,-83.06531707146256],[168.4816337425455,-83.12676034945758],[168.40835656155565,-83.15513071078583],[168.3199898623365,-83.21073455193189],[168.24020145087786,-83.22985483187988],[167.97303429592887,-83.24313567497889],[167.8253430524387,-83.24292896924972],[167.67444787014642,-83.23140512484864],[167.65760135321926,-83.27212615349464],[167.84280968655338,-83.31625782667189],[168.11008019436696,-83.3619914692502],[169.837933384478,-83.39904347120347],[170.33206343005293,-83.47878020622983],[170.8175118350028,-83.43578541456299],[171.03579308500366,-83.4484461404745],[171.22069135974397,-83.47500782667252],[171.28931766182757,-83.55546803175096],[171.53715783109942,-83.5813062478969],[171.91718631417382,-83.64404143669924],[172.45007368396762,-83.6754090311004],[172.8739237816256,-83.67318694451185],[173.39730268787764,-83.75876311638721],[173.66178266834748,-83.76098520297575],[173.82239301991063,-83.81012949008532],[175.0110543154883,-83.83906829216878],[175.18737430246819,-83.87741220492934],[175.32286990793745,-83.9400440408671],[175.60574669830316,-83.96753590284636],[175.91125776601274,-83.97311695753389],[177.5810266462277,-84.07491952914889],[178.20858523998027,-84.12990325310743],[178.35265913321,-84.12669931430534],[178.49600955638766,-84.13569101352414],[178.94445763581655,-84.18142465610244],[179.40303429597463,-84.20617766717024],[179.62028201732966,-84.26834441521737],[180.00000044181036,-84.35159514763957],[180.00000044181036,-85.05754688917885],[180.00000044181036,-85.05754688917885],[180.00000044181036,-85.05754688917885]]]},"properties":{"scalerank":0,"featurecla":"Glaciated Areas","min_zoom":0}},{"type":"Feature","geometry":{"bbox":[-20.03704016771384,78.84624705678932,-19.97288387702349,78.86764109975816],"type":"Polygon","coordinates":[[[-20.037014329497694,78.84624705678932],[-20.037014329497694,78.84624705678932],[-20.03704016771384,78.84624705678932],[-19.97288387702349,78.86764109975816],[-20.037014329497694,78.84624705678932]]]},"properties":{"scalerank":5,"featurecla":"Glaciated Areas","min_zoom":5}},{"type":"Feature","geometry":{"bbox":[-18.88496578619882,80.68846019156233,-11.425550299515336,81.83696889924921],"type":"Polygon","coordinates":[[[-16.15288448735977,81.59698354768575],[-16.15288448735977,81.59698354768575],[-16.291997443089485,81.65176056591513],[-16.31494177902708,81.74097992626706],[-16.2668051823472,81.75397654898846],[-16.120715908258077,81.77661082633229],[-15.968890550184556,81.7854991726865],[-15.555530768281855,81.83360993115024],[-15.450627610729358,81.83696889924921],[-15.22748877609304,81.82177602815538],[-14.241967535854727,81.81386953401473],[-13.704480963586946,81.78906484651465],[-12.955999518271454,81.72023183870185],[-12.434429287149584,81.6825080431288],[-12.192841966185071,81.64912506786824],[-11.841132168006581,81.577553209144],[-11.557454392940343,81.50262238232078],[-11.425550299515336,81.48060822216443],[-11.430640428096083,81.45683706331018],[-11.528799811234492,81.42402252880485],[-12.231340908242515,81.3092491726846],[-12.461249355509068,81.23250967073116],[-12.955146857138644,81.12504852978022],[-13.55048519535717,81.35637807893478],[-13.878656378626715,81.42505605745067],[-14.17341874841955,81.43916372346636],[-14.244732224982345,81.42428091096629],[-14.272069057664737,81.32557892528881],[-14.22819576664894,81.2945730659137],[-13.631849738000724,81.17979970979344],[-13.528548549849262,81.1439362657829],[-13.452429165083345,81.0617707384388],[-14.382346564175608,81.04859324820437],[-14.781547003630324,81.06404450145966],[-15.201469692434088,81.10481720653793],[-15.327560187226254,81.0655947944284],[-15.526436936901531,80.96787466096448],[-15.875743780978453,80.85857900666717],[-15.985504523166384,80.84664175080773],[-16.0639235091693,80.79961619742214],[-16.110690680393446,80.68846019156233],[-16.17546708827132,80.70618520783843],[-16.220890672255877,80.78173615184916],[-16.266572638401883,80.81170848257842],[-16.396435512751367,80.83000193960974],[-16.81036373540927,80.84113821076865],[-16.999680345110548,80.8916777615501],[-17.34567989752078,80.87625234651098],[-17.695994432027405,80.90023021109441],[-17.902906866924056,80.94847016063888],[-18.00297827805727,81.0313849962512],[-18.320478278058545,80.94247569449301],[-18.414555223045895,80.8825568712506],[-18.807657843490176,80.81625600862013],[-18.88496578619882,80.8818334011985],[-18.733140428125296,80.95216502554776],[-18.43269365078035,80.98032868114682],[-18.42194495286364,81.07892731395971],[-18.535684780338045,81.09561880159],[-18.28872311041519,81.18566498485858],[-17.357100389057294,81.28666657177304],[-17.287388881895552,81.31891266552317],[-16.2105037093652,81.47409699169567],[-16.15174760584935,81.4941991238572],[-16.15288448735977,81.59698354768575]]]},"properties":{"scalerank":1,"featurecla":"Glaciated Areas","min_zoom":2}},{"type":"Feature","geometry":{"bbox":[-17.952412889059673,80.18084259715924,-15.932613694715656,80.50702423778556],"type":"Polygon","coordinates":[[[-17.089390631569245,80.48563019481672],[-17.089390631569245,80.48563019481672],[-16.694918585669228,80.48526845979067],[-16.56322119797339,80.50702423778556],[-16.42945675298587,80.48423493114483],[-15.937238735405785,80.42764923778522],[-15.932613694715656,80.39509308544136],[-16.16779313807598,80.32941233999837],[-16.488755459040803,80.25194936799285],[-16.868422207089196,80.19823171662547],[-17.011126674863206,80.19019603140408],[-17.19116736496808,80.20368358023227],[-17.357229580138025,80.20078970002392],[-17.651785244201708,80.18084259715924],[-17.952412889059673,80.2732400580971],[-17.909728155986585,80.30946523713372],[-17.745500454163007,80.3534418810141],[-17.672016567443976,80.40868398713414],[-17.570885789448766,80.44160187450403],[-17.089390631569245,80.48563019481672]]]},"properties":{"scalerank":4,"featurecla":"Glaciated Areas","min_zoom":3}},{"type":"Feature","geometry":{"bbox":[-72.34725806343093,60.1810297715584,-19.28362362311448,82.72037750927878],"type":"Polygon","coordinates":[[[-20.3972765772205,79.74929271108981],[-20.3972765772205,79.74929271108981],[-20.311545376048272,79.77895498322535],[-20.18209591315714,79.86163727489235],[-20.1813466048889,79.85796824819961],[-20.138506842518936,79.80334625926713],[-20.068872850005647,79.77378733999616],[-19.985389573638116,79.75588145620704],[-19.839300299548995,79.74650218374605],[-19.517898728909685,79.75539053010026],[-19.39152401373991,79.75032623973566],[-19.353050909898613,79.7342031928606],[-19.28362362311448,79.68314687775622],[-19.29597429043224,79.63501028107633],[-19.35421362962518,79.56733999299011],[-19.399301316799836,79.48837840444814],[-19.40803463385717,79.46367706981262],[-19.800646328194674,79.43158600535936],[-19.984381883208428,79.45411692983863],[-20.327099982168136,79.44388499624485],[-20.454172329173844,79.33081696239022],[-20.53680294440855,79.31583079702558],[-20.598969692455682,79.34466624624444],[-20.723561570711386,79.34846446401788],[-21.273553839593788,79.28743459748118],[-21.28378577318759,79.13935578074883],[-21.195935838291405,79.0893329942903],[-21.085890875725852,79.06140188263653],[-20.119619106516254,78.963397528795],[-20.07590084479733,78.97704010692006],[-20.05114783372953,79.06540680613917],[-20.096313035552626,79.15666738556659],[-20.02055538581274,79.22813589142628],[-19.828758307361454,79.24816050893936],[-19.755817023181464,79.21940257436894],[-19.871701422596004,79.11444774038414],[-19.885421515369487,79.06907583283187],[-19.838757697009925,78.95290721303975],[-19.88720435228356,78.91094595001876],[-19.97288387702349,78.86764109975816],[-20.03704016771384,78.84624705678932],[-20.052233038807657,78.85275828725808],[-20.504918585684464,78.89776845978433],[-20.656769781974138,78.82888377553924],[-21.03796098477514,78.8215457221538],[-21.199889085361733,78.80193451609905],[-21.274328986078174,78.73240387645033],[-21.37757849779733,78.70793508576013],[-21.56624915209497,78.75338450796083],[-21.86318193204407,78.72191356069509],[-21.899484625729116,78.63959300405412],[-21.85336340990861,78.57804637319451],[-21.758072068762402,78.5532933621267],[-21.62500525561083,78.56675507273873],[-21.507234666417645,78.54368154572039],[-21.40677568204224,78.49066152618893],[-21.363419155349362,78.41180329051154],[-21.384373948643713,78.3612120632978],[-21.40915279792768,78.31883738881847],[-21.542529669672987,78.25894440379217],[-21.86377621101542,78.23739533152646],[-21.931213955156323,78.12536082631767],[-22.15347429044367,78.02115530060114],[-22.215305141680886,77.95482859975449],[-22.293439907306208,77.71848643666762],[-22.248481411212282,77.62094717071672],[-21.963589239987172,77.62603729929747],[-21.82199581550745,77.60203359649789],[-21.698075730871537,77.61490102813856],[-21.663039109777642,77.55836701121125],[-21.88914933927073,77.4626622586067],[-22.04048377123749,77.3373985867312],[-22.099808315508554,77.18986237253792],[-22.102030402097114,76.99819448516733],[-22.163887091550478,76.89241282826588],[-22.359120652749183,76.91659739857847],[-22.43834062345262,76.83458690053128],[-22.54055660652594,76.79066193308317],[-22.68788611499008,76.76730418568725],[-22.701683722412,76.65697500274412],[-22.579520636474015,76.61834686960593],[-22.52066118009357,76.54501801218377],[-22.58773718920843,76.48088755970956],[-22.554509243244752,76.3721861843836],[-22.48319576668196,76.3415937364668],[-22.263725958738377,76.31660818145367],[-22.2292577783997,76.27999542917489],[-22.141872931394147,76.23842173939609],[-22.117765875729987,76.1672891303463],[-22.154637010170234,76.12155548776799],[-22.368784145587753,76.02486888294992],[-22.430072394285915,75.95887807891317],[-22.52706905769776,75.92314382598337],[-22.65315955248994,75.94657908802772],[-22.791962449625913,75.92797557240264],[-22.862655809001197,75.88981252715509],[-22.907252570069076,75.81294383412093],[-22.847411261475088,75.67915355091726],[-22.540349900796784,75.68054881458916],[-22.452138230874553,75.70530182565697],[-22.44795243985891,75.6351252306046],[-22.569262864664083,75.5531664089897],[-22.73703040209965,75.47206024850759],[-22.778035651123247,75.43878062611164],[-22.79444291837592,75.35759695098109],[-22.734653286214225,75.31881378854605],[-22.559676886473937,75.3062564154991],[-22.473377244546512,75.2528746609416],[-22.53435543465092,75.20592662220444],[-22.769328172282073,75.17380971953504],[-22.804778204834292,75.1199628770869],[-22.801961839274384,75.0131476915396],[-22.855111049886574,74.9986266140656],[-22.87009721525122,74.95669118926075],[-22.785218675211823,74.87749705677344],[-22.641894090250304,74.83698273385663],[-22.458132697020403,74.7474274766948],[-22.359120652749183,74.61885651315261],[-22.215666876706933,74.54098012968878],[-22.291243658933798,74.4797435574229],[-22.586083543375082,74.39574351673245],[-22.738193121826214,74.52501211211059],[-22.91102494962638,74.57865224882953],[-22.984922247803766,74.64893219674649],[-23.09499304858545,74.65603770618661],[-23.260745205161644,74.56707672799617],[-23.368413051841756,74.6539448106788],[-23.450836961347292,74.66319489205905],[-23.517344529706932,74.64071564401208],[-23.531865607180947,74.58485342070456],[-23.48804399259744,74.53663930937624],[-23.18589189298686,74.44057282174565],[-23.100496588624537,74.37990469023501],[-23.100496588624537,74.30977977161491],[-23.149666713950253,74.27497569446633],[-23.348104213951046,74.29022024199246],[-23.472386033613006,74.43168447539148],[-23.54013383634765,74.46548086211034],[-23.635321824629287,74.4336223416024],[-23.663640509525223,74.39845652942778],[-23.743687303145336,74.36977610950579],[-23.826989711999843,74.42227936471433],[-23.92636349129711,74.4346300320321],[-24.025685594162102,74.39406403268298],[-24.077775437912308,74.39941254342519],[-24.12474931486561,74.47281891549578],[-24.22833472339468,74.49808869088652],[-24.27125200041307,74.53999827747522],[-24.335589158616457,74.53818960234501],[-24.389177618903133,74.50372142200634],[-24.4955793929921,74.4935928412771],[-24.649936896247922,74.43731720651128],[-24.79612952320163,74.44005605742272],[-24.91638058114482,74.47354238554787],[-25.090375128671567,74.48894196237084],[-25.31056840666723,74.5344172227877],[-25.45968075204543,74.52625234648558],[-25.52791948088685,74.4783999701833],[-25.598767869559012,74.47188873971454],[-25.660392015067075,74.53446889921999],[-25.786740892020703,74.5510053575534],[-25.939548102307768,74.51302317981886],[-25.992180548597048,74.4249665391935],[-25.913916591890995,74.24218699817716],[-25.809220140067666,74.2513337266928],[-25.66093461760613,74.33065705026085],[-25.533578050222815,74.32290558541705],[-25.425651821381237,74.24637278919279],[-25.318319871511008,74.21063853626298],[-25.148769497161382,74.23301443144534],[-25.064149339283432,74.27497569446633],[-24.940100063566792,74.18880524361965],[-24.661202358487557,74.09620107695262],[-24.62169572600041,74.01692942981687],[-24.54477535653396,73.96985219999898],[-24.25357866056926,73.88107208932153],[-24.33083492684561,73.83399485950365],[-24.650479498786993,73.9583283555979],[-24.914830288176063,73.9404483100249],[-25.267599453216548,74.01057322864499],[-25.335889858490248,73.97496816679588],[-25.418701341237977,73.96995555286357],[-25.56884721526201,74.03344004993413],[-25.612255418387193,74.01907400175698],[-25.735348680106426,74.10379751249953],[-25.858907029716306,74.11862864856728],[-25.935698208102025,74.08604665800725],[-26.06227962900097,73.99098786080636],[-26.345750698338037,73.91414500598835],[-26.459645555109333,73.90548920357945],[-26.515042690526215,73.95458181425674],[-26.63472530771419,74.01876394316325],[-26.27549658863724,74.0276781277336],[-26.136306118259085,74.09459910755156],[-26.11682410328504,74.15506053333304],[-26.0700052556286,74.19474803333323],[-26.0039110987273,74.21619375273433],[-26.01378129729504,74.28598277454451],[-26.226223110446938,74.35117259388072],[-26.329369269301523,74.3462116563807],[-26.410372076919035,74.3130870632816],[-26.436339484145694,74.24735464140635],[-26.468766445408846,74.22110301380208],[-26.534266323338798,74.22875112578129],[-26.524680345148653,74.3003746609378],[-26.55041520843001,74.33179393177126],[-26.628214077245417,74.34145742460983],[-26.718337775162453,74.24285879179695],[-26.871506720475566,74.2030162624999],[-26.931063808691945,74.10989533150995],[-26.94979651539775,74.00984975859289],[-27.011834072364138,74.00527639433507],[-26.986357591244257,74.11139394804643],[-27.041935594174163,74.14467357044238],[-27.13562496591932,74.16030569121067],[-27.324786546323722,74.13526845976527],[-27.502553473407772,74.16064158802057],[-27.59699215342117,74.11950714791625],[-27.862609015401404,74.13552684192673],[-27.961517706808056,74.11098053658809],[-28.00365983734207,73.96819855416565],[-27.942552456156932,73.936572577603],[-27.85609778493263,73.93016469999884],[-27.78858252614329,73.8755943874986],[-27.856046108500337,73.77937287057112],[-27.91531897633911,73.72888499622198],[-27.97882931162583,73.72888499622198],[-28.00859493662594,73.7578754747377],[-27.98417782236804,73.81244578723793],[-28.07269955088401,73.92799428984257],[-28.1913744776423,73.9632892930979],[-28.869601813256992,74.00705923124914],[-29.05276892751554,73.96778514270731],[-29.149016282659147,73.90437816028519],[-29.16203874359671,73.80660635038895],[-29.12671790212521,73.76841746692527],[-29.07871049652606,73.74371613228975],[-28.98403927256734,73.7335617133444],[-28.909108445744128,73.76423167590961],[-28.82665869802244,73.77069122994611],[-28.725450405378812,73.75255280221164],[-28.660389777123346,73.7242341173157],[-28.650932990013928,73.66299754504983],[-28.59222856293036,73.6288910997372],[-28.507479213971692,73.62684988066168],[-28.468644375104347,73.57705963814844],[-28.48226111501326,73.50135366484086],[-28.45040259450532,73.4024966498665],[-28.33893653005174,73.32694570585578],[-28.261137661236337,73.2517048204388],[-28.212432623801234,73.17119293892809],[-28.159025031027582,73.14566478137588],[-28.084533453878848,73.24167959257419],[-28.096186489360676,73.29960887317337],[-27.88506242523222,73.40166982694983],[-27.67037268727563,73.43456187610361],[-27.45883521168885,73.42022166614261],[-27.282050136818356,73.30028066679317],[-27.405375942482905,73.23224864368093],[-27.524360927834948,73.22586660429288],[-27.70370398610389,73.25723419869404],[-27.748274908955636,73.1423574897092],[-27.69548743336948,73.09781240507361],[-27.62564673512702,73.07290436470895],[-27.598309902444612,72.98831004504713],[-27.77540503590886,72.95730418567202],[-27.775430874125007,72.92084646269011],[-27.68752926279653,72.87715403918732],[-27.477180345152465,72.83989533150488],[-27.374680141701532,72.75731639270246],[-27.36581763356348,72.74140005155657],[-27.538236049905308,72.65933787707708],[-27.55753719736633,72.57066111926422],[-27.379744432066136,72.41410736763599],[-27.320083990985168,72.41527008736254],[-27.289517381284526,72.4365091010345],[-27.27814856618032,72.48255280220657],[-27.30910274912314,72.54373769804015],[-27.214379848732136,72.59396719022784],[-27.022453579200118,72.58301178658196],[-26.849027472428606,72.60750641548833],[-26.704540167740518,72.65329173449892],[-26.575194057713958,72.63980418567074],[-26.494087897231864,72.56461497668606],[-26.352210252374523,72.5346426459568],[-26.176846279392056,72.54621816679015],[-26.224982876071934,72.47144236926381],[-26.619429083755808,72.43408030871679],[-26.673585984797683,72.40457306587813],[-26.740584479264104,72.30643952095586],[-26.736062791438556,72.25316111926294],[-26.66438757984973,72.17730011665849],[-26.66325069833931,72.09327423775188],[-26.69839067229779,72.07782298449663],[-26.73965430348285,72.07751292590287],[-26.793036058040357,72.14360708280417],[-26.791382412207014,72.30643952095586],[-26.86339352060574,72.34238047961487],[-26.96914933929105,72.34457672798727],[-27.00875932464278,72.32700674100802],[-27.043899298601247,72.27853424751827],[-27.082269049577974,72.26874156359894],[-27.36287207692284,72.28106639270057],[-27.433307054136662,72.15259878202296],[-27.486637132261876,72.10846710884569],[-27.500357225035373,72.04841909452254],[-27.47937659352486,71.99302195910566],[-27.58629513193675,71.97700226509518],[-27.95438635915177,72.08009674751746],[-28.112929653423237,72.06232005480906],[-28.259923265077475,72.06960643176221],[-28.502957526146147,72.15900665962717],[-28.56378068695369,72.20753082954921],[-28.79797827810046,72.25564158801295],[-28.885001390079964,72.21773692492685],[-29.14121314138308,72.1613320990803],[-29.192114427190575,72.08335236275185],[-29.15960995127898,72.03043569608498],[-29.16503597666963,71.91106313749076],[-29.123436448674667,71.83044790311543],[-29.062122361760373,71.80652171496429],[-28.901847907007127,71.78530853950848],[-28.891926032007078,71.72973053657857],[-28.82342892100421,71.70004242622689],[-28.720747850040258,71.69487478299772],[-28.669924078881195,71.6515699327371],[-28.729636196394456,71.60808421496348],[-28.836192999780298,71.57485626899982],[-29.074137132268234,71.52891592069234],[-29.099923671981873,71.5031293809787],[-29.124263271591342,71.38181895617353],[-29.151005825302395,71.33585276964989],[-29.252679205836646,71.28996409777473],[-29.388562384548138,71.28779368761845],[-29.439205288194163,71.22857249621198],[-29.38851070811585,71.17880809191489],[-29.369648810329313,71.12589142524801],[-29.37553992361057,71.08119131131555],[-29.268698899847127,71.011867377396],[-28.886861741642473,71.04917776151073],[-28.683670009870838,71.02377879503929],[-28.58173824717511,70.93548961046862],[-28.43221249033857,70.90058218045546],[-28.382370571393068,70.8706873643746],[-28.376918707786274,70.80523916287696],[-28.45505347341158,70.76978913032472],[-28.594786546328805,70.78247569445237],[-28.786790330509263,70.72963654243394],[-28.861436936954874,70.74436432563712],[-29.115400763453298,70.74116038683503],[-29.175371263128017,70.65217357042842],[-29.137931687932554,70.61395884874857],[-29.08310299327087,70.59915355089696],[-29.061011318466086,70.56055125597491],[-29.240070156357433,70.48481944445119],[-29.30735287120145,70.41337677680768],[-29.348719855251087,70.4374063178234],[-29.30650021006863,70.49592987739395],[-29.341433478297944,70.60003205024593],[-29.42561438650141,70.62344147407414],[-29.610745205187044,70.57925812446457],[-29.6771494206821,70.48479360623504],[-29.739677903755265,70.4660350613131],[-29.9006241521283,70.53375702583158],[-29.972428554797855,70.59765493436048],[-30.04294104666012,70.61005727811055],[-30.09495337576189,70.6017632107277],[-30.111929083769784,70.52998464627429],[-30.10621883800152,70.29865509711972],[-30.063094855253954,70.20734284125997],[-29.992272304797936,70.18258983019216],[-29.9336970687951,70.22987376573921],[-29.818019375109742,70.27227427843472],[-29.75797136078658,70.26077627224977],[-29.737378302518284,70.19457876248389],[-29.645704311632503,70.1728746609213],[-29.57638037771295,70.20227855089537],[-29.528062913520046,70.30488210721087],[-29.45129757335046,70.32376984321355],[-29.424890916449314,70.25599620226278],[-29.348926560980257,70.20592173937193],[-29.070933193466136,70.16589834256187],[-28.994064500431975,70.10422252062155],[-29.16994523773737,70.08698843045221],[-29.23810645193034,70.06435415310837],[-29.268027106227336,69.96952789985276],[-29.201131964625503,69.92570628526927],[-28.734467942813737,69.85537466092002],[-28.651243048607682,69.91661123318589],[-28.59395972341214,69.90379547797751],[-28.526160244245204,69.85682160102418],[-28.430222947695345,69.87030914985236],[-28.328084479270444,69.98239533149344],[-28.26777808278584,69.94741038683183],[-28.25286943206963,69.91542267524316],[-28.066937628683466,69.87297048611539],[-27.969966803487765,69.87095510525602],[-27.820053473409047,69.94425812446205],[-27.703859015400766,69.8971033799957],[-27.604045986429014,69.88007599555554],[-27.344449428810794,69.91759308539945],[-27.207661912534192,69.97673676215747],[-27.10472245940879,69.9739720730299],[-27.063329637143,69.91320058865462],[-27.001369594825036,69.87051585558153],[-26.921219448340338,69.85423777940959],[-26.900290493262133,69.93717845323805],[-26.95695370127018,69.9818527289544],[-27.02658769378347,70.00735504829042],[-27.07950436045036,70.06910838487921],[-27.046870693458033,70.09182017687148],[-26.82959713388685,70.14000844998365],[-26.757870245865735,70.1150487331867],[-26.712730882258782,70.04978139920205],[-26.635810512792332,70.03267650011342],[-26.497937791437607,70.04014374457962],[-26.423084479262826,70.00776845974876],[-26.36791988779126,70.0288266059077],[-26.352442796319835,70.05133169217079],[-26.16069739430084,70.0635273301917],[-25.92856686044574,70.10579865180644],[-25.87076677092729,70.16982575141607],[-25.799789191174398,70.21555939399438],[-25.724884202567324,70.25630626085653],[-25.597553473400154,70.28718292915092],[-25.356276211029396,70.19827362739274],[-25.25894365080765,70.2165929226402],[-25.081202561939747,70.19602570258805],[-25.026141323332766,70.15354767524413],[-25.031567348723414,70.10879588487937],[-24.975265875741414,70.04585399034788],[-24.926121588631844,70.060220038525],[-24.8977512273036,70.13427236599925],[-24.95012529143142,70.18088450792654],[-24.920979783618805,70.21801402452824],[-24.83982194670442,70.24320628527052],[-23.86378333179165,70.08455963813448],[-23.336890428143718,70.04422618273067],[-23.086828172283333,70.04701671007443],[-22.996549445069434,69.99774323188414],[-23.076389532960377,69.98451406521743],[-23.24211585132042,69.99624461534766],[-23.350533006268762,69.97960480414967],[-23.46982805021456,69.93077057563387],[-23.832286546309764,69.95697052680585],[-23.91287594246893,69.93283763292554],[-23.977781541427532,69.9432762722485],[-24.06645829924038,70.00466787381124],[-24.151285162847486,70.0281031358556],[-24.20254818368103,70.07670482042612],[-24.2685131495016,70.08538646105116],[-24.364993048590534,70.03303823513947],[-24.38359656421561,69.96198314073816],[-24.43088049976268,69.92839345974845],[-24.55193254240639,69.90361461046449],[-24.6621842107011,69.8255573594876],[-24.78804216154795,69.81051951769068],[-24.835636155688775,69.77817007107596],[-25.036218227629675,69.73326325141433],[-25.13401587574205,69.73135122341954],[-25.201763678476695,69.79561086697446],[-25.321368781016233,69.82411041938344],[-25.586933966564175,69.8233611111152],[-25.625665452566935,69.74768097602374],[-25.601480882254336,69.66675568305469],[-25.6461809961868,69.62422597927848],[-25.837151251721426,69.69977692328918],[-25.87389319508094,69.74116974555498],[-25.898620367932608,69.81093292914902],[-26.099925909925602,69.8223534206855],[-26.17030921070713,69.79682526313333],[-26.150258754977884,69.72670034451325],[-26.20077246754319,69.67437795681774],[-26.440370245864457,69.63854035102331],[-26.507032843520975,69.56182668728603],[-26.49915218759647,69.48893707953836],[-26.422696906020647,69.48526805284563],[-26.338231777439574,69.42584015570996],[-26.239994879652727,69.33359772406898],[-26.206689419040615,69.24675547960247],[-26.244878302504304,69.18226329210223],[-26.30347937672329,69.18197907172463],[-26.340608893324998,69.25737498643845],[-26.441016201268116,69.28471181912086],[-26.50873816578661,69.2742731797979],[-26.57547827809157,69.19497569444603],[-26.517316453547068,69.11345612250558],[-26.473184780369806,69.08663605414613],[-26.472151251723957,69.00651174587757],[-26.52816850432835,68.9403400743278],[-26.51871171721895,68.87006012641088],[-26.42747697600764,68.8571926947702],[-26.372467413832936,68.93000478786944],[-26.371485561619394,68.98467845323425],[-26.33414933928852,69.06798086208876],[-26.28236955413206,69.06591380479706],[-26.217024705498986,68.98855418565613],[-26.134910854587204,68.9869005398228],[-26.09506832529016,69.11314606391186],[-26.028767462659687,69.16151520453703],[-26.010293138115344,69.25481700304],[-26.021300218193517,69.31416738552723],[-26.002825893649174,69.35961680772793],[-25.941305101005696,69.34279612901692],[-25.94086585133121,69.27168935818331],[-25.89874955901334,69.20099599880804],[-25.791210903413955,69.17551951768813],[-25.735555385835596,69.11237091742747],[-25.758422207124752,69.0358897976355],[-25.806093715914002,69.00116323513537],[-25.849889492281378,69.06170217556529],[-25.935026414482238,69.04705190701053],[-25.944483201591652,68.94344066026532],[-26.01734697112319,68.86675283474419],[-26.26423112639762,68.87450429958797],[-26.3320564437807,68.81021881781689],[-26.660821906021596,68.76585460069431],[-26.819287685644625,68.76210805935314],[-26.880524257910494,68.72534027777748],[-27.032659674577772,68.68697052680078],[-27.079814419044098,68.70332611762113],[-27.19660315602374,68.82380971950964],[-27.224095018003013,68.90868825954904],[-27.172056850685095,68.95196727159349],[-27.104076504005135,68.925147203234],[-26.89209977874387,68.90773224555166],[-26.79709265797527,68.90457998318185],[-26.752831793717277,68.9214781765413],[-26.715960659277016,68.94457754177576],[-26.705134446711885,69.05867910427621],[-26.760867478938664,69.11753856065666],[-26.827969326269653,69.15459056260993],[-26.93558549651749,69.18461456977151],[-27.11715064137498,69.14342845323488],[-27.516376919045854,69.15797536892505],[-27.772278611755212,69.13851919216715],[-27.829794480896055,69.14981049262293],[-27.890979376729646,69.14012116156819],[-27.9344909327194,69.07919464789607],[-27.958882208761167,69.08022817654192],[-27.975082770284658,69.15453888617763],[-28.101664191183602,69.19650014919863],[-28.287854376731236,69.12304210069574],[-28.390483771262893,69.14218821885989],[-28.419965175885395,69.23184682888628],[-28.52078589528685,69.25964874945932],[-28.645196906029526,69.22207998318312],[-28.751056077579435,69.24362905544884],[-28.811104091902596,69.31861155870432],[-29.022951626083128,69.37933136664729],[-29.07426632334895,69.32615631781896],[-28.997061733504893,69.25815013292284],[-29.055791998804608,69.20549184841742],[-29.1251934473726,69.27365306261039],[-29.19446570485985,69.30693268500637],[-29.262161831162206,69.27768382432917],[-29.318101569118156,69.28745067003233],[-29.391507941188763,69.35351898871748],[-29.40755347341539,69.44893952094445],[-29.508038296006948,69.51425853136136],[-29.57852494965306,69.5216482611791],[-29.634025437934525,69.4543138699028],[-29.54857845713991,69.36796255154307],[-29.587206590278086,69.27510000271458],[-29.775903082791867,69.34739533149092],[-29.85889543305261,69.30339284939437],[-29.904086473091862,69.1890587429486],[-29.869411587024015,69.0434862331824],[-29.914163377388775,68.98033763292172],[-30.110947231556228,68.89716441514797],[-30.168230556751762,68.90946340603342],[-30.234143846140057,68.88995555284323],[-30.401782192494895,68.78585337999127],[-30.42738786469552,68.75301300726979],[-30.4237188380028,68.67632518174865],[-30.392222052520893,68.65482778591523],[-30.256183844512535,68.62723257107136],[-30.144149339303752,68.54728913031583],[-30.04834123383462,68.5691482611753],[-29.98087765147758,68.56025991482109],[-29.92268998871694,68.51416453721673],[-29.931423305774256,68.43887197536749],[-30.145415411894906,68.3620549587656],[-30.267010057077684,68.33949819607021],[-30.324190029408644,68.2829641791429],[-30.305276455189812,68.22028066677287],[-30.33129553884878,68.20172882758008],[-30.410903082794405,68.26787466091368],[-30.507951422638545,68.30378978135653],[-30.473405727651425,68.35422597927338],[-30.36343827973433,68.37412140570576],[-30.337522548939948,68.46290151638321],[-30.42674190929186,68.53108856879234],[-30.6592858546053,68.60961090765984],[-30.755559047965054,68.60041250271188],[-30.802998012809,68.57064687771175],[-30.81651139985333,68.49455333116198],[-30.760080735790595,68.34192698838793],[-30.788683641064157,68.23361318630417],[-30.759383103954658,68.17904287380394],[-30.811033698030386,68.1518610704184],[-30.887437303173925,68.17472789170758],[-30.933971930452753,68.21836863877805],[-30.938803676872045,68.28058706325747],[-31.003399217236876,68.3038931342211],[-31.08352352550543,68.26911489528868],[-31.165146450310445,68.25784943304906],[-31.33376664887884,68.28689158799709],[-31.392574428826975,68.33825796169519],[-31.45603308768141,68.3515388047942],[-31.50127580415294,68.3143576117602],[-31.56315833182245,68.30689036729403],[-31.819473435990144,68.31978363715085],[-31.886575283321154,68.34642283799731],[-31.8884097966675,68.42693471950805],[-31.718420172643395,68.46202301703424],[-31.654289720169178,68.51592153591467],[-31.601631435663748,68.50444936794587],[-31.573028530390204,68.44331614854458],[-31.510525885533184,68.43127553982058],[-31.483679978957557,68.44533152940397],[-31.468306240350728,68.4648652208103],[-31.45869442394444,68.55881297471693],[-31.49711585135344,68.623098456488],[-31.55375322114533,68.66136485460014],[-31.65095659028634,68.68417999945702],[-31.69886064302091,68.64464752875371],[-31.88670447440187,68.67627350531636],[-31.972849087032433,68.67513662380593],[-32.05868364106922,68.60191111924833],[-32.06235266776196,68.52504242621417],[-32.088604295366224,68.47954132758117],[-32.26135860851796,68.56033742946953],[-32.399102138791946,68.71177521430086],[-32.45834916841457,68.80210561794705],[-32.49343746594076,68.97989838324726],[-32.59105424654011,68.99472951931502],[-32.66314286958728,68.94101186794761],[-32.671876186644596,68.85745107693167],[-32.62872636568089,68.77688751898863],[-32.59673865409222,68.52160594346678],[-32.66846554211334,68.45664866807589],[-32.747349616006886,68.4959227566177],[-32.823081427530624,68.49065176052393],[-32.84966895194479,68.45876740179985],[-32.897598842895505,68.29469472927316],[-32.892844611124644,68.2504597032313],[-32.871605597452685,68.21994476996296],[-32.824140794392605,68.20431264919468],[-32.734998948689125,68.25516225856988],[-32.6334030828033,68.2424756944422],[-32.48069922538082,68.31913768174722],[-32.421943121864956,68.28621979437729],[-32.456204596474464,68.22715363226767],[-32.39039465995076,68.1481920437257],[-32.22944841157772,68.11845225694172],[-32.1640777247285,68.03589915635546],[-32.19893347830937,67.99218089463652],[-32.239447801226206,67.95980560980566],[-32.32941646984635,67.92655182562585],[-32.57916866711298,67.8724207628001],[-32.77272274426218,67.78190949164089],[-32.90643551281741,67.74718292914076],[-33.208251715618104,67.77989411078151],[-33.24390845389949,67.75023183864597],[-33.24341752779272,67.69462799749992],[-33.330440639772235,67.63220286729133],[-33.48430721692128,67.569467678489],[-33.56063330741638,67.46267833115785],[-33.593318650841,67.35485545518084],[-33.69579301607578,67.30147370062333],[-33.85991736503476,67.29258535426915],[-33.917174852014156,67.20969635687298],[-33.87963192395412,67.13019216579194],[-33.922936774214705,67.07272797308336],[-33.9939143539676,67.05735423447653],[-34.047141079228226,67.01337759059616],[-34.094890102665914,66.8554027370799],[-34.17005347343445,66.76925812444934],[-34.3859576075499,66.79468292913695],[-34.480525478644026,66.74951772731386],[-34.516828172329056,66.71597972275642],[-34.55080542656097,66.63249644638891],[-34.555766364060986,66.54668773056825],[-34.62578792981648,66.52712820094577],[-34.690667690558925,66.60149058701377],[-34.720536668423634,66.6756462673526],[-34.661005418423386,66.7485875515326],[-34.652659674608245,66.79468292913695],[-34.715420701626726,66.82297577581674],[-34.79234107109319,66.80739533148075],[-34.87460995130185,66.75628733994408],[-34.90507320813791,66.70745311142825],[-34.90657182467437,66.64890371364156],[-34.92899939628904,66.60141307236533],[-34.96305416516938,66.55671295843287],[-35.0361246404301,66.50588918727381],[-35.268100144988324,66.4528433295262],[-35.29073442233217,66.39563751897909],[-35.38984981946797,66.39889313421348],[-35.59743404798442,66.53237335882339],[-35.578132900523414,66.58952749293822],[-35.58906246595315,66.62864655218316],[-35.70393917493797,66.6702460801781],[-35.76765621595386,66.73541006129817],[-35.84814225924845,66.75690745713159],[-35.96074520521245,66.73117259385022],[-36.08365759941866,66.80987580023076],[-36.15476437025228,66.81483673773077],[-36.21163428398948,66.7669843614285],[-36.273258429497545,66.78238393825147],[-36.25220028333861,66.84145010036109],[-36.3307742986384,66.91467560491868],[-36.488154873183305,66.96170115830428],[-36.63116939955106,66.97849599879915],[-36.84722856296338,66.95622345648135],[-36.86407507989054,66.89937938096027],[-36.98463619642747,66.81829905869434],[-37.017088995906775,66.76114492457951],[-37.00546179864111,66.70324148219647],[-37.0487149724694,66.6785659857771],[-37.16067196302974,66.71324087184495],[-37.18508907728766,66.7633928493842],[-37.24539547377226,66.77902497015252],[-37.31301408542619,66.746003729918],[-37.5214768132916,66.75840607366804],[-37.606122809385695,66.74517690700132],[-37.63451900893007,66.70962352158453],[-37.65002193861764,66.63975698512591],[-37.61503699395604,66.54105499944843],[-37.66139075372185,66.50209096950034],[-37.72603797051899,66.59743398707887],[-37.802570766743244,66.60885447861536],[-37.840372076964755,66.5152684597348],[-37.99604732924403,66.51630198838062],[-38.068420172668795,66.55309560817243],[-38.20425167494798,66.56678986272978],[-38.261870896953425,66.54942658147972],[-38.310265875794755,66.45175812444806],[-38.21487118178396,66.35667348903102],[-38.154203050273296,66.32109426539806],[-38.138183356262815,66.19094717067098],[-38.23719540053405,66.09172842067058],[-38.47030778660269,66.03286896429016],[-38.48092729343867,66.00101044378222],[-38.520356411277376,66.0096662461911],[-38.48963477227986,65.97483633082636],[-38.50136532241011,65.93964468043562],[-38.454313930808354,65.84334564885971],[-38.48361446791785,65.77823334417194],[-38.624277716616334,65.79577749293504],[-38.767964036603885,65.74580638290878],[-38.82390377455984,65.67950552027831],[-38.932553473453495,65.63893952092918],[-39.10435177260783,65.70208812118987],[-39.16979997410549,65.75448802353382],[-39.30906795913209,65.80404572210172],[-39.51259558771363,65.71337942164563],[-39.575873379055025,65.72345632594256],[-39.675453864081476,65.70973623316907],[-39.799399786933535,65.64467560491359],[-40.073956671700245,65.60560822210095],[-40.15041195327608,65.57181183538206],[-40.14912004246878,65.5561538763976],[-40.17356299494284,65.5561538763976],[-40.191546393380406,65.5225125189756],[-40.14527014826304,65.50923167587659],[-40.139017299955725,65.43300893824609],[-39.98024146173894,65.35727712672234],[-39.98887142593168,65.24041087509427],[-40.10095760757275,65.181758124443],[-40.19903947606274,65.09613027613537],[-40.28482235366724,65.08197093368737],[-40.359830695138896,65.11354523381773],[-40.64707414403327,65.1690457220992],[-40.89421668146916,65.12847972275007],[-41.04676550959476,65.13876333277615],[-41.134382900545646,65.08781037053636],[-41.13487382665241,64.90461741806168],[-41.07870154475114,64.84513784449372],[-40.962429572094436,64.78630422632942],[-40.67565121109069,64.68359731714934],[-40.62544755711913,64.60096670191463],[-40.621003383942025,64.49906077743505],[-40.708336554515284,64.42847077092436],[-41.019738735506124,64.35452179631467],[-41.31243404800729,64.39774913192683],[-41.42896440282546,64.46056183537762],[-41.54079220230507,64.44619578720047],[-41.57006690119843,64.34069835067662],[-41.54280758316446,64.29672170679622],[-41.581022304844296,64.29832367619726],[-41.53536617691444,64.28473277450452],[-41.468729417474066,64.17721995712127],[-40.95620256200326,64.07319529891772],[-40.879023810375344,64.12373484969918],[-40.79690995946356,64.130607815194],[-40.719912075348674,64.1069916856366],[-40.695314093577736,64.04725372990721],[-40.765904100088434,63.99816111922992],[-40.75417354995819,63.9124299180577],[-40.6478751287338,63.84062551538814],[-40.70665707046581,63.747013658291415],[-40.848638068187725,63.73419790308303],[-41.196963060051104,63.79773407658588],[-41.47255347346366,63.8990457220941],[-41.56843909358123,63.86793650985441],[-41.60616288915429,63.83920441350013],[-41.7657913885039,63.85956492782312],[-41.8226613022411,63.84566396753659],[-41.84477881526202,63.75367991805708],[-41.787908901524816,63.69089305282244],[-41.70879228368595,63.66877553980153],[-41.634533250482534,63.69755931258809],[-41.41472754572905,63.690634670661005],[-41.38444515640602,63.62981150985344],[-41.55257442886763,63.56041006128545],[-41.80144812678529,63.58878042261371],[-41.92425716812693,63.58661001245746],[-41.967406989090634,63.56203786890266],[-42.01867000992418,63.479975694423175],[-41.96978410497607,63.38279816349829],[-41.92392127131703,63.352360744878375],[-41.948493414871805,63.297144476974516],[-42.04967586929931,63.317660020594396],[-42.1495664129195,63.294767361089086],[-42.217288377437995,63.231463731531555],[-42.221293300940616,63.107311102950305],[-42.110654059403714,62.992434393965496],[-42.08902747248956,62.89554108341822],[-42.131815558427235,62.86453522404311],[-42.207986619625466,62.87835866968116],[-42.26457231298505,62.97140208602268],[-42.39745825862362,62.980910549564406],[-42.64095760758292,62.89577362736354],[-42.77782263850794,62.77384308537088],[-42.86657691096923,62.8004047715689],[-42.85409705257075,62.880193183027544],[-42.87497433121666,62.95522736271535],[-42.96047298844357,62.99517324487697],[-43.04059729671212,62.96148021102264],[-43.04772864436839,62.875232245527535],[-43.11857703304055,62.838283596438814],[-43.225418056804,62.85011749943366],[-43.248956671712946,62.76500641544895],[-43.18642818863978,62.67746653914652],[-43.095994432129004,62.63297313094322],[-42.77637569840377,62.594448350669616],[-42.8333748032217,62.556181952557495],[-43.19374040380909,62.57401032169819],[-43.213041551270095,62.50615916609895],[-42.99672400569632,62.413710028728794],[-42.8283105128571,62.40048086206207],[-42.730642055825456,62.37490102807761],[-42.630880703285996,62.32017568628051],[-42.432908291175835,62.30477610945753],[-42.37823462581103,62.28529409448349],[-42.36671078140995,62.16530141870176],[-42.462493048662935,62.058899644612794],[-42.46440507665773,61.96443512638325],[-42.38071509456104,61.95151601831028],[-42.34141516780308,61.86041046817971],[-42.39412512874078,61.79801117618728],[-42.477505052243714,61.772560533283524],[-42.62809017594223,61.78961375593984],[-42.75710038915891,61.83030894636969],[-42.814512905435166,61.75483551700741],[-42.71999671077333,61.7008853216947],[-42.582227342283204,61.67817352970242],[-42.5266493393533,61.65117259382991],[-42.560161505694566,61.60843618432454],[-42.767978278156335,61.5876622585432],[-43.01046993668595,61.62228546817875],[-43.0330525375975,61.525598863360656],[-42.968379482584226,61.50156932234494],[-42.76275895849486,61.49159577091262],[-42.611734585121866,61.426845201250885],[-42.62798682307765,61.38493561466219],[-42.68377153173674,61.36137116153708],[-42.91086361344337,61.37175812442776],[-43.15821285660843,61.35832225203187],[-43.16828976090534,61.295328681068064],[-43.07961300309249,61.290600287513364],[-43.03315589046208,61.25491771101582],[-43.041269090331916,61.20411977807291],[-43.11428788916032,61.15735260684876],[-43.25608801936923,61.15151316999979],[-43.30729936377048,61.09428152123654],[-43.207357143718,61.06500682234319],[-43.150668097493806,61.07650482852813],[-42.951093715982594,61.00258169213461],[-42.9144292872715,60.95168040632711],[-43.11570899104835,60.937779446040594],[-43.14586218929067,60.95209381778546],[-43.32983028824974,60.952713934972955],[-43.38610592301558,60.9670283067178],[-43.44959042008615,60.95007843692607],[-43.49708106136238,60.89059886335812],[-43.46263871923985,60.79990672468588],[-43.329365200359106,60.76533519148262],[-43.28117692724693,60.691489569737534],[-43.29636979834075,60.63195831973729],[-43.37698503271607,60.60239940046634],[-43.60567908382376,60.678002020909354],[-43.67384029801674,60.734045111729884],[-43.76427405452752,60.72471751570121],[-43.82168657080379,60.655496934646244],[-44.09608842627364,60.64854645450298],[-44.156084764164504,60.56821544050527],[-43.87320797379879,60.42145437279635],[-43.632214931805635,60.45052236596052],[-43.55922197119337,60.40003449161137],[-43.588548346519005,60.33781606713196],[-43.49994910335458,60.29156566023072],[-43.34742611344511,60.275597642652535],[-43.37409115250772,60.1810297715584],[-43.851193813642446,60.22880463321224],[-43.93439286963237,60.29590648054324],[-43.97446794287471,60.406545722080146],[-44.02239783382542,60.41967153588227],[-44.21626196956838,60.41274689395516],[-44.2616080389045,60.44326182722351],[-44.449219326340156,60.62095123965912],[-44.49699418799399,60.70151479760216],[-44.51781979020762,60.78543732364415],[-44.56135718441351,60.833393052811026],[-44.681530727708264,60.82796702742037],[-44.849815029466754,60.95845001895736],[-44.812272101406705,61.012865302160684],[-44.69879065609375,61.01947988549405],[-44.65416805680972,61.12608836531219],[-44.70010840511719,61.29470856388056],[-44.73369808610691,61.40865509708415],[-44.92670956071706,61.44043610294365],[-45.01280249691533,61.52337677677212],[-45.122382371590234,61.536709296303414],[-45.346761440601554,61.501620998777234],[-45.42742835140916,61.47268219669378],[-45.50649329281573,61.47686798770942],[-45.56008175310241,61.51128449161581],[-45.74702124691825,61.509785875079345],[-45.912592535981425,61.44692149519628],[-46.01943355974487,61.37837270776112],[-46.28833187517563,61.15802440046856],[-46.498112352064496,61.08854543725214],[-46.885401373875936,61.04374197045508],[-47.26031389015348,61.07777090111929],[-47.57551428891776,61.078726915116675],[-47.65261552589723,61.14122955997371],[-47.66863521990771,61.216987209713594],[-47.72454911964752,61.30809275984416],[-47.83518836118442,61.41242747664145],[-47.846712205585526,61.539448147214884],[-47.76790564634041,61.61525747338706],[-47.78521725115819,61.71302928328328],[-47.93081559914053,61.72693024356979],[-48.03874182798211,61.78827016870025],[-48.03726904966179,61.92433421492475],[-48.13333553729238,62.001771348714136],[-48.522975836773114,62.01652497013345],[-48.74303992368806,62.168970445394486],[-49.081210496606076,62.34994131128062],[-49.217222866398295,62.46590322534359],[-49.30026689309133,62.58698110620344],[-49.39101070819585,62.62904572208904],[-49.51296708840468,62.62852895776611],[-49.55115597186837,62.66268707951105],[-49.78742062030682,62.56204722762262],[-49.85475501158312,62.501611640057284],[-49.96195777037262,62.476290188234266],[-50.08393998879758,62.49003611922389],[-50.091794806505945,62.576594143312775],[-49.85263627785916,62.60439606388581],[-49.799461229030825,62.684442857505914],[-49.72225663918677,62.73338043888633],[-49.58787207701175,62.76877879500625],[-49.516377732935936,62.87507721623065],[-49.45906856952425,63.021838283939566],[-49.468990444524295,63.066073309981405],[-49.333029751164375,63.21216258407053],[-49.36010820168532,63.25247020125819],[-49.25277625181509,63.32714264591995],[-49.24952063658071,63.400523179774396],[-49.41863176125587,63.49379914006123],[-49.575159674667944,63.50537466089462],[-49.669262457871454,63.56526764592091],[-50.02975724953956,63.55875641545212],[-50.17680253762609,63.5712879502829],[-50.24744422056908,63.52144603133739],[-50.343355678902796,63.51322947860299],[-50.44681189635112,63.54258169214477],[-50.481176723825214,63.60578196883772],[-50.465828823434535,63.64037934025712],[-50.44722530780946,63.669033921963],[-50.17499386249587,63.704949042405836],[-49.91808447935682,63.733939520921574],[-49.815635952338184,63.707842922614184],[-49.75339168964261,63.72975372990594],[-49.733677130723265,63.79481435816139],[-49.53327592629539,63.93651113550571],[-49.43865637876897,64.24197052678299],[-49.36878984231035,64.24197052678299],[-49.207740241072734,64.28093455673105],[-49.15503028013502,64.30966665308533],[-49.136762661319835,64.40449290634093],[-49.175287441593426,64.43865102808586],[-49.30928443052626,64.47888113062508],[-49.348842739445686,64.51027456324239],[-49.379073452336435,64.55104726832069],[-49.41274064797459,64.67693105738367],[-49.533017544133926,64.81470042587382],[-49.59880164244147,64.85640330673336],[-49.85568518736439,64.96022125920773],[-49.852145351752384,65.03615977646065],[-49.80457719582772,65.06192047795814],[-49.74026587584048,65.14367259384387],[-49.81946000832778,65.25495779078442],[-50.17910213886307,65.33916453720404],[-50.20868689635017,65.41714427353249],[-50.14179175474834,65.50499420842867],[-50.158974168485386,65.61806224228329],[-50.208402675972565,65.65343476018708],[-50.553084479359356,65.75327362737495],[-50.68584123391719,65.8309174668935],[-50.80702246764163,65.854197699641],[-51.593873663933834,65.8907587754875],[-51.65154456237157,65.92478770615169],[-51.693764207554025,65.97853119573524],[-51.63361284036628,66.04656321884748],[-51.512664150587156,66.10578441025397],[-51.29539059101597,66.14898590764999],[-51.06992631692653,66.13270783147804],[-50.72149797219858,66.07968781194658],[-50.50505123554406,66.08408030869138],[-50.44619177916361,66.13017568629574],[-50.31681983092092,66.14190623642601],[-50.27612464049106,66.13208771429053],[-50.22636023619398,66.086844997819],[-50.202640753772016,66.02227529567034],[-50.113912319526875,65.99457672796187],[-49.994617275581085,66.042403266048],[-49.73837968606183,66.08963552516276],[-49.681380581243886,66.15291331650415],[-49.672182176295934,66.21719879827525],[-49.608000047389446,66.28174266220782],[-49.499427863144206,66.35062734645287],[-49.46669084328731,66.53154653590671],[-49.50410458026663,66.65619009059473],[-49.58776872414717,66.73546173773046],[-49.72370357929094,66.79889455836873],[-49.80201921242927,66.93353750270522],[-49.78902258970787,66.98363780381219],[-49.827030605658535,67.02133576116911],[-49.93074520526832,66.97247569443714],[-50.10220760761277,67.102054348409],[-50.09851274270389,67.160836290141],[-50.011076219266045,67.1828762885135],[-49.905630459174475,67.24178742132624],[-49.79739417173915,67.34720734320165],[-49.7713234116479,67.4550043809625],[-49.80896969257253,67.51649933538984],[-49.84845048684352,67.83813344997445],[-50.114429083849785,67.96913320583435],[-50.314055141793304,68.11377553981931],[-50.463012457874626,68.19919668239778],[-50.80841773131351,68.34699127875253],[-50.6441125148415,68.43205068630495],[-50.44440894224955,68.60369395616242],[-50.363638678577345,68.68818492295962],[-50.286304897652556,68.80789337836374],[-50.2736700099572,68.8901622585724],[-49.98314510761229,68.92411367458818],[-49.91648250995577,69.0110334337031],[-49.92064246275527,69.11547150336499],[-49.95433549660957,69.15236847602138],[-50.05913530129749,69.22543895128207],[-50.088410000190834,69.28429840766252],[-50.153367275581715,69.32561371527989],[-50.24341345885031,69.35411326768885],[-50.25467892108993,69.42284292263703],[-50.153909878120785,69.48681834581437],[-50.102621019071094,69.57913829210382],[-50.07414730487829,69.68556590440893],[-50.100631476427864,69.80119192166198],[-50.231295335477874,69.9710006781731],[-50.22129594582938,70.00968048774355],[-50.300877651558864,70.20176178657245],[-50.342399664905386,70.25028595649452],[-50.425831264840625,70.43626943631297],[-50.413403082874424,70.50308706326636],[-50.51125240741909,70.65385305447789],[-50.56000912128647,70.76283865018145],[-50.76751583515449,70.91197683377582],[-50.825755174347435,71.03287384712264],[-50.93071000833223,71.14087759061267],[-51.11245602070274,71.18805817329515],[-51.18632748066398,71.2642550727095],[-51.175372077018096,71.34127879504054],[-51.24585873066421,71.39776113553556],[-51.29949886738318,71.40788971626476],[-51.3657738917975,71.47718781196816],[-51.381586880078814,71.5940799018124],[-51.464785936068736,71.63903839790633],[-51.57842241067857,71.57950714790609],[-51.65231970885594,71.60795502388275],[-51.6229933335303,71.66265452746372],[-51.637333543491295,71.73190094673484],[-51.69813086608269,71.78145864530272],[-51.84732072610933,71.78145864530272],[-52.06275977233415,71.69676097277635],[-52.25145626484792,71.69991323514616],[-52.61556840677646,71.75717072212554],[-52.66052690287039,71.81820058866225],[-52.618488125200955,71.87240916613642],[-52.60345028340402,71.92615265571997],[-52.64287940124272,71.9628429226472],[-52.61680864115147,71.98896535917073],[-52.48058956563008,72.0086282416578],[-52.356436937048876,72.06516225858513],[-52.26928463398862,72.16223643664539],[-52.30961808939243,72.2166258816326],[-52.43265967467937,72.16675812447095],[-52.52875200052611,72.19709219022626],[-52.63577389180259,72.18525828723143],[-52.83328121602213,72.07841726346798],[-53.0295741440828,72.00167776151456],[-53.175534227091205,71.91457713488658],[-53.24434139668783,71.95297272407946],[-53.247312791544616,71.98284170194417],[-53.24193844258627,72.01090200467864],[-53.19535213887514,72.04056427681418],[-53.13866309265096,72.0512612982986],[-53.147215542195255,72.10327362740036],[-53.21883907735179,72.1018266872962],[-53.444510057170405,72.15079010689276],[-53.517425503134234,72.23145701770035],[-53.55026587585573,72.3953746609302],[-53.58416561543919,72.42844757759698],[-53.681291469931764,72.45152110461531],[-53.728446214398105,72.51019969348275],[-53.72888546407259,72.58130646431634],[-53.799294603070265,72.65809764270206],[-53.95538326680787,72.6865713568949],[-54.25011979838456,72.78312877063225],[-54.54715593119825,72.84015371366634],[-54.624644741419914,72.87966034615347],[-54.68531287293058,72.9401476101511],[-54.75047685405063,73.05807322864116],[-54.947570766811836,73.09037099882359],[-55.00865230978083,73.12726797147998],[-55.01074520528864,73.20814158801677],[-55.06004452169509,73.24369497343356],[-55.0720851304191,73.30276113554318],[-55.060483771369576,73.38637360299144],[-55.12022172709898,73.46414663359072],[-55.25558814148755,73.47784088814807],[-55.3467970444827,73.51081045195026],[-55.41891150574601,73.60165761991938],[-55.47766760926187,73.61638540312258],[-55.485935838428574,73.65834666614357],[-55.41728369812881,73.69307322864371],[-55.4593999904467,73.79280874296701],[-55.70478552918466,73.93941478137906],[-55.77423865418493,73.95460765247289],[-56.02163957378228,74.16704946562477],[-56.08039567729814,74.24487417265634],[-56.10483862977219,74.35256785755259],[-56.08328955750648,74.5420136583346],[-56.15248430034529,74.6177196316422],[-56.60599667013878,74.6863459337258],[-56.706119757704286,74.65211029733244],[-56.801333584202055,74.67166982695493],[-56.87114844422838,74.69497589791855],[-56.932565884007275,74.73334564889525],[-56.98553422710644,74.7867532416689],[-57.071653001520865,74.84021251087485],[-57.1908705308182,74.89377513294538],[-57.36478756369652,74.94545156523726],[-57.81318396669309,75.03996775989908],[-57.96710222027444,75.1051575792353],[-58.10882483583489,75.20491893177474],[-58.179673224507056,75.24744863555095],[-58.25331214052298,75.27897125924902],[-58.26925431988503,75.28274363880631],[-58.269228481668875,75.28274363880631],[-58.15432593446789,75.43017650013503],[-57.93725908062588,75.4520873074268],[-57.79972225608105,75.54210765247923],[-57.78460689963568,75.56032359486211],[-57.78848263205758,75.60365428333886],[-57.92589026552165,75.62006155059153],[-58.134998948790724,75.59577362741435],[-58.16427364768408,75.60517873809145],[-58.20282426617381,75.65155833607342],[-58.409581671773594,75.74411082630816],[-58.545335659404365,75.77806224232391],[-58.625537482321334,75.78038768177704],[-58.77888729514747,75.7520689968811],[-58.81725704612418,75.72633413359976],[-58.88146501324684,75.7304682481831],[-59.08160783551326,75.76467804636032],[-59.26361223004525,75.8188866238345],[-59.44530656598348,75.85857412383466],[-59.71743465843248,75.89629791940773],[-60.17278154157232,75.99329458281959],[-60.8746250067444,76.0971900499424],[-61.18824927432378,76.1578840196692],[-61.3748270331136,76.18000153269013],[-61.620858527255194,76.18563426380992],[-62.09666927758262,76.24232331003411],[-62.49617977563109,76.26046173776855],[-62.742883063392505,76.25214183216956],[-62.82344662133554,76.26154694284669],[-63.00581275089356,76.31908865020368],[-63.29129920109,76.35205821400591],[-63.438861253499454,76.33947500274284],[-63.622002529541845,76.27787669545093],[-63.843074306886486,76.21715688750798],[-63.96037980818903,76.20894033477357],[-64.13520117863244,76.26449249948733],[-64.2232061428255,76.30330150013852],[-64.30728369816438,76.31650482858909],[-64.3873304917845,76.30402497019061],[-64.5434191555221,76.25307200795082],[-64.69206641300967,76.21625254994287],[-64.91194963241159,76.1725084500078],[-65.08764950220396,76.15152781849729],[-65.31321712915799,76.14641185170039],[-65.36990617538217,76.13054718698679],[-65.45677425806481,76.1298237169347],[-65.57371802434132,76.14424144154414],[-65.68329789901624,76.17271515573695],[-65.78546220565727,76.21534821237775],[-65.87571509465504,76.2383183865315],[-65.95405656600951,76.24167735463045],[-66.13404557968211,76.21963735625799],[-66.3617836167924,76.15478343373168],[-66.46575659856364,76.13917715117954],[-66.55324479843378,76.14594676380976],[-66.6599566311165,76.16615224883591],[-66.87405209010174,76.21788035756005],[-66.99259782577928,76.21291942006003],[-67.07869076197755,76.19483266875788],[-67.05479041204256,76.15183787709104],[-66.85392411972404,76.04998362904375],[-66.67481360540042,75.97737824167369],[-66.82619971379945,75.96879995391323],[-68.14870296901309,76.0670368517001],[-68.31727149114917,76.09075633412205],[-68.46659054225654,76.1272398953201],[-68.42953854030327,76.25601756459146],[-68.4086354234412,76.33629690215689],[-68.26580176458647,76.42587799753484],[-68.11022986517177,76.49455597605073],[-67.73443884954528,76.58271596954067],[-67.26922176783769,76.52256460235294],[-67.13762773300643,76.5304194200613],[-67.0872173733057,76.61253327097309],[-67.08949113632656,76.70914236114275],[-67.05277503118317,76.78415070261443],[-66.97329667831828,76.81329621042703],[-66.98812781438605,76.89019074167733],[-67.08078365748537,76.87055369740641],[-67.33658199733014,76.86027008738033],[-67.57767839218788,76.821435248513],[-67.89179358587403,76.73361115183296],[-68.14291520859639,76.7771227078227],[-68.234382493753,76.78182526316128],[-68.35078365749045,76.75076772735385],[-68.4219679429725,76.78957672800506],[-68.49682125514728,76.76482371693724],[-68.55950476751732,76.77226512318727],[-68.65058447943176,76.82766225860415],[-68.74507483587745,76.77696767852582],[-68.94994605169857,76.77495229766645],[-69.06800086126935,76.78456411407275],[-69.18900122748079,76.82823069935938],[-69.25778255886127,76.88243927683355],[-69.27062415228579,76.94202220326609],[-69.34147254095797,76.97866079376102],[-69.45570329453915,76.99791026478975],[-69.65109188503472,77.09893768992036],[-69.78441708034775,77.11792877878763],[-69.86193172878555,77.09922191029797],[-70.21831824408646,76.93153188751081],[-70.35585506863129,76.9037816433701],[-70.45814856635305,76.90223135040132],[-70.53928056505129,76.90546112741957],[-70.57806372748634,76.96966909454223],[-70.62880998399696,76.99917633738089],[-70.9055631171361,77.01860667592264],[-70.96196794298267,77.05627879506342],[-70.95437150743577,77.08573436146979],[-70.72069068061191,77.08167776153486],[-70.54762630886643,77.14769440378772],[-70.29513526068834,77.17890696889204],[-68.89186174180251,77.13247569447778],[-68.56379391139755,77.03106069610497],[-68.47620235866283,77.05800995554519],[-67.57351843938838,77.08981679962083],[-67.50411699082039,77.1103323432407],[-67.32640174016865,77.06547720001136],[-67.08251481796715,77.03408376739405],[-66.86924618189859,76.91680410430764],[-66.776900397393,76.8998542345159],[-66.60590308293921,76.91659739857847],[-66.44074520533438,76.89117259389089],[-66.22373002792465,76.92362539337016],[-65.93816606307976,77.02318004018046],[-65.82910295272777,77.0188650580841],[-65.61526587590399,77.0435663927196],[-65.52847530786978,77.14676422800649],[-65.46393144393724,77.19327301706916],[-65.35109595402794,77.2392908800251],[-65.19598914250388,77.3901602241012],[-65.14221981470418,77.45586680776033],[-65.15485470239955,77.50813751902355],[-65.12725948755568,77.56606679962273],[-65.13265967473019,77.60239533152394],[-65.22735673690504,77.64187612579492],[-65.28172034367608,77.64616526967514],[-65.3662113104733,77.62807851837299],[-65.40150631372866,77.57330150014361],[-65.45853125676274,77.55847036407583],[-65.49369706893735,77.61877676056046],[-65.55955868189335,77.6286469591282],[-65.6133538479092,77.59836456980516],[-65.67820777043549,77.599398098451],[-65.73686052108677,77.64668203399806],[-66.11058447942159,77.74207672800885],[-66.23096472844551,77.67722280548257],[-66.3162308417271,77.67934153920653],[-66.37483191594609,77.7380459662901],[-66.48141455754808,77.77409027781367],[-67.36787207708288,77.71667776153741],[-67.5202658759116,77.72936432566506],[-67.6567691718106,77.66900625274816],[-67.71381995306082,77.62668325470112],[-67.83068620468889,77.5930418972791],[-67.93770809596536,77.61846670196671],[-68.0369010077496,77.61810496694066],[-68.13146887884375,77.59572907175827],[-68.2423148261098,77.64125600860741],[-68.2874800279329,77.70859039988373],[-68.4219679429725,77.80558706329556],[-68.50720821803796,77.77649323191524],[-68.57436174180124,77.72936432566506],[-68.67988501654125,77.75060333933702],[-68.749777391216,77.74187002227968],[-68.80579464382039,77.69391429311283],[-68.8255350409559,77.63350454376364],[-68.80543290879436,77.57663463002642],[-68.97170182969346,77.53338145619816],[-69.12864315456387,77.52927317983092],[-69.28028764512439,77.54405263946641],[-69.37516557481226,77.61422923451876],[-69.25199479844457,77.62732921010475],[-69.05611528184224,77.60988841420625],[-69.00288855658161,77.62371185984433],[-69.0040771145243,77.72926097280047],[-69.07182491725897,77.75894908315216],[-69.24749894883519,77.78016225860797],[-69.52704260931807,77.85540314402495],[-69.6826920233812,77.93317617462422],[-69.82467302110311,77.93880890574401],[-69.87544511582988,77.83005585398577],[-69.94825720892914,77.77912872996212],[-69.99182044135118,77.83819489207174],[-70.11785925971105,77.88878611928548],[-70.32926754421712,77.92578644480646],[-70.50863644070222,77.93880890574401],[-70.65550086127571,77.86615184194166],[-70.83864213731812,77.8601573757958],[-70.88455664740944,77.90465078399909],[-70.88889746772196,77.94216787384299],[-70.92388241238356,77.99606639272342],[-71.02457394070427,77.94438996043154],[-71.04842261420697,77.89354035105633],[-71.13645341661618,77.86718537058748],[-71.21086747911647,77.92785350209816],[-71.37858334011975,77.9300755886867],[-71.78602617052502,77.9958338487781],[-71.91860205756983,77.96852285431184],[-72.04270300971876,77.99027863230673],[-72.20659481473244,78.03417776153869],[-72.34725806343093,78.1138369819166],[-72.34196122912101,78.17595205353142],[-72.27795996772753,78.20080841746382],[-72.02110226102076,78.27731537547193],[-71.88648515490043,78.2919139675944],[-71.57942379422212,78.29865774200847],[-71.54929643419595,78.31297211375333],[-71.00005347358177,78.3135663927247],[-70.24997005886524,78.29206899689127],[-69.87622026231426,78.2569290229328],[-69.33090471055428,78.26803945587555],[-68.99325090195916,78.32586538361015],[-68.36698421901396,78.4019330919438],[-66.95337541366976,78.54094269480892],[-66.89040768092211,78.56600576447049],[-66.87914221868247,78.64246104604631],[-66.94906043157339,78.71194000926273],[-66.89040768092211,78.78108307566926],[-66.51931922063417,78.83963247345595],[-66.04976131861406,78.85345591909403],[-65.9814450751242,78.87213694936754],[-65.82967139348297,79.05264272736305],[-65.80726966008444,79.11119212514974],[-65.81667477076157,79.17715709097034],[-65.55976538762252,79.27645335561915],[-65.41987728540842,79.34024791128351],[-65.28779232447039,79.43732208934377],[-65.11695003931347,79.58899241812041],[-64.98923173690409,79.73694204377206],[-64.90463741724228,79.88127431916324],[-64.86662940129162,79.93214976675459],[-64.59925554061347,79.9391777615463],[-64.45923824731864,79.9241657579655],[-64.31542273625035,79.8720759142153],[-63.37462744816065,79.90494212515294],[-62.39959652367758,79.89620880809561],[-62.10093258324671,79.95248444286146],[-61.09003821475308,79.88830231395495],[-60.732204759347994,79.93641307241869],[-60.44739010277133,79.99695201284861],[-60.06537207705367,79.97728913036154],[-59.950908779527175,80.04508860952849],[-59.85582414411011,80.06617259390357],[-59.147366095604674,80.11970937775796],[-59.043573981346455,80.1425761990471],[-58.982724982322765,80.2577112901934],[-59.091245490135705,80.30352244742015],[-59.313686692936066,80.33171194123535],[-59.542587449772924,80.40703034130077],[-60.128882412340374,80.5233539903898],[-60.70264584007704,80.66350047476534],[-60.9366625637108,80.7490249702084],[-61.17458085798258,80.90007518179753],[-61.29728654645963,80.92978913036536],[-61.37754004580891,80.87666575796932],[-61.402654791902755,80.83578970002644],[-61.59982621931241,80.78785980907573],[-61.65648942732044,80.75752574332041],[-61.7607466294693,80.75486440705738],[-61.91277869327199,80.7807542996356],[-62.065689256423646,80.77519908316422],[-62.21087419294766,80.74380565054692],[-62.341098802323195,80.76664663361991],[-62.4840874904748,80.93221792268308],[-62.63074520531914,80.95516225862066],[-62.751771409746695,80.91790355093822],[-62.82765825056732,80.93175283479245],[-62.87644080265085,80.98280914989682],[-62.84068071150488,81.0306098497668],[-62.757972581621736,81.06264923778777],[-62.63394914412124,81.0821829291941],[-62.46248674177679,81.0821829291941],[-62.16392615421051,81.04533763297],[-61.845599331292554,81.04293467886843],[-61.66840084496371,81.01236806916778],[-61.54158688011947,81.01756155061311],[-61.36658464216304,81.07587840445449],[-60.70535885277236,81.11117340770984],[-60.46912004255007,81.18238353140804],[-60.357498948799616,81.19649119742373],[-60.252208218004924,81.26330882437712],[-60.151103278225875,81.28537466096576],[-60.017752244696695,81.28537466096576],[-59.57354163271576,81.33508738883053],[-59.09713660341697,81.35051280386965],[-58.78935177268657,81.33798126903888],[-58.652796800355304,81.27816579866102],[-58.50427873394845,81.27049184846568],[-58.181068488178944,81.29307444937724],[-57.66812822124981,81.27994863557511],[-57.546843634660775,81.26992340771046],[-57.476796230689146,81.21431956656441],[-57.31807206890465,81.2043460151321],[-57.08353858094799,81.23405996369992],[-56.923419155491615,81.22827220328323],[-56.841150275282956,81.2486843940385],[-56.50936174175298,81.18377879507993],[-56.414302944552084,81.23333649364783],[-56.26477718771554,81.2277554389603],[-55.87774654806556,81.1183564317984],[-55.10231584330985,81.14703685172039],[-54.800783860886774,81.12047516552236],[-54.54578650574251,81.12435089794427],[-54.072792120974995,81.15380646435064],[-53.70961015482772,81.21721344677276],[-53.455129564006384,81.1425926785433],[-53.29051428894063,81.1222321642203],[-53.11153296569772,81.1450731472933],[-53.054998948770404,81.20917776155137],[-53.09396297871849,81.27813996044488],[-53.128172776895696,81.2970535346637],[-53.1157962713618,81.39787425406514],[-53.054482184447494,81.45632029898725],[-52.96311825215545,81.4935790066697],[-52.868421189980594,81.46466604280239],[-52.902553473509386,81.36159739859627],[-52.863615281777456,81.30527008739811],[-52.831705084837225,81.29002553987202],[-52.11154232441767,81.19561269807475],[-51.250096198112146,81.23850413687701],[-51.02685401061126,81.27976776806209],[-50.86559770364447,81.2825324571897],[-50.744235602407,81.23920176871296],[-50.63847978372168,81.23126943635616],[-50.555694139190095,81.2494078640906],[-49.591721971217495,81.26385142691619],[-49.44297136086533,81.28940542268451],[-49.333882412297186,81.4028610297813],[-49.36057328957594,81.50990875927393],[-49.5525253973241,81.6360509304984],[-49.5783377752539,81.70302358674867],[-49.648204311712504,81.72989533154045],[-49.865297003770664,81.74296946891029],[-50.31948116718395,81.80839183219179],[-50.35268327493148,81.85658010530396],[-50.3076472641891,81.85908641227012],[-49.974463466987245,81.84539215771277],[-49.93787655292461,81.83025096305126],[-49.445606858912214,81.87626882600718],[-48.993541429222915,81.65465444612347],[-48.86690833189168,81.55832957633142],[-48.332108934103076,81.3974608426068],[-48.10840165871156,81.3479548204712],[-47.97763444679697,81.34265798616129],[-47.90381466326804,81.36082225211187],[-47.822553473489066,81.42505605745067],[-47.71666846372301,81.4147207709923],[-47.327467413916764,81.4382335476851],[-46.80698238787302,81.50851349560206],[-46.707711961440324,81.47639659293266],[-46.57097612159603,81.51455963818022],[-46.39207231300156,81.59817210562845],[-46.25936723487604,81.55683095979496],[-46.19316972511015,81.47466543245089],[-45.950548875499805,81.45063589143517],[-45.297126227385206,81.5202957221646],[-45.14951249854347,81.55295522737306],[-45.05905290381655,81.61566457795927],[-45.02732357438934,81.69519460725645],[-44.92924170589936,81.74488149690508],[-44.723776211106866,81.67909739859753],[-44.565465460780715,81.73837026643632],[-44.485082770350715,81.72932689078525],[-44.52058447933523,81.64096019156612],[-44.39627682145712,81.58111888297215],[-44.3216818914438,81.59476146109718],[-44.25217709001124,81.67529918082407],[-44.29757483577964,81.74591502555093],[-44.248482225102364,81.78697195100682],[-44.160089687667124,81.80348257112406],[-44.0718263413126,81.79113190380632],[-44.00772172705453,81.73131643342846],[-43.854346076012256,81.67023489045947],[-43.73047766780863,81.65535207795942],[-43.6142573715842,81.66788361279019],[-43.53542497412295,81.76756745068123],[-43.6098648748394,81.80728078889753],[-43.63164649105042,81.86234202750451],[-43.64913896338122,81.97349803336432],[-43.60617000993052,82.04739533154172],[-43.67520972347246,82.13586538362539],[-43.618856574058185,82.21115794547465],[-43.47284481461749,82.24640127229772],[-43.352412889161286,82.24653046337845],[-43.167824673014714,82.1454255235994],[-43.12948076025415,82.0875995958648],[-43.02044348811829,82.08452484814343],[-42.871770392414575,82.13824249951081],[-42.41094580745178,82.1620136583651],[-42.36870032405318,82.25317088492794],[-42.41425309911847,82.28650218375621],[-42.924919603026765,82.3310472683918],[-43.159504767415726,82.33306264925119],[-43.31202775732518,82.3017984077146],[-43.44232988134914,82.31089345979798],[-43.53493404801618,82.37290517854821],[-43.72479326025652,82.4378624539391],[-44.24272030290183,82.53051829703843],[-44.35330786800644,82.58684560823657],[-44.45105383968651,82.60730947542415],[-44.503634609543504,82.65257803011183],[-44.62714128272108,82.67149160433065],[-44.93130876319104,82.66578135856244],[-45.03988094743626,82.70999054638811],[-43.284277513184456,82.72037750927878],[-42.71966081396344,82.69846670198702],[-42.319452684079025,82.65810740836706],[-42.16860917821904,82.62782501904404],[-41.928210415197256,82.53449738232491],[-41.82077511246244,82.47010854768925],[-41.72974707698032,82.4410663927412],[-41.59936743830793,82.42649363883488],[-41.51069068049506,82.3775560574545],[-41.40602006688788,82.39063019482434],[-41.401808437656086,82.45331370719437],[-41.47624833837253,82.49305288362682],[-41.50813269709661,82.56056814241617],[-41.520405849765936,82.63743683545032],[-41.42780168309889,82.66668569612752],[-41.27938696955664,82.61092682568459],[-40.971369594880926,82.54669302034578],[-41.02989315445147,82.44672496207717],[-41.2567526922128,82.44385692008497],[-41.341372850090735,82.36758250602215],[-41.2793094549082,82.31947174755841],[-40.996949428865406,82.30197927522762],[-40.66839067235367,82.3533714871419],[-40.296527065581344,82.25079376904252],[-40.32957414403201,82.1616777615552],[-40.254049038237426,82.11018219677634],[-40.20226925308098,82.10007945426328],[-40.113747524565,82.09390412060439],[-39.88006669774114,82.14364268668531],[-39.82699500177739,82.18929881461519],[-39.81324907078775,82.25818349886025],[-39.7099478826363,82.26970734326135],[-39.38797787124177,82.17663808870368],[-39.19925554051186,82.08548086214081],[-38.956660529117656,82.10405853954974],[-38.729387579898,82.19978913037043],[-38.653164842267486,82.19978913037043],[-38.52808203790501,82.15390045849527],[-38.367497524558004,82.12744212516185],[-37.96734107110589,82.12356639273993],[-37.803449266092215,82.07542979606005],[-37.510366380348856,82.0480154487292],[-37.40316362155936,82.02284902620308],[-37.30906083835586,81.99142975536962],[-37.24141638848579,81.92549062776517],[-37.122844814592085,81.87877513297333],[-36.69403377943412,81.8916942410463],[-36.71395504408264,81.81206085888452],[-36.898775804174534,81.78927155224379],[-36.94288163913565,81.67876150178763],[-36.889861619604176,81.65801341422245],[-36.67499101413458,81.62375193961294],[-36.36082414401612,81.61558706331083],[-36.20489050957539,81.63822134065465],[-36.09394120944475,81.70230011669658],[-36.021309983858515,81.69935456005594],[-36.001827968884484,81.63341543245151],[-35.868606126436035,81.57062856721691],[-35.74657223157877,81.56396230745123],[-35.490903082814725,81.59016225862321],[-35.361376105275156,81.66044220654017],[-35.177201300586916,81.72147207307687],[-34.86543738457004,81.75749054638429],[-34.720536668423634,81.69899282502989],[-34.798102993293725,81.64473257112344],[-34.77397009941342,81.54168976513343],[-34.63666581881391,81.4700662299769],[-34.36458940279721,81.4357014025028],[-33.7534639145135,81.45440827099247],[-33.69434607597161,81.41332550732044],[-33.63695939791148,81.41311880159127],[-33.59856380871862,81.48856639273738],[-33.376768561321896,81.46557038036751],[-33.280882941204325,81.41869985627879],[-33.1179213119719,81.40133657502871],[-33.03226762544813,81.48745534944312],[-32.86323401542141,81.54727081982095],[-32.615057949339686,81.58892202424822],[-32.24983476411687,81.61811920849313],[-32.149685838335216,81.61000600862332],[-32.077984788530244,81.54176727978187],[-32.13283932140807,81.52293122021148],[-32.13878211112163,81.46226308870082],[-32.11563106945488,81.42846670198195],[-32.088811001095394,81.40128489859642],[-31.974786953243363,81.36247589794523],[-31.80753618013072,81.37446483023693],[-31.719996303828296,81.43818187125281],[-31.728832973750205,81.52143260367502],[-31.67260901541664,81.56406566031582],[-31.482853156040893,81.43745840120071],[-31.101171027133105,81.33803294547117],[-30.91888241222352,81.32346019156485],[-30.798605516064185,81.36020213492436],[-30.718352016714903,81.35637807893478],[-30.658304002391745,81.32175486929923],[-30.097718064889506,81.31958445914297],[-28.615637986758585,81.39534210888284],[-28.11078508148313,81.38914093700784],[-28.71222123871209,81.28583974885636],[-29.19121008962547,81.24739248323122],[-29.228055385849572,81.2328714057572],[-29.267872076930463,81.17106639273611],[-29.233171352646462,81.09148468700663],[-29.10909623871368,81.05675812450649],[-28.928538784285877,81.07453481721491],[-28.841515672306357,81.12300731070466],[-28.701059129337057,81.14434967724121],[-28.605483567813227,81.12858836539219],[-28.532232225039493,81.10099315054835],[-28.45962683766942,81.02838776317826],[-28.432651740013057,80.90384756135485],[-28.402989467877518,80.88658763296937],[-28.35965877940079,80.87759593375058],[-28.27852678070255,80.89485586213605],[-28.260775926210286,80.93232127554766],[-28.20106380869703,80.98058706330828],[-28.150265875754116,80.87899119742245],[-28.051899786886537,80.86186046011768],[-27.934361741638668,80.86627879507866],[-27.86108456064879,80.787730617995],[-27.785326910908907,80.75465770132821],[-27.519555019631795,80.70365306265613],[-27.11619462737758,80.58603750275982],[-27.031083543392867,80.50511220979074],[-26.66213965504504,80.46754344351454],[-26.485742153416727,80.48108266877502],[-26.35750708668445,80.54247427033776],[-26.24570512542097,80.54381785757737],[-26.187388271579593,80.50040965445218],[-26.013522915133592,80.48526845979067],[-25.79617184091397,80.41690053986851],[-25.811364712007773,80.34406260855313],[-25.994170091240278,80.30980113394362],[-26.015951707451308,80.20988475210727],[-25.216594814544464,80.19314158804471],[-24.56482581226321,80.1125263536694],[-24.330008103928936,80.02676931428103],[-24.28228491870739,79.96540355093443],[-24.138753628016715,79.87621002879864],[-24.111649339279623,79.79947052684521],[-24.035349087000668,79.72360952424076],[-23.43856380867797,79.53276845978685],[-23.32944902189368,79.45773428009905],[-23.247025112388144,79.44683055288549],[-23.133776211020503,79.46925812450014],[-22.997402106202244,79.45323843048966],[-22.094873216224684,79.46589915640116],[-21.752646043371755,79.53276845978685],[-21.495090704829053,79.5395897488494],[-20.529929978913728,79.65281281200087],[-20.3972765772205,79.74929271108981]],[[-21.967206590247613,78.42947663035535],[-21.967206590247613,78.42947663035535],[-21.90385128425777,78.47515859650137],[-21.932350836666743,78.54427582469175],[-22.22858598477991,78.56745270457468],[-22.463817104572513,78.5277652045745],[-22.63235978849245,78.56608327911893],[-22.842502000407364,78.69705719676269],[-23.003551601644986,78.70212148712729],[-23.048096686280573,78.63618235952286],[-23.249970669028784,78.59613312449666],[-23.253432989992334,78.49355540639728],[-23.20129146980983,78.45562490509506],[-23.04491858569463,78.44058706329811],[-22.778164842203978,78.44058706329811],[-22.54102169441657,78.47598541941807],[-22.404647589598312,78.46192942983467],[-22.1685638086729,78.3897891303552],[-22.079241095456396,78.39570608185262],[-21.967206590247613,78.42947663035535]],[[-22.807310350016593,78.01249949819224],[-22.807310350016593,78.01249949819224],[-22.745401984130936,78.06252228465077],[-22.76292029467787,78.18509878204709],[-22.919499884522253,78.18980133738565],[-23.057630988038426,78.21920522735972],[-23.170905727622213,78.27082998321931],[-23.254363165773597,78.23966909454732],[-23.279684617596615,78.18163646108353],[-23.37373572436782,78.08619009064044],[-23.34502946622969,78.01373973256723],[-23.02755530444456,77.95947947866078],[-22.886581997152334,77.98128693308796],[-22.807310350016593,78.01249949819224]],[[-22.998616502361116,76.60581533477516],[-22.998616502361116,76.60581533477516],[-22.965233527100565,76.71459422474955],[-23.020785691814325,76.7987234565207],[-23.101116705812046,77.00349131947725],[-23.27896114754452,77.13270823842309],[-23.44510087736289,77.18944896107958],[-23.835464646895705,77.28489533152266],[-23.95969479012537,77.26789378529863],[-24.03214514819858,77.1765815294389],[-24.098962775151975,77.15787466094925],[-24.175185512782477,77.15787466094925],[-24.241589728277546,77.18014720326703],[-24.327579311611217,77.28505036081954],[-24.376025966884853,77.31274892852797],[-24.37584509937183,77.35812083608025],[-24.33930986174147,77.40450043406221],[-24.396722378017742,77.47211904571613],[-24.464108445726353,77.47622732208332],[-24.52648189950264,77.45868317332024],[-24.559658169034023,77.37716360137979],[-24.504338548265565,77.33083567983014],[-24.537850714606847,77.26034902618402],[-24.620326300544676,77.17642650014203],[-24.81816952157412,77.12144277618346],[-24.886124030037934,77.14831452097523],[-24.91258236337137,77.18880300567592],[-25.000690680429017,77.23409739857975],[-25.11610999195291,77.16536774363156],[-25.154660610442647,77.11201182729022],[-25.241993781015925,77.06899119740721],[-25.318164842214145,77.06899119740721],[-25.387204555756085,77.02119049753723],[-25.42823564299583,76.91235993113055],[-25.38296708830815,76.85164012318758],[-25.31540015308653,76.87737498646895],[-25.26108822274776,76.86556692169025],[-25.240624355560186,76.8232956000755],[-25.152567714934833,76.7740737983175],[-25.154996507252548,76.72772003855168],[-25.274291551198345,76.70420726185888],[-25.336665004974634,76.7225007188902],[-25.68703121591354,76.7196843533303],[-25.691552903739066,76.63493500437163],[-25.64305457203315,76.60439423288712],[-25.295788947031753,76.55736867950152],[-25.337362636810568,76.50571808542578],[-25.468388230886617,76.47900136993088],[-25.555152960704675,76.42923696563382],[-25.59499549000171,76.36794871693566],[-25.701397264090673,76.3314651557376],[-25.847874111421987,76.30831411407082],[-25.789738125093635,76.19948354766414],[-25.673931240327548,76.19093109811983],[-25.202409633880336,76.24498464629714],[-25.110528937265386,76.19018178985162],[-25.055338507577673,76.09672496205177],[-25.007227749113937,75.93210968698601],[-24.97348303882734,75.89273224557958],[-24.875711228931124,75.88456736927746],[-24.759361741625966,75.96409739857468],[-24.520229051195315,75.99647268340551],[-24.391916469814603,75.99298452422583],[-24.22432979989206,76.0290805121817],[-24.086276211024316,76.0910663927158],[-24.02351518400583,76.045952867325],[-23.854481573979115,76.05664988880942],[-23.782444627364242,76.09282339141372],[-23.75048275399172,76.1640851915442],[-23.610258754967717,76.32004466420109],[-23.332032843508273,76.44809886342036],[-22.998616502361116,76.60581533477516]],[[-23.853137986739526,78.22168569610973],[-23.853137986739526,78.22168569610973],[-23.85858985034632,78.15776194936468],[-23.812158575932074,78.07864533152583],[-23.69498226571025,78.01699534780163],[-23.581423305748856,78.01221527781463],[-23.53941036629557,78.03973297801006],[-23.508352830488153,78.07774099396072],[-23.54127071785807,78.21778412547171],[-23.630696783939158,78.2792532416829],[-23.742292039473455,78.29578970001627],[-23.853137986739526,78.22168569610973]],[[-27.831396450297106,72.63861562772804],[-27.831396450297106,72.63861562772804],[-27.947720099386117,72.59789459908204],[-27.88627682139108,72.4155801459563],[-27.651149054463062,72.45283885363874],[-27.708148159280995,72.6249213731707],[-27.831396450297106,72.63861562772804]],[[-29.274796718857576,73.60545583769284],[-29.274796718857576,73.60545583769284],[-29.254823777776767,73.71513906523235],[-29.284796108506047,73.75637685820125],[-29.330607265732795,73.78195669218572],[-29.426647915147246,73.77560049101383],[-29.505144415798597,73.72332977975059],[-29.68342810720556,73.67452138945093],[-29.732882452908886,73.63643585885181],[-29.70063635915875,73.53184275989305],[-29.632500983181913,73.53075755481494],[-29.563771328233727,73.55140228951554],[-29.33611080577188,73.57468252226303],[-29.274796718857576,73.60545583769284]],[[-29.320607876084324,71.7982018093653],[-29.320607876084324,71.7982018093653],[-29.273272264104964,71.88305451118855],[-29.328876105251016,71.96302379016022],[-29.407398444118517,72.00247874621506],[-29.502999843858486,71.99736277941817],[-29.68161943207535,72.02645661079849],[-29.745336473091232,72.00315053983486],[-29.725596075955735,71.89566356066776],[-29.596456671658334,71.87333934191768],[-29.396830613714826,71.79778839790697],[-29.320607876084324,71.7982018093653]],[[-30.7056912908034,68.94695465766118],[-30.7056912908034,68.94695465766118],[-30.621794602977545,69.10190643988837],[-30.66192135265219,69.1541254747193],[-30.804574143993907,69.16957672797456],[-30.868239508577492,69.12074249945876],[-30.9883355372238,69.1324213731567],[-31.031123623161477,69.11386953396392],[-31.05512732596105,69.0778510606565],[-31.044404466260488,69.023409939237],[-30.98489905447639,68.98695221625509],[-30.961231248486715,68.92127147081213],[-30.961489630648174,68.83685801866334],[-30.931982387809516,68.79285553656683],[-30.86630164236654,68.7776109890407],[-30.816976487743943,68.79647288682723],[-30.76083004405884,68.84675405544725],[-30.7056912908034,68.94695465766118]],[[-32.94307410331236,68.37996084255475],[-32.94307410331236,68.37996084255475],[-32.891061774210584,68.47540721299784],[-32.96986833345569,68.6345706244568],[-33.05288652193258,68.65699819607148],[-33.14481889497982,68.6562230495871],[-33.229206508912455,68.5875967475035],[-33.20592627616496,68.51964223903967],[-33.235407680787475,68.4609378119561],[-33.2722013005793,68.44951732041962],[-33.31486019543624,68.44176585557584],[-33.42167538098353,68.49380402289374],[-33.51094641776774,68.5115032009537],[-33.59985571952592,68.48827464463851],[-33.62357520194789,68.39086456976834],[-33.55972896985128,68.36792023383073],[-33.44113155774143,68.41380890570592],[-33.382969733196916,68.38838410101833],[-33.379972500124,68.30518504502841],[-33.33816626639987,68.25560150824434],[-33.20367835136027,68.2124258490645],[-33.149857347128275,68.1735134955487],[-33.10394283703695,68.19392568630401],[-33.130504523234976,68.256247463648],[-32.94307410331236,68.37996084255475]],[[-33.42237301281948,67.824775092227],[-33.42237301281948,67.824775092227],[-33.411986049928814,67.88593414984443],[-33.52430477551519,67.932597968204],[-33.70018551282059,67.9503746609124],[-33.83705054374562,67.84526479763072],[-33.819687262495556,67.74785472276055],[-33.76845007987815,67.71633209906251],[-33.70307939302893,67.70330963812498],[-33.61132788749471,67.72801097276046],[-33.57259640149195,67.77834381781277],[-33.42237301281948,67.824775092227]],[[-42.35249976252968,63.12526866317175],[-42.35249976252968,63.12526866317175],[-42.33614417170931,63.23030101180496],[-42.35056189631874,63.270918687586395],[-42.396295538897036,63.30497345646673],[-42.48001135920988,63.31592886011261],[-42.58119381363737,63.25830963810718],[-42.636565110838106,63.2025249294481],[-42.681161871906,63.124700222416536],[-42.670103115395534,63.00643870711658],[-42.60491329605934,62.96675120711642],[-42.48541154638437,63.00214956323636],[-42.41154008642315,63.05367096623137],[-42.35249976252968,63.12526866317175]],[[-58.5828269110321,80.55203441031178],[-58.5828269110321,80.55203441031178],[-58.56667802594089,80.64071116812461],[-58.63551103375368,80.70236115184882],[-58.96967668316908,80.65324270295541],[-59.020397101463544,80.63249461539023],[-59.011250372947885,80.54955394156177],[-58.96226111513519,80.52795319286376],[-58.773848842999016,80.4919863959886],[-58.650212978740704,80.49043610301986],[-58.5828269110321,80.55203441031178]],[[-59.24591305198529,80.62947154410116],[-59.24591305198529,80.62947154410116],[-59.20529537620386,80.71548696565095],[-59.23932430686808,80.8052747667581],[-59.30652950706365,80.84085399039104],[-59.389108445866064,80.84085399039104],[-59.454246588769955,80.8616279161724],[-59.49695716005919,80.91304596630279],[-59.77125566266446,80.89490753856835],[-59.88365190289928,80.93371653921956],[-59.94098690452712,81.0036089138943],[-60.03888790550409,81.0323410102486],[-60.10022783063452,81.02179901806103],[-60.138752610908135,80.98451447216245],[-60.09593868675431,80.87273834911512],[-59.96302690289959,80.80568817821646],[-59.55501563173913,80.6486176622653],[-59.37143510602223,80.61079051382764],[-59.30001827659487,80.61526052522088],[-59.24591305198529,80.62947154410116]]]},"properties":{"scalerank":0,"featurecla":"Glaciated Areas","min_zoom":0}},{"type":"Feature","geometry":{"bbox":[-18.916514248113003,79.71123301870684,-17.400818650776216,80.05519135204155],"type":"Polygon","coordinates":[[[-18.03581865077875,79.71123301870684],[-18.03581865077875,79.71123301870684],[-18.662007819075527,79.72004385041261],[-18.77050248867232,79.73554678010017],[-18.916514248113003,79.86370433218401],[-18.90238074388118,79.90680247671544],[-18.888893195053,79.95749705679377],[-18.54738949225215,80.01108551708045],[-17.982901984111876,80.05519135204155],[-17.47138281907077,80.02873301870811],[-17.400818650776216,79.94049551056973],[-17.61248531744373,79.82587718374636],[-18.03581865077875,79.71123301870684]]]},"properties":{"scalerank":4,"featurecla":"Glaciated Areas","min_zoom":3}},{"type":"Feature","geometry":{"bbox":[170.71519249906487,-43.34603606544428,170.9845300641701,-43.18935312273533],"type":"Polygon","coordinates":[[[170.9185909365657,-43.31027597429831],[170.9185909365657,-43.31027597429831],[170.81131066312776,-43.32402190528795],[170.76738569567965,-43.332290134454645],[170.72619957914304,-43.34603606544428],[170.71519249906487,-43.329551283543175],[170.7206702008878,-43.3020594215639],[170.77839277575782,-43.29105234148573],[170.84986128161745,-43.282784112319035],[170.9076355329198,-43.244336846693884],[170.9432922712012,-43.18935312273533],[170.9845300641701,-43.19488250099056],[170.95972537667,-43.282784112319035],[170.9185909365657,-43.31027597429831]]]},"properties":{"scalerank":5,"featurecla":"Glaciated Areas","min_zoom":5}},{"type":"Feature","geometry":{"bbox":[170.05280398994762,-43.62632903419541,170.65746992419486,-43.420243422215414],"type":"Polygon","coordinates":[[[170.5145329124755,-43.50266733172095],[170.5145329124755,-43.50266733172095],[170.46781741768365,-43.519152113622056],[170.4073559919022,-43.5576510556795],[170.35790164619885,-43.61537363054953],[170.24793419828174,-43.62632903419541],[170.20121870348987,-43.61263477963806],[170.15719038317718,-43.549382826512804],[170.10510053942699,-43.524681491877296],[170.05280398994762,-43.488921400731314],[170.08856408109358,-43.477965997085434],[170.1490255068751,-43.480704847996904],[170.18747277250026,-43.461429538752036],[170.23144941638066,-43.45047413510616],[170.30839562406322,-43.483443698908374],[170.37164757718847,-43.49992848080949],[170.45133263578253,-43.46969776791873],[170.53101769437663,-43.43672820411652],[170.5997473493248,-43.420243422215414],[170.65194054593962,-43.42572112403835],[170.65746992419486,-43.45321298601763],[170.5145329124755,-43.50266733172095]]]},"properties":{"scalerank":5,"featurecla":"Glaciated Areas","min_zoom":5}},{"type":"Feature","geometry":{"bbox":[168.36804894436796,-44.49759368263639,168.6456547386399,-44.42338632586526],"type":"Polygon","coordinates":[[[168.6456547386399,-44.47010182065711],[168.6456547386399,-44.47010182065711],[168.63738650947323,-44.49211598081345],[168.59893924384806,-44.48658660255822],[168.57144738186878,-44.47010182065711],[168.51098595608727,-44.48384775164675],[168.44225630113908,-44.49759368263639],[168.37078779527945,-44.48384775164675],[168.36804894436796,-44.46462411883418],[168.38179487535763,-44.42612517677673],[168.42577151923797,-44.42612517677673],[168.4614799339517,-44.44813933693307],[168.52473188707694,-44.44813933693307],[168.5879321637699,-44.42338632586526],[168.6456547386399,-44.42338632586526],[168.6456547386399,-44.47010182065711]]]},"properties":{"scalerank":5,"featurecla":"Glaciated Areas","min_zoom":5}},{"type":"Feature","geometry":{"bbox":[169.9511564476295,-43.75825896583656,170.11879479398436,-43.65108204526321],"type":"Polygon","coordinates":[[[170.11879479398436,-43.69231983823212],[170.11879479398436,-43.69231983823212],[170.0638110700258,-43.74451303484692],[170.02810265531213,-43.75825896583656],[170.01435672432245,-43.73629648211251],[170.02810265531213,-43.69779754005506],[169.9786483096088,-43.68131275815396],[169.9511564476295,-43.66208912534138],[169.9620601748431,-43.65108204526321],[170.02810265531213,-43.66208912534138],[170.10510053942699,-43.66482797625285],[170.11879479398436,-43.69231983823212]]]},"properties":{"scalerank":5,"featurecla":"Glaciated Areas","min_zoom":5}},{"type":"Feature","geometry":{"bbox":[68.83572635282397,-49.6622913551831,68.95918134956926,-49.53878468200551],"type":"Polygon","coordinates":[[[68.95918134956926,-49.626996351927744],[68.95918134956926,-49.626996351927744],[68.90626468290239,-49.6622913551831],[68.85334801623549,-49.649062188516375],[68.83572635282397,-49.60493051533911],[68.87102135607932,-49.55645802184934],[68.92393802274621,-49.53878468200551],[68.94595218290254,-49.569687188516056],[68.95918134956926,-49.626996351927744]]]},"properties":{"scalerank":5,"featurecla":"Glaciated Areas","min_zoom":5}},{"type":"Feature","geometry":{"bbox":[69.52364301949339,-49.60053801859431,69.65154218941578,-49.516770521849175],"type":"Polygon","coordinates":[[[69.59418134957178,-49.516770521849175],[69.59418134957178,-49.516770521849175],[69.64709801623869,-49.54322885518262],[69.65154218941578,-49.60053801859431],[69.6030180194937,-49.60053801859431],[69.52364301949339,-49.56524301533895],[69.54126468290491,-49.52116301859399],[69.59418134957178,-49.516770521849175]]]},"properties":{"scalerank":5,"featurecla":"Glaciated Areas","min_zoom":5}},{"type":"Feature","geometry":{"bbox":[62.52034956243412,80.69760692007797,65.43738081244578,81.1985065782831],"type":"Polygon","coordinates":[[[65.36007286973714,81.00818227815215],[65.36007286973714,81.00818227815215],[65.37206180202887,80.96802969026136],[65.43738081244578,80.93071930614663],[64.99751102077735,80.81889150666701],[64.5483394712964,80.75543284781257],[63.37383751816672,80.70008738882798],[63.187595656186794,80.69760692007797],[63.00218061712354,80.71285146760407],[62.76043826686217,80.76271922476575],[62.52034956243412,80.82188873973995],[62.59259321477816,80.85304962841194],[62.819349399674905,80.8937964952741],[63.1157654153011,80.96678945588634],[63.614753045511414,80.98089712190203],[63.855978631449894,80.98112966584735],[64.0956539244196,80.99833791780053],[64.16593387233652,81.0357258165637],[64.21047895697214,81.1063674995067],[64.2558508645244,81.1444530301058],[64.31011111843085,81.17520050731947],[64.57541792181735,81.1985065782831],[64.8020707538495,81.19726634390811],[65.02769005723582,81.16946442333507],[65.17197065619473,81.14403961864748],[65.30974002468486,81.0964197862905],[65.3819836770289,81.05675812450649],[65.36007286973714,81.00818227815215]]]},"properties":{"scalerank":3,"featurecla":"Glaciated Areas","min_zoom":2.1}},{"type":"Feature","geometry":{"bbox":[57.01112511579751,80.10405141877352,59.25543257023355,80.49395010041572],"type":"Polygon","coordinates":[[[59.25543257023355,80.3432099474203],[59.25543257023355,80.3432099474203],[58.39791385278222,80.31876699494626],[58.283915643146344,80.29778636343575],[58.28577599470884,80.24812531200327],[58.25549360538583,80.20182322866974],[58.16319949731252,80.19652639435982],[57.956287062415875,80.12322337515381],[57.800120884029816,80.10405141877352],[57.39229048038237,80.13913971629971],[57.332345818923784,80.15810496695083],[57.28139285668399,80.19391673452908],[57.21400678897538,80.32824962027182],[57.211733025954544,80.36847972281105],[57.18620486840237,80.39622996695176],[57.083368768141526,80.44521922476447],[57.01112511579751,80.46831858999893],[57.07499718611027,80.49395010041572],[57.521998325434964,80.47537242300679],[58.48049279158463,80.46475291617081],[58.97172895695118,80.41586701122269],[59.11590620304551,80.3884268256757],[59.25543257023355,80.3432099474203]]]},"properties":{"scalerank":4,"featurecla":"Glaciated Areas","min_zoom":3}},{"type":"Feature","geometry":{"bbox":[59.288195428306615,80.41860586213416,62.22775760279753,80.89294383414126],"type":"Polygon","coordinates":[[[62.10290734238038,80.86658885367241],[62.10290734238038,80.86658885367241],[62.167812941338944,80.83475617138063],[62.22775760279753,80.79439687776066],[62.19179080592238,80.73021474885415],[62.114586216078315,80.68370595979145],[62.075725538994845,80.61694000927035],[61.76918094263945,80.60102366812445],[61.68122765487869,80.58634756135359],[61.597511834565836,80.53498118765545],[61.285179477793776,80.50475047476472],[61.051291945240735,80.41860586213416],[60.722319777270684,80.43467723257693],[60.27831587101889,80.49441518830632],[59.900251092371555,80.44609772411344],[59.64982710148514,80.43126658804566],[59.34638309106725,80.50500885692615],[59.30442182804625,80.52154531525956],[59.288195428306615,80.57267914501237],[59.30628217960875,80.61776683218704],[59.386484002525755,80.71254140901034],[59.49510786320326,80.76649160432304],[59.54947146997432,80.78359650341166],[59.592259555912,80.81651439078159],[59.71586958195417,80.83635814078166],[60.09455447778899,80.84857961701867],[60.234907667893744,80.83775340445355],[60.278005812425164,80.80145071076849],[60.48150760279055,80.80424123811225],[60.820194940031485,80.82653961864621],[61.31318810409596,80.86263560660207],[61.59740848170126,80.89294383414126],[61.85062299993143,80.88591583934955],[62.10290734238038,80.86658885367241]]]},"properties":{"scalerank":3,"featurecla":"Glaciated Areas","min_zoom":2.1}},{"type":"Feature","geometry":{"bbox":[54.97972456240396,80.22678294546672,55.479745721260116,80.32538157827962],"type":"Polygon","coordinates":[[[55.353241815009625,80.31768178986813],[55.353241815009625,80.31768178986813],[55.43478722516619,80.30223053661287],[55.479745721260116,80.27380849885232],[55.19511193219648,80.22678294546672],[55.048454217352145,80.22838491486776],[54.97972456240396,80.25644521760226],[55.09165571474816,80.2955642768472],[55.24007042829041,80.32538157827962],[55.353241815009625,80.31768178986813]]]},"properties":{"scalerank":4,"featurecla":"Glaciated Areas","min_zoom":3}},{"type":"Feature","geometry":{"bbox":[58.61009728377263,81.29229930289286,59.37459842309864,81.39771922476828],"type":"Polygon","coordinates":[[[59.3131034686713,81.30521841096582],[59.3131034686713,81.30521841096582],[59.096992628826676,81.29229930289286],[58.719031203043926,81.31353831656482],[58.61009728377263,81.33725779898678],[58.63448855981441,81.36035716422124],[58.88057173038831,81.39182811148702],[59.07497846867033,81.39771922476828],[59.28085737492117,81.36609324820566],[59.37459842309864,81.32506216096591],[59.3131034686713,81.30521841096582]]]},"properties":{"scalerank":4,"featurecla":"Glaciated Areas","min_zoom":3}},{"type":"Feature","geometry":{"bbox":[53.8119405454722,80.42134471304564,54.43732872906844,80.6052611355724],"type":"Polygon","coordinates":[[[54.20540490094251,80.56174957958264],[54.20540490094251,80.56174957958264],[54.40714969261001,80.54014883088463],[54.43732872906844,80.49870433218656],[54.41531456891212,80.47281443960834],[54.27589155458864,80.42134471304564],[53.8119405454722,80.4762250841396],[53.849974399639024,80.50384613719962],[53.90020389182672,80.51544749624914],[53.90154747906632,80.54247427033776],[53.858862745993235,80.56304149038995],[53.87725955588915,80.6052611355724],[54.17677615745282,80.57435862906185],[54.20540490094251,80.56174957958264]]]},"properties":{"scalerank":4,"featurecla":"Glaciated Areas","min_zoom":3}},{"type":"Feature","geometry":{"bbox":[60.05817426945552,80.92968577750078,61.567436150971986,81.10396454540513],"type":"Polygon","coordinates":[[[60.82670617050027,80.92968577750078],[60.82670617050027,80.92968577750078],[60.32110395695656,80.95549815543056],[60.05817426945552,80.98461782502703],[60.078328078049346,80.99919057893335],[60.14757449732045,81.01665721304799],[60.58661746607223,81.08768646923319],[61.45746870305488,81.10396454540513],[61.567436150971986,81.05029857047002],[61.47193810409657,81.0110244819282],[61.140795525970276,80.95035635041752],[60.82670617050027,80.92968577750078]]]},"properties":{"scalerank":4,"featurecla":"Glaciated Areas","min_zoom":3}},{"type":"Feature","geometry":{"bbox":[52.21338178895539,80.17324616161234,53.85162804547235,80.41266307242059],"type":"Polygon","coordinates":[[[53.345922479064086,80.36630931265476],[53.345922479064086,80.36630931265476],[53.48617231630422,80.32336619742024],[53.85162804547235,80.26838247346167],[53.77793745302415,80.22833323843547],[53.652983839742404,80.22254547801877],[53.521415643127284,80.18518341747176],[52.856339959530885,80.17324616161234],[52.63588829937373,80.17887889273216],[52.60705285015487,80.19117788361761],[52.550518833227585,80.20187490510203],[52.343606398330905,80.21324372020625],[52.21338178895539,80.26373159455541],[52.27022586447646,80.27634064403463],[52.57666710796727,80.29690786408682],[52.68053673687393,80.31848277456864],[52.71598676942614,80.34755076773284],[52.85396284364546,80.40240530061065],[53.18562218609469,80.41266307242059],[53.32917931500151,80.40240530061065],[53.345922479064086,80.36630931265476]]]},"properties":{"scalerank":4,"featurecla":"Glaciated Areas","min_zoom":3}},{"type":"Feature","geometry":{"bbox":[55.72396854027153,80.07149526642964,57.12264285668337,80.36615428335791],"type":"Polygon","coordinates":[[[56.94456587100558,80.36615428335791],[56.94456587100558,80.36615428335791],[57.07871788923527,80.35090973583179],[57.12264285668337,80.31698415803218],[57.118922153558344,80.19396841096138],[57.0727234230894,80.13939809846117],[57.08016482933945,80.09469798452868],[56.98694054548491,80.07149526642964],[56.200631951731765,80.0764820421458],[55.81161176943855,80.08715322541407],[55.72396854027153,80.10472321239332],[55.9422497902724,80.16327261018002],[56.012219679595574,80.2038902859614],[55.9898954608455,80.32005890575356],[56.02441531761647,80.34132375764166],[56.65507449730649,80.33034251577963],[56.707267693921295,80.36326040314957],[56.94456587100558,80.36615428335791]]]},"properties":{"scalerank":4,"featurecla":"Glaciated Areas","min_zoom":3}},{"type":"Feature","geometry":{"bbox":[58.919225701742626,79.92302887645509,59.91099979028826,80.11883087840899],"type":"Polygon","coordinates":[[[59.54451053247431,80.11883087840899],[59.54451053247431,80.11883087840899],[59.80165245955865,80.08265737580469],[59.91099979028826,79.99429067658558],[59.6888944842978,79.9558175727443],[59.330673455650526,79.92302887645509],[59.20261925643126,79.93295075145512],[59.16923628117073,79.9482986518458],[59.10040327335793,79.96416331655941],[58.919225701742626,79.98462718374701],[58.94609744653439,80.04234975861702],[59.001494581951306,80.05392527945041],[59.54451053247431,80.11883087840899]]]},"properties":{"scalerank":4,"featurecla":"Glaciated Areas","min_zoom":3}},{"type":"Feature","geometry":{"bbox":[55.46599979027047,81.13556468375161,58.56389855330372,81.56463410107104],"type":"Polygon","coordinates":[[[55.716733839750646,81.18848135041848],[55.716733839750646,81.18848135041848],[55.5726599465209,81.22806549755406],[55.46599979027047,81.31118703889554],[55.781949497303,81.32945465771071],[56.156810337148244,81.30309967724186],[56.40465050642007,81.38702220328385],[56.71873986189008,81.42340241161735],[56.973091261630685,81.51052887646144],[57.09153364444364,81.54122467724282],[57.36500532413226,81.53525604931312],[57.45647260928885,81.54287832307615],[57.71661176944615,81.56463410107104],[57.810249464759046,81.54603058544596],[57.86264936710298,81.50644643831039],[58.01654178246818,81.48381216096654],[58.43605105981362,81.46417511669561],[58.56389855330372,81.41841563590118],[58.37186893090711,81.38697052685156],[57.85872195824879,81.36805695263276],[57.91194868350942,81.30325470653875],[58.01530154809319,81.25483388948125],[57.91287885929069,81.19752472606957],[57.769735141842204,81.16972280549653],[57.45099490746591,81.13556468375161],[57.15943647647518,81.17845612255387],[56.82188602074467,81.23796153433794],[56.66923383975447,81.19827403433779],[56.512550897045514,81.17525218375177],[56.363929477774064,81.17861115185075],[56.19195031110672,81.22398305940301],[55.716733839750646,81.18848135041848]]]},"properties":{"scalerank":3,"featurecla":"Glaciated Areas","min_zoom":2.1}},{"type":"Feature","geometry":{"bbox":[54.0454146665669,80.62841217723916,57.69408084496689,81.11597931591298],"type":"Polygon","coordinates":[[[56.315560337148895,80.63285635041625],[56.315560337148895,80.63285635041625],[55.883442010324245,80.62841217723916],[55.71249637230273,80.63730052359337],[55.54062055849994,80.70331716584624],[55.11718387230033,80.75191885041674],[54.668219028548556,80.73868968375004],[54.62336388531921,80.76525136994805],[54.532826775943846,80.78302806265644],[54.37604048037028,80.78695547151064],[54.066602003806565,80.81362051057324],[54.0454146665669,80.87196320263077],[54.240544874901,80.9018580187116],[54.36725548688068,80.90379588492256],[54.41676150901629,80.98652985302185],[54.63400923037133,81.11318878856923],[54.71896528505917,81.11597931591298],[55.47065066917676,81.0198611518501],[56.17014285667955,81.02916290966265],[56.47224327985785,80.99826040315209],[56.90963260277627,80.91289093700591],[57.567783644445576,80.81971832958367],[57.69408084496689,80.79230398225285],[57.580392693924786,80.75548452424486],[56.81475467308837,80.66360382762993],[56.315560337148895,80.63285635041625]]]},"properties":{"scalerank":3,"featurecla":"Glaciated Areas","min_zoom":2.1}},{"type":"Feature","geometry":{"bbox":[57.210906203037894,80.76491547313816,58.93059451684683,81.11845978466299],"type":"Polygon","coordinates":[[[58.76150923038785,80.99097402619894],[58.76150923038785,80.99097402619894],[58.81535607283595,80.93361318635498],[58.90258589054466,80.89764638947982],[58.93059451684683,80.83170726187541],[58.85990115747157,80.779410712396],[58.64192996606445,80.76799022085952],[58.28567264184425,80.76491547313816],[57.93789025251996,80.79336334911481],[57.74978803897753,80.88906810171936],[57.40520958845534,80.9151130235945],[57.210906203037894,81.01707062450633],[57.41027387881993,81.04678457307416],[57.656253696529234,81.03156586376421],[58.049511346270414,81.11845978466299],[58.10232466007269,81.11427399364736],[58.18996788923971,81.09458527294414],[58.507674594970155,81.0617707384388],[58.62239627465811,81.04164276806112],[58.76150923038785,80.99097402619894]]]},"properties":{"scalerank":4,"featurecla":"Glaciated Areas","min_zoom":3}},{"type":"Feature","geometry":{"bbox":[62.106421339776205,81.59657013622741,63.78239139186625,81.71893992789457],"type":"Polygon","coordinates":[[[62.573059523371825,81.63305369742547],[62.573059523371825,81.63305369742547],[62.53130496608001,81.64700633414428],[62.51528527206952,81.65915029573286],[62.106421339776205,81.679355780759],[62.2839815611311,81.70653758414453],[62.79495812363314,81.71893992789457],[63.7096309751993,81.6872881131158],[63.76740522650161,81.66416290966517],[63.78239139186625,81.64982269970419],[63.650926548115734,81.6093342150035],[63.52855675644858,81.59657013622741],[62.88497846868558,81.60886912711287],[62.573059523371825,81.63305369742547]]]},"properties":{"scalerank":4,"featurecla":"Glaciated Areas","min_zoom":3}},{"type":"Feature","geometry":{"bbox":[57.909261509030244,81.69563385693094,59.4084981626821,81.85417715120239],"type":"Polygon","coordinates":[[[57.96486535017633,81.69563385693094],[57.96486535017633,81.69563385693094],[57.92063032413447,81.71051666943099],[57.909261509030244,81.7219371609675],[57.945124953040825,81.74785289176187],[57.98501915877014,81.79702301708761],[58.134570753822835,81.82797720003042],[59.26184044783776,81.85417715120239],[59.4084981626821,81.82541921663197],[59.35682173039021,81.78097748486097],[59.35640831893187,81.75898916292077],[58.29538781111515,81.7151933865534],[57.96486535017633,81.69563385693094]]]},"properties":{"scalerank":4,"featurecla":"Glaciated Areas","min_zoom":3}}],"fileName":"ne_50m_glaciated_areas"}