{"type":"FeatureCollection","features":[{"type":"Feature","geometry":{"bbox":[109.31392744348075,-66.90873219184066,110.62216800338179,-66.46772551866175],"type":"Polygon","coordinates":[[[110.33453698124521,-66.46772551866175],[110.46961917525613,-66.51754159939117],[110.5442399434856,-66.4918067361098],[110.62010094609013,-66.51165048610987],[110.62216800338179,-66.52400115342762],[110.43695967004773,-66.62104949327181],[109.82366377160777,-66.83369801215287],[109.46275556848133,-66.90873219184066],[109.31392744348075,-66.89612314236138],[109.340179071085,-66.87271371853318],[109.38348392134554,-66.8236211078559],[109.49045413618973,-66.8146810850694],[109.54306074426285,-66.76393482855882],[109.50905765181479,-66.73933684678786],[109.58099124556509,-66.72693450303782],[109.56212934777858,-66.64983326605831],[109.72671878462825,-66.58978525173518],[109.87389326379548,-66.58901010525085],[110.03300499882215,-66.64275359483437],[110.17620039270292,-66.60280771267277],[110.22043541874473,-66.59634815863623],[110.1387866557236,-66.56244841905279],[110.2639469747345,-66.53717864366209],[110.33453698124521,-66.46772551866175]]]},"properties":{"featurecla":"Ice Shelf","scalerank":0,"min_zoom":0}},{"type":"Feature","geometry":{"bbox":[-98.17593990760975,-72.12303923938757,-97.78022762733477,-71.85959278756353],"type":"Polygon","coordinates":[[[-97.92319047727023,-72.11657968535101],[-98.16798173703683,-72.12303923938757],[-98.17593990760975,-72.01849781686104],[-98.09111304400265,-71.91245777779815],[-98.14720781125544,-71.85959278756353],[-97.80368872759524,-71.8929240863918],[-97.78022762733477,-71.91323292428248],[-97.81603939491299,-71.91886565540233],[-97.92319047727023,-72.11657968535101]]]},"properties":{"featurecla":"Ice Shelf","scalerank":0,"min_zoom":0}},{"type":"Feature","geometry":{"bbox":[155.92183190330263,-69.18301197700598,156.94760908429623,-68.95258676541648],"type":"Polygon","coordinates":[[[156.4662947939297,-68.96653940213528],[156.5760038596854,-68.99961231880212],[156.57367842023223,-69.05547454210966],[156.64612877830547,-69.11862314237032],[156.80673912986862,-69.14663176867248],[156.86761396710847,-69.10187997830775],[156.94233808820252,-69.10296518338589],[156.9406844423691,-69.15841399523505],[156.94760908429623,-69.17743092231844],[156.48861901267986,-69.18301197700598],[156.0109220725738,-69.07779876085971],[155.92183190330263,-69.06813526802115],[155.95624840720902,-69.02715585721367],[156.02167077049052,-68.99532317492188],[156.1295711611159,-68.99811370226564],[156.19773237530893,-68.95258676541648],[156.4662947939297,-68.96653940213528]]]},"properties":{"featurecla":"Ice Shelf","scalerank":0,"min_zoom":0}},{"type":"Feature","geometry":{"bbox":[-100.03045203326823,-72.0460930317049,-99.01852413612875,-71.89018523548032],"type":"Polygon","coordinates":[[[-99.01852413612875,-71.89018523548032],[-99.08213782428008,-71.93250823352739],[-99.2541169909474,-71.97219573352754],[-99.5630903796205,-71.94496225370972],[-99.73494035520713,-72.03296721790281],[-99.7840329658844,-72.04438770943928],[-99.83320309121015,-72.0460930317049],[-99.98520931679673,-71.93948455188684],[-100.03045203326823,-71.89282073352723],[-99.9444107735022,-71.89276905709494],[-99.15259863970999,-71.91514495227736],[-99.03748938677982,-71.8911670876939],[-99.01852413612875,-71.89018523548032]]]},"properties":{"featurecla":"Ice Shelf","scalerank":0,"min_zoom":0}},{"type":"Feature","geometry":{"bbox":[-88.56076453322231,-73.36368702585082,-85.76168473991686,-72.8334351541039],"type":"Polygon","coordinates":[[[-88.10880245639767,-72.84227182402583],[-87.398897467788,-72.9245407042345],[-87.18958207878973,-72.9092961567084],[-86.41502987338299,-72.94567636504189],[-85.80517045769048,-73.04603199655266],[-85.76168473991686,-73.09429778431331],[-85.77509477409657,-73.11424488717796],[-85.78620520703939,-73.13548390084993],[-85.80749589714355,-73.15579273874063],[-85.80814185254721,-73.1927413878293],[-85.98076697461828,-73.20850269967829],[-86.60215023471193,-73.35371347441846],[-86.79105343295488,-73.36368702585082],[-87.03796342644537,-73.35386850371532],[-87.40104203972814,-73.19196624134496],[-87.60847123894766,-73.1945500629595],[-87.93635820183965,-73.24095549915765],[-88.20499813510892,-73.21950977975652],[-88.4194294909041,-73.22896656686592],[-88.56076453322231,-73.12075611764672],[-88.33178626173702,-72.93441090280221],[-88.19453365756976,-72.8585499001978],[-88.19437862827291,-72.8334351541039],[-88.10880245639767,-72.84227182402583]]]},"properties":{"featurecla":"Ice Shelf","scalerank":0,"min_zoom":0}},{"type":"Feature","geometry":{"bbox":[113.91240644740537,-67.44125782660839,122.6072762391068,-66.54105437608393],"type":"Polygon","coordinates":[[[122.36165815642352,-66.6165536436624],[122.52273359587726,-66.74295419704828],[122.5849520203567,-66.73902678819414],[122.6072762391068,-66.77421843858491],[122.55833865772637,-66.78837778103286],[122.57389326384623,-66.80941008897567],[122.57554690967959,-66.81183888129334],[122.18270267139673,-66.85943287543414],[122.03309939991186,-66.90170419704893],[121.61317671110807,-67.05704355251834],[121.48755130420653,-67.09073658637263],[120.97864179899615,-67.13569508246653],[120.40022749235322,-67.23605071397738],[119.13296634325953,-67.37071949653],[118.9216614116181,-67.31971485785786],[119.28055423388516,-67.19925709418557],[119.95374311735146,-67.07585377387255],[120.37480268766559,-66.98376637152845],[120.28917483935794,-66.9665581195752],[120.18726891487835,-66.96619638454916],[119.76796634326213,-66.99146615993993],[119.31817467659364,-67.07084115994026],[118.96460452685267,-67.14479013454991],[118.71387047737248,-67.17166187934171],[118.51894697476753,-67.160913181425],[118.32578047086048,-67.11502450954981],[118.13866010953166,-67.08241668077359],[117.95184980679647,-67.08536223741423],[117.74473066617064,-67.12856373481021],[117.29778120327832,-67.10923674913312],[117.13189985562134,-67.11435271592998],[116.9235921570529,-67.05544158311729],[116.713475783354,-67.04717335395054],[116.50904381720738,-67.10789316189351],[116.21459150600828,-67.14272307725825],[115.88520592657989,-67.20194426866468],[115.3841512390779,-67.23811777126902],[115.17186445522292,-67.30777760199851],[114.92578128464902,-67.35650847764975],[114.65789065964788,-67.38792774848316],[114.31904829311016,-67.40565276475931],[114.02650800990585,-67.44125782660839],[113.91240644740537,-67.36767058702478],[113.99121300665041,-67.21191782009706],[114.25967207240677,-67.17228199652918],[114.57055748907464,-67.10851327908098],[115.27361535040558,-67.02789804470572],[115.44187381394791,-66.95797983181478],[115.63529870001646,-66.77116952907969],[115.4416154317865,-66.6458025043396],[115.68139407762077,-66.64301197699582],[115.72562910366264,-66.65283049913126],[115.90411950079869,-66.55593718858401],[116.14534508673728,-66.58317066840183],[116.27117719936784,-66.56162159613615],[116.370344272936,-66.58673634222995],[116.38626061408193,-66.62156625759471],[116.5217562195512,-66.65184864691776],[116.6716178731976,-66.73339405707429],[116.6093994487182,-66.76186777126716],[116.62149173387456,-66.79530242295992],[116.77331709194806,-66.82088225694443],[116.91144819546423,-66.8016586241319],[117.06363528856383,-66.83633351019968],[117.41565514533602,-66.99534189236178],[118.07463300992201,-66.96443938585125],[118.28237226773528,-66.98350798936701],[118.6906160828412,-66.93260670355944],[118.92078291226916,-66.96909026475751],[119.41868533740137,-66.95358733506997],[119.49966230680275,-66.98345631293472],[119.71964887906927,-66.93472543728348],[120.10706709196138,-66.92299488715318],[120.27945967008706,-66.8694064268665],[120.49019616097331,-66.86646087022586],[120.52368248909852,-66.88676970811656],[120.72930301318786,-66.91203948350733],[120.82986535042784,-66.888785088976],[120.89213545133947,-66.84718556098096],[121.03812137256409,-66.81504282009541],[121.17449547738234,-66.77799081814217],[121.19371911019493,-66.75752695095463],[121.13925215055929,-66.72305877061589],[121.14152591358015,-66.69132944118867],[121.25356041878895,-66.65779143663133],[121.52537845264419,-66.64533741644891],[121.77606082569207,-66.56487721137051],[122.10151899626625,-66.54105437608393],[122.36165815642352,-66.6165536436624]]]},"properties":{"featurecla":"Ice Shelf","scalerank":0,"min_zoom":0}},{"type":"Feature","geometry":{"bbox":[-97.58202267127928,-72.18908171985656,-96.97919125037842,-71.87974659615743],"type":"Polygon","coordinates":[[[-97.2420175850149,-72.13182423287711],[-97.34524125851792,-72.18908171985656],[-97.46029883501569,-72.18825489693984],[-97.52566952186496,-72.14918751412725],[-97.58202267127928,-72.09508228951759],[-97.47350216346635,-72.00025603626202],[-97.55096513547183,-71.91834889107945],[-97.47554338254182,-71.90791025175646],[-97.05125403520947,-71.87974659615743],[-96.97919125037842,-71.89757496529808],[-97.08874528683722,-71.94403207792851],[-97.15481360552232,-72.04536956165285],[-97.19553463416835,-72.0909998513666],[-97.2420175850149,-72.13182423287711]]]},"properties":{"featurecla":"Ice Shelf","scalerank":0,"min_zoom":0}},{"type":"Feature","geometry":{"bbox":[-27.64401770680675,-76.06414234812726,-10.95811113121917,-71.64193165475018],"type":"Polygon","coordinates":[[[-11.69687740726377,-71.71929127389116],[-11.333075323928968,-71.78554046008931],[-11.179389614293001,-71.77685881946427],[-11.009270799188073,-71.75794524524545],[-10.96105668785981,-71.82233407988112],[-10.95811113121917,-71.90196746204289],[-11.121408657261497,-72.03152027779865],[-11.346511196324883,-72.28168588652355],[-11.49699296715886,-72.41294402454491],[-11.777389288774543,-72.44405323678461],[-12.094785935911261,-72.49815846139424],[-12.746942511434668,-72.62889983509264],[-13.208619757530272,-72.78506601347867],[-13.602910935917294,-72.7920940082704],[-13.938962775111264,-72.75623056425988],[-14.297752244513788,-72.73297616972846],[-14.298269008836655,-72.78460092558807],[-14.168354458054893,-72.8432536762394],[-14.000095994512549,-73.00055673613588],[-14.16473710779448,-73.10241098418311],[-14.321006639045095,-73.12302988066762],[-15.007062954152047,-73.04747893665683],[-15.596070929414795,-73.09677825306326],[-15.802828335014567,-73.15217538848022],[-16.14900875493788,-73.33448984160593],[-16.279130011448814,-73.3884917133509],[-16.43519283697026,-73.4256987446011],[-16.507023077855962,-73.55597503040892],[-16.518856980850842,-73.64403167103421],[-16.387753872126325,-73.68134205514902],[-16.097487351942846,-73.70909229928972],[-15.935688442436971,-73.75761646921173],[-16.003177863010166,-73.81595916126932],[-16.180893113661966,-73.83022185658186],[-16.281920538792576,-73.86701547637367],[-16.22011552577146,-73.91574635202491],[-15.74882646326958,-73.94561532988956],[-15.25965735519469,-73.8888746072331],[-14.611479864957717,-73.85177092884756],[-14.573807745816994,-73.93745045358747],[-14.65891882980165,-73.98892018015022],[-15.089176805063858,-74.163276462703],[-15.28978471522089,-74.2808920225993],[-15.53126868332083,-74.37561492299031],[-15.672552049206756,-74.40729257598517],[-16.429560105850413,-74.32388681426613],[-16.72716467941936,-74.3276075173911],[-16.989267544003695,-74.31980437611504],[-17.29901607916122,-74.3339120421307],[-17.435855271870054,-74.37912892038615],[-17.922750616924134,-74.69921274200198],[-18.068271450258038,-74.8629753559349],[-18.221233689841995,-74.97454477325306],[-18.516977911848358,-75.0520077452586],[-18.617281866926902,-75.11536305124841],[-18.749263475000333,-75.24212533966039],[-18.617281866926902,-75.34242929473896],[-18.516977911848358,-75.38991993601518],[-18.415175340233418,-75.39653451934852],[-18.304587775128738,-75.43136443471327],[-18.585190802473647,-75.4625769998176],[-18.850962693750773,-75.47017343536442],[-19.4930423649773,-75.53993661895848],[-20.48755530443438,-75.49198088979165],[-20.783299526440743,-75.59399016713574],[-20.989023403394725,-75.63440113718804],[-21.433802456130906,-75.683080336407],[-21.948137986731865,-75.69413909291744],[-22.465522426838163,-75.66106617625061],[-23.197312384523343,-75.7177035460425],[-24.2695983545797,-75.767002862449],[-26.059359910576404,-75.95717213328308],[-26.560104539484712,-76.05473723745015],[-26.612659471125596,-76.06414234812726],[-26.58299719899,-76.00011524851762],[-26.61245276539634,-75.9754655903144],[-26.61999752451098,-75.91794972117351],[-26.79962480315757,-75.80607024526162],[-27.078780890398207,-75.72250945424571],[-27.467594366962345,-75.67760263458402],[-27.64401770680675,-75.59977792755245],[-27.522061326597907,-75.54376067494812],[-27.088082648210758,-75.48267913197913],[-26.28348059742629,-75.4329664041143],[-25.978382941175113,-75.30362029408778],[-25.35929928231846,-75.20352304473838],[-25.2203930323179,-75.12022063588392],[-25.176674770598936,-75.07164478952954],[-25.197862107838603,-75.00120981231572],[-25.006969366952518,-74.91981943145603],[-25.27103593596391,-74.85749765411202],[-25.379143032318552,-74.79450408314824],[-25.414903123464484,-74.7327507465594],[-25.67287187346554,-74.67812875762695],[-25.381416795339334,-74.61503183379851],[-25.292429978932745,-74.53720712676694],[-25.325709601328754,-74.49214527780848],[-25.319198370859993,-74.44398284291239],[-25.38648108570402,-74.40010955189666],[-25.3887548487248,-74.37452971791217],[-25.61499426929862,-74.25644907012526],[-25.772710740653423,-74.23371143991682],[-25.67555904794466,-74.1533545877029],[-25.68734127450722,-74.11955820098403],[-25.663880174246742,-74.08798390085376],[-24.295591600022505,-73.92132740671246],[-24.11844479012595,-73.85812713001944],[-24.04232540536009,-73.88541228626957],[-23.903367478927237,-73.85414804473302],[-23.853654751062408,-73.85507822051423],[-23.778103807051735,-73.90163868600925],[-23.668239711999178,-73.89347380970707],[-23.577650926191552,-73.91600473418634],[-23.53134884285805,-73.95905120228548],[-23.553104620852906,-74.01077931100966],[-23.53879024910802,-74.03305185332749],[-23.447271287519186,-73.97765471791053],[-23.227026333091235,-73.96509734486362],[-23.003990851319486,-74.16281137481232],[-22.722199266031822,-74.17169972116653],[-22.699409959391204,-74.13883351022893],[-22.630576951578433,-74.12250375762468],[-22.572389288817675,-74.16482675567175],[-22.49766516772371,-74.16854745879672],[-22.350594041420976,-74.23541676218244],[-22.089834764076215,-74.26714609160967],[-22.11102210131591,-74.24528696075015],[-22.08197994636788,-74.20575449004693],[-21.94658769376312,-74.15971078887489],[-21.944417283606896,-74.12818816517681],[-21.94767289884129,-74.1034868305413],[-21.609915737381584,-74.09175628041102],[-21.16658362474959,-74.13258066192162],[-21.05124182787418,-74.17609221791135],[-20.976776088941566,-74.22508147572404],[-20.845672980217046,-74.43778167103738],[-20.817716030347157,-74.4547832172614],[-20.737049119539535,-74.48098316843345],[-20.48905392097086,-74.49266204213136],[-20.41665523932997,-74.44336272572494],[-20.411435919668435,-74.40848113392789],[-20.42337317552787,-74.31737558379737],[-20.60036495612755,-74.19686614369272],[-20.641292690502752,-74.15056406035913],[-20.654263475007955,-74.10498544707778],[-20.607444627351498,-73.8866008442123],[-20.520731573965804,-73.79782073353486],[-20.520731573965804,-73.7118311502012],[-20.580262823966024,-73.61922698353413],[-20.690178595450874,-73.62522144968],[-20.70454464362797,-73.62940724069566],[-20.673693813549733,-73.56491505319542],[-20.571994594799293,-73.54925709421092],[-20.581089646882646,-73.48662525827316],[-20.51235999193446,-73.37856983835091],[-20.39412431485067,-73.27521697376713],[-19.868781704171454,-73.05321502064126],[-19.885421515369444,-72.99874806100559],[-19.864957648181903,-72.98055795683884],[-19.5865250309933,-72.85885995879153],[-19.389844529690407,-72.84160003040607],[-19.369690721096593,-72.83054127389553],[-19.437800258857322,-72.78155201608287],[-19.130222133855995,-72.66724374785329],[-18.319522264061106,-72.58316619251441],[-18.060313279685033,-72.61753101998846],[-18.07070024257573,-72.63427418405104],[-17.9939607406223,-72.64708993925939],[-18.01752519374736,-72.66548674915529],[-18.00057532395573,-72.66998259876469],[-17.642457648173064,-72.61877125436348],[-17.670828009501236,-72.59370818470188],[-17.60173661952703,-72.57303761178517],[-17.65485999192299,-72.55613941842574],[-16.586191372127132,-72.48539438261818],[-16.51663489426224,-72.5293193500662],[-16.515084601293466,-72.5293710264985],[-16.516583217829947,-72.53081796660268],[-16.50976192876746,-72.58218434030084],[-16.453072882543267,-72.65236093535322],[-16.31757727707395,-72.70217701608252],[-16.174846971083838,-72.70279713327008],[-16.1045153467345,-72.67912932728035],[-16.17252153163065,-72.59996103300918],[-16.302901170303016,-72.47800465280042],[-16.35586951340221,-72.45857431425866],[-16.41416052902744,-72.4673593077483],[-16.409664679418057,-72.45557708118572],[-16.367083299209526,-72.39537403756572],[-15.529821743216646,-72.2679916319662],[-15.348644171601277,-72.19306080514298],[-15.379650030976393,-72.16835947050748],[-15.34492346847631,-72.15781747831993],[-15.202089809621526,-72.16753264759086],[-15.072175258839847,-72.12800017688755],[-14.954249640349703,-72.13766366972612],[-14.524456752978296,-72.07167286568941],[-14.070272589564922,-72.0541545551425],[-13.429174770551981,-71.9683716775379],[-13.312489386436937,-71.97710499459527],[-13.21616451664488,-72.03606780384033],[-12.91106686039362,-72.01162485136626],[-12.90992997888327,-72.01296843860587],[-12.9147875635187,-72.01467376087149],[-12.963311733440776,-72.0644898416008],[-12.94372636560206,-72.09890634550723],[-12.88848425948214,-72.13714690540323],[-12.720174119507448,-72.18768645618468],[-12.58845089359545,-72.19605803821591],[-12.508920864298261,-72.17332040800756],[-12.534759080444218,-72.14004078561159],[-12.636665004923827,-72.07131113066339],[-12.788903774455633,-72.00650888456931],[-12.862594366903835,-72.0015996235016],[-12.862904425497646,-72.00056609485574],[-12.915717739299907,-71.96563282662653],[-12.899491339560313,-71.92232797636586],[-12.988788214560628,-71.90393116646996],[-12.507990688517085,-71.76512826933404],[-12.151836717161473,-71.72750782662553],[-12.048845587603722,-71.66234384550545],[-12.02750322106715,-71.64193165475018],[-11.69687740726377,-71.71929127389116]]]},"properties":{"featurecla":"Ice Shelf","scalerank":0,"min_zoom":0}},{"type":"Feature","geometry":{"bbox":[102.88326053264768,-65.99891692490993,104.08385908408474,-65.4210193825899],"type":"Polygon","coordinates":[[[103.64460940960385,-65.4210193825899],[103.71199547731243,-65.46530608506404],[103.78000166220858,-65.4699569639703],[103.83322838746926,-65.48768198024636],[103.85803307496936,-65.50091114691313],[103.98143639528234,-65.54266570420492],[103.9664502299176,-65.5952206358458],[104.07729617718371,-65.65154794704388],[104.08385908408474,-65.72172454209625],[103.99838626507398,-65.7758297667059],[104.04665205283465,-65.87313648871145],[103.92882978720917,-65.91695810329497],[103.94908694866758,-65.93644011826905],[103.93275719606339,-65.94858407985764],[103.87498294476103,-65.95183969509202],[103.8765849141621,-65.9887366677484],[103.76346520387519,-65.98971851996197],[103.63871829632257,-65.99891692490993],[103.16649905803939,-65.9168547504304],[102.88326053264768,-65.88714080186261],[102.88692955934044,-65.87613372178438],[102.90191572470502,-65.7933480772528],[102.97157555543453,-65.76435759873706],[103.03720462444517,-65.79174610785176],[103.08733076376832,-65.74492726019538],[103.04464603069522,-65.66255502712212],[102.95829471233549,-65.59310190212179],[102.88816979371546,-65.57051930121023],[103.09776940309132,-65.56230274847584],[103.17280358277907,-65.49470997503809],[103.17218346559162,-65.45957000107961],[103.17574913941974,-65.45455738714733],[103.17585249228432,-65.45466074001192],[103.33713463746722,-65.46851002386613],[103.39718265179044,-65.44535898219938],[103.3788375183268,-65.42649708441279],[103.37423831585284,-65.42458505641801],[103.41010175986338,-65.42427499782428],[103.55086836142641,-65.44287851344933],[103.64460940960385,-65.4210193825899]]]},"properties":{"featurecla":"Ice Shelf","scalerank":0,"min_zoom":0}},{"type":"Feature","geometry":{"bbox":[-114.11047115767354,-74.98183115020623,-111.58444963259828,-74.16022755319777],"type":"Polygon","coordinates":[[[-111.72229651573689,-74.38662200306847],[-111.69591569705186,-74.50408253366791],[-111.78875240766419,-74.57172698353796],[-111.73875545942182,-74.65342742299137],[-111.58444963259828,-74.75083749786157],[-111.69627743207788,-74.79217864369507],[-111.86825659874529,-74.80122201934616],[-112.17007280154598,-74.83227955515355],[-113.09154110395852,-74.89170745228922],[-113.59342261437718,-74.94369394317484],[-113.75256018761995,-74.95211720163846],[-113.93187740767281,-74.98183115020623],[-114.11047115767354,-74.98183115020623],[-114.0972419910068,-74.90907073353934],[-113.98479407433963,-74.84292490020567],[-113.90350704634454,-74.64443572377266],[-113.78312679732063,-74.61813241973601],[-113.5973241850152,-74.55875619903264],[-113.33299923384226,-74.45416310007393],[-113.45428382043126,-74.39427011504766],[-113.64083574100493,-74.40636240020396],[-113.75328365767207,-74.36667490020382],[-113.71576656782814,-74.23541676218244],[-113.65809566939046,-74.21986215606259],[-113.57468990767134,-74.20792490020315],[-113.54068681522331,-74.18818450306765],[-113.4370238920458,-74.16022755319777],[-111.88913387739116,-74.22895720814597],[-111.79177547895331,-74.26239185983883],[-111.80639990929187,-74.26967823679192],[-111.72229651573689,-74.38662200306847]]]},"properties":{"featurecla":"Ice Shelf","scalerank":0,"min_zoom":0}},{"type":"Feature","geometry":{"bbox":[-10.016359829132057,-71.71267669055774,12.929371372131556,-69.59042896919507],"type":"Polygon","coordinates":[[[0.10591637533548237,-69.61213307075772],[0.11036054851257404,-69.69228321724239],[0.19335289877329842,-69.85335865669612],[0.19614342611708938,-69.92296681099333],[0.2094242692161288,-69.93443897896208],[0.25164391439861333,-69.82938079211277],[0.2857503597112441,-69.82710702909188],[0.30042646648215054,-69.84937957140971],[0.2550545589298565,-69.94885670357155],[0.35561689616986314,-69.89113412870151],[0.4057430354929182,-69.93433562609749],[0.2770687190861736,-70.12093922310346],[0.45313032390455993,-70.02048023872813],[0.8386881852343038,-69.89438974393589],[0.8621492854947803,-69.89650847765982],[1.1390316097146354,-69.94539438260801],[1.2433146500796397,-70.02740488065517],[1.2434180029441961,-70.02947193794691],[1.0266870459120696,-70.04983245226987],[0.9495858089326249,-70.09406747831173],[0.9524796891409721,-70.16899830513495],[0.9903068375786576,-70.22429208768723],[1.1045117529436368,-70.30418385201045],[1.1562915381001062,-70.3780811501878],[1.2114819677878188,-70.38138844185454],[1.2992285498194747,-70.25519459419775],[1.4608724300284734,-70.13561532987438],[1.4161723160959525,-70.04848886503027],[1.4188078141428377,-70.04693857206152],[1.463662957372179,-70.05520680122818],[1.7498470394045569,-69.94709970487364],[1.9336084326345144,-69.95071705513405],[2.0910148453954776,-69.99820769641028],[2.101970249041443,-70.06161467883236],[2.2281640966981513,-70.02833505643646],[2.3043351578963893,-70.06957284940538],[2.2731225927921344,-70.0834221332596],[2.3562182959174436,-70.13592538846811],[2.455437045917847,-70.15447722766088],[2.9325138688364234,-70.11685678495245],[3.0041374039929565,-70.09277556750442],[3.0512663102431645,-70.10688323352008],[3.021500685243012,-70.12631357206185],[3.122683139670471,-70.10109547310336],[3.3134725276920847,-70.10610808703575],[3.3929508805570094,-70.06456023547301],[3.6279752946204553,-70.05226124458754],[3.769051954777268,-70.07882293078562],[3.756029493839662,-70.11272267036907],[3.800677931339834,-70.12279957466593],[3.9790649756114083,-70.09355071398875],[4.120141635768277,-70.12135263456184],[4.053479038111732,-70.25292083117695],[4.101744825872288,-70.27229949328634],[4.069705437851326,-70.29023121529164],[4.076113315455586,-70.32526783638555],[4.129546746445385,-70.41694182727133],[4.17967288576844,-70.4512549783131],[4.3651912776963115,-70.50262135201126],[4.525801629259462,-70.47874684029239],[4.589880405301386,-70.43254810982347],[4.617475620145257,-70.36867603951069],[4.586159702176332,-70.29426197701045],[4.495002475613518,-70.25137053820819],[4.469681023790457,-70.25023365669776],[4.473918491238408,-70.24516936633319],[4.50657799644685,-70.23266366971848],[4.496346062853036,-70.21219980253093],[4.872963901396275,-70.1894621723225],[5.331747267283504,-70.10326588325967],[5.405644565460875,-70.19292449328603],[5.525947299836361,-70.23762460721855],[5.61348717613879,-70.25240406685398],[5.732549676139286,-70.2447042784425],[5.532561883169706,-70.11747690213991],[5.524603712596786,-70.08962330513461],[5.641909213899254,-70.0083879535718],[6.297166375360263,-70.0012566059155],[6.4919865251006,-70.0416675759677],[7.193235711301354,-69.9971741677644],[7.231372918332767,-70.00502898547285],[7.235817091509859,-70.03334767036876],[7.350022006874924,-70.13080942167124],[7.412653842812688,-70.15235849393694],[7.391673211302163,-70.1920976703694],[7.423402540729398,-70.20341480904128],[7.61770592614684,-70.20940927518714],[7.83991458500185,-70.16367563260883],[7.944611036825165,-70.12869068794724],[8.016647983440095,-70.03923878365003],[8.046000196981879,-70.00626921984778],[8.049100782919368,-69.95753834419662],[8.08176028812781,-69.94141529732151],[8.188833855836577,-69.87258228950874],[8.24237063969096,-69.88808521919628],[8.354921909222696,-69.98446176542063],[8.407838575889514,-69.97702035917058],[8.428095737348002,-69.8844678689359],[8.47915205245232,-69.86508920682641],[8.823523797245343,-69.95919199002986],[9.017620476933644,-69.98456511828522],[9.070743849329716,-70.0088530414624],[9.086040073288103,-70.04869557075945],[9.08045901860055,-70.088279717895],[9.155596551152913,-70.10026865018673],[9.31765384282025,-70.10026865018673],[9.337187534226587,-70.08781463000442],[9.703470086311427,-70.01195362739992],[9.87100507980162,-70.02668141060312],[9.841652866259864,-70.01479583117597],[9.880513543343397,-70.00001637154047],[9.86263349777039,-69.98399667753003],[10.226642286834336,-69.91015105578488],[10.45928958501233,-69.94172535591525],[10.415157911835081,-69.9706641579987],[10.48078698084575,-69.96265431099349],[10.574321323294043,-70.0079745421134],[10.753018426159343,-70.05396656685316],[10.97843102381654,-70.04202931099381],[11.025146518608352,-70.01071339302489],[10.992176954806183,-69.98213632596756],[11.30430260584899,-69.954076023233],[11.343266635797107,-69.99143808378008],[11.734560581111197,-70.05427662544699],[11.804220411840674,-70.03453622831148],[11.837810092830324,-69.99438364042072],[11.888969760799313,-70.01241871529051],[11.86674889491377,-69.94896005643614],[11.9609033545496,-69.97748544706127],[11.931241082414092,-69.94492929471734],[11.953151889705822,-69.92859954211308],[12.257836134498689,-70.06254485461365],[12.426508009499344,-70.08440398547307],[12.607220493224077,-70.09721974068152],[12.595076531635499,-70.11742522570762],[12.723337436583932,-70.14367685331189],[12.864517449605302,-70.16233204536923],[12.929371372131556,-70.21338836047366],[12.68189293788578,-70.30867970161984],[12.461544630593238,-70.37012297961486],[12.308840773170743,-70.44329680774017],[12.067873569393782,-70.61651620878251],[11.833572625382459,-70.73656056099657],[11.701177605850631,-70.7665845681581],[11.203430210015341,-70.72875741972051],[10.968819207410206,-70.68772633248074],[10.217650587615537,-70.50789234810499],[9.885474480843413,-70.40288583768796],[9.613501417691253,-70.26904387805197],[9.141540561569544,-70.18372608833806],[8.817425978234922,-70.39084522896394],[8.52297366703587,-70.47378590279237],[8.306656121462026,-70.4615902647715],[7.676772088256398,-70.35632537219294],[7.401129998411563,-70.49440479927688],[6.950873243852499,-70.53522918078741],[6.507902866246525,-70.58644052518869],[5.643924594758715,-70.63635995878258],[5.1130526058242936,-70.65568694445979],[3.5068457373282342,-70.84440927518966],[2.609432814147567,-70.90011646920036],[1.908597039405208,-71.00357268664862],[1.552236362320457,-71.08026051216986],[0.8348641292446644,-71.20232024524317],[0.5384481136184718,-71.27425383899346],[0.15418216309612376,-71.3979672179002],[-0.18460852700943065,-71.55888762805716],[-0.3269254215412616,-71.64193165475018],[-0.5431912906826994,-71.71267669055774],[-0.759870571282562,-71.63030445748447],[-0.8401240706317878,-71.53971567167684],[-0.895882941074774,-71.34923634224904],[-1.0677587548775023,-71.26562387480078],[-1.2163801741489237,-71.28417571399353],[-1.3542528955037199,-71.3868051085252],[-1.5006522281865102,-71.41233326607741],[-2.0146260237614797,-71.43336557402023],[-2.2613293115229567,-71.3570911599574],[-2.610300258789948,-71.32076262805622],[-2.8120450504574137,-71.32096933378534],[-3.239667527672623,-71.36045012805636],[-3.7132303531953705,-71.37455779407202],[-3.9948669091860722,-71.33890105579067],[-4.253249070645438,-71.33843596789997],[-4.4501879541097935,-71.32768726998326],[-5.950044724949123,-71.34163990670214],[-6.11747636557476,-71.32598194771764],[-6.126778123387368,-71.26557219836849],[-6.080321010756933,-71.1541061339149],[-5.903794318047943,-71.05189015084156],[-5.708715786146058,-70.96827768339328],[-5.587896287447677,-70.8567599425075],[-5.694763149427274,-70.74529387805393],[-5.936298793959509,-70.71273772570999],[-6.24527218263259,-70.75578419380909],[-6.547527635107798,-70.81691741321049],[-6.838155890317296,-70.84451262805433],[-7.0316324528181156,-70.83510751737714],[-7.388148159199717,-70.78694508248115],[-7.619813605164153,-70.82900969836669],[-7.752725389018848,-70.84275562935635],[-7.854941372092184,-70.8846135395128],[-7.873544887717259,-70.9403724099557],[-7.756911180034536,-71.01721526477368],[-7.618004930033948,-71.12149830513876],[-7.590151333028644,-71.22371428821201],[-7.669009568706002,-71.32427662545201],[-7.7137613590708165,-71.54643360787485],[-7.915816209332037,-71.63536874784914],[-8.216469692406093,-71.64704762154705],[-8.497744513370776,-71.67479786568786],[-8.646520961939132,-71.67273080839612],[-8.96593298993514,-71.36138030383765],[-9.23067135256639,-71.17405323677957],[-9.402340460640062,-71.11757089628455],[-9.599382696968974,-71.09535003039909],[-9.887995571319038,-71.02734384550293],[-10.016359829132057,-70.9659005675079],[-9.810274217152028,-70.86911060982526],[-9.694208950224493,-70.74730925891328],[-8.754111293970794,-70.5298031553968],[-8.570763312199205,-70.55202402128226],[-8.395373501000563,-70.51212981555295],[-8.197349412458152,-70.50489511503206],[-8.21161210777069,-70.53812306099576],[-8.139575161155818,-70.54039682401665],[-8.149600389020407,-70.62245899849609],[-8.10019771974939,-70.65692717883479],[-7.753862270529312,-70.68405730578806],[-7.454449021830158,-70.61816985461593],[-7.427577277038353,-70.5275810688082],[-7.28908443849619,-70.4817957497976],[-7.284640265319069,-70.45580250435478],[-7.243505825214726,-70.43967945747977],[-7.062741665057786,-70.42278126412033],[-6.734751349301206,-70.45843800240169],[-6.645712856462353,-70.45409718208916],[-6.65656490724362,-70.43673390083913],[-6.609074265967394,-70.41322112414636],[-6.415029262711414,-70.44913624458917],[-6.406399298518636,-70.45146168404226],[-6.438025275081287,-70.4525985655527],[-6.266149461278559,-70.55016366971978],[-6.180883347996939,-70.58556202583969],[-6.156130336929152,-70.6115552712825],[-5.894130825209288,-70.55223072701142],[-5.949527960626256,-70.43223805122973],[-5.960483364272108,-70.42691537870363],[-5.941259731459496,-70.42309132271407],[-5.824677700209038,-70.48396615995391],[-5.826744757500791,-70.45001474393817],[-5.741581997083756,-70.43657887154225],[-5.678536749687595,-70.37270680122948],[-5.593684047864372,-70.34619679146378],[-5.5503791976038315,-70.36169972115133],[-5.600298631197717,-70.38366220487535],[-5.567742478853859,-70.39590951932851],[-5.008913540049491,-70.35565357857318],[-3.5270401676478116,-70.41508147570885],[-3.4416707015016357,-70.44758595162041],[-3.4389835270224296,-70.44846445096933],[-3.4968611311893483,-70.48835865669872],[-3.490246547855918,-70.50799570096956],[-3.441877407230777,-70.53548756294884],[-3.280233527021778,-70.53383391711552],[-2.7380443994154864,-70.50706552518837],[-2.6827506168631317,-70.46221038195905],[-2.684404262696461,-70.37611744576073],[-2.7135497705091614,-70.32020354602096],[-2.794681769207301,-70.29209156685414],[-2.793854946290679,-70.29172983182812],[-2.314504360351293,-70.1745793598224],[-2.157821417642282,-70.18775685005687],[-1.9014029606099996,-70.16594939562972],[-1.7964998030575432,-70.10998381945758],[-1.2914143538367853,-70.05019418729589],[-1.473832159827083,-70.02177214953534],[-1.4626700504519763,-69.93263030383187],[-1.6319620426401686,-69.93443897896208],[-1.5089721337855622,-69.88767180773797],[-1.4526448225874162,-69.84002613716488],[-1.5051480777959227,-69.80710824979492],[-1.3175626285764679,-69.71982675565395],[-1.0639346988879481,-69.72003346138311],[-1.104965786127707,-69.70416879666953],[-1.091323208002649,-69.67104420357042],[-0.9632690087833565,-69.63998666776303],[-0.5762125309172461,-69.65016692492446],[0.07832116049161186,-69.59042896919507],[0.10591637533548237,-69.61213307075772]],[[2.5846281266474875,-70.53455738716764],[2.622661980814314,-70.59336516711576],[2.6976961605020904,-70.62354420357423],[3.0369002620659846,-70.59739592883456],[3.1710522802956973,-70.55388437284475],[3.2212817724834224,-70.51915781034467],[3.259832390973145,-70.44877450956315],[3.2304801774313603,-70.40267913195872],[3.19275638185826,-70.39265390409415],[3.07214358888902,-70.38159514758371],[2.631446974303941,-70.50034758899037],[2.5846281266474875,-70.53455738716764]],[[-3.5370653955124,-70.68328215930364],[-3.5746858382209155,-70.70312590930371],[-3.489006313480985,-70.73588876737675],[-3.006968553062336,-70.8514372699814],[-2.975032517906044,-70.8832699522732],[-2.9631469384788716,-70.9403724099557],[-2.8005728824885807,-70.98217864367987],[-2.805223761394842,-71.01473479602373],[-2.8218635725928323,-71.05669605904471],[-2.825170864259519,-71.11271331164912],[-2.7835196598322796,-71.16749032987852],[-2.60678626139412,-71.1411353494096],[-2.3689713199868834,-71.04439706815924],[-2.2932136702470416,-70.99799163196116],[-2.2127017887362683,-70.90156340930453],[-2.119064093423418,-70.85536467883561],[-2.092295701496198,-70.8208448220646],[-2.255593227538526,-70.7961434874291],[-2.423438279622559,-70.80043263130936],[-2.5328372867843996,-70.76772144966853],[-2.749826625977988,-70.6941858865172],[-3.040041469729175,-70.67439381294942],[-3.5370653955124,-70.68328215930364]],[[-3.212847459313196,-71.0759713682896],[-3.263076951500892,-71.0517351215447],[-3.3989859684285477,-71.0620704080031],[-3.391751267907665,-71.08113901151876],[-3.4038435530639504,-71.11984465930543],[-3.385653448897216,-71.14299570097216],[-3.309379034834393,-71.200873305139],[-3.201478644209004,-71.23022551868085],[-3.0606086897813896,-71.23663339628503],[-2.9549820621766973,-71.21379241321202],[-3.1913500634797742,-71.09483326607611],[-3.212847459313196,-71.0759713682896]]]},"properties":{"featurecla":"Ice Shelf","scalerank":0,"min_zoom":0}},{"type":"Feature","geometry":{"bbox":[160.12570967024652,-70.04957407010843,160.59503502832135,-69.77636077258126],"type":"Polygon","coordinates":[[[160.33660119042958,-69.80586801541989],[160.41489098535186,-69.84700245552423],[160.4403157900394,-69.83242970161797],[160.56175540592534,-69.8925293923734],[160.59503502832135,-69.95299081815484],[160.41272057519552,-69.97236948026432],[160.52439334537826,-70.03143564237396],[160.5221712587897,-70.04957407010843],[160.20968387272075,-69.97490162544665],[160.12570967024652,-69.84012949002945],[160.12570967024652,-69.77636077258126],[160.33660119042958,-69.80586801541989]]]},"properties":{"featurecla":"Ice Shelf","scalerank":0,"min_zoom":0}},{"type":"Feature","geometry":{"bbox":[94.84804039915207,-66.67081389756883,102.56720747275062,-64.97892750433294],"type":"Polygon","coordinates":[[[97.38964236856322,-65.22780120225053],[97.40571373900599,-65.26221770615696],[97.46359134317288,-65.28578215928202],[97.47857750853757,-65.31921681097486],[97.44679650267801,-65.33642506292804],[97.55965783080347,-65.38236541123561],[97.6575846699966,-65.3905302875377],[97.71566897989267,-65.47011199326718],[97.855608758539,-65.5045801736058],[97.87979332885163,-65.56095916123624],[97.82542972208063,-65.63966236761682],[97.9669197936957,-65.73159474066405],[98.38710086466098,-65.74399708441409],[98.4167114603642,-65.73381682725257],[98.38901289265573,-65.72446339300774],[98.42854536335904,-65.69195891709617],[98.54331871947926,-65.65268482855433],[99.15113691609633,-65.63702686956991],[99.2725765319823,-65.74616749457032],[99.44672610880582,-65.78776702256533],[99.65684248250454,-65.7229647764713],[99.8874227233909,-65.7507666970443],[100.23122602742876,-65.73345509222654],[100.31675052287183,-65.67955657334613],[100.30992923380923,-65.66317514430959],[100.31463178914788,-65.6595061176169],[100.35054690959066,-65.67294199001272],[100.51229414266419,-65.67542245876277],[100.54681399943519,-65.70126067490871],[100.98141279500982,-65.67748951605441],[101.22956302287548,-65.5684005674863],[101.23421390178174,-65.569227390403],[101.67604739787726,-65.64793059678348],[101.7203857767837,-65.68069345485658],[101.7316512390233,-65.72229298285151],[101.69124026897106,-65.76704477321627],[102.10702884319147,-65.79396819444037],[102.10532352092588,-65.8202714984769],[102.15705162964997,-65.85055388779996],[102.5521696309537,-65.88078460069065],[102.56720747275062,-65.89070647569073],[102.392179396578,-65.93256438584712],[102.17410485230636,-65.9541651345451],[101.47440595907437,-65.95116790147226],[101.38128502808439,-65.97307870876398],[101.32082360230294,-66.02093108506622],[101.32717980347485,-66.10046111436343],[100.88896365763969,-66.35796477647379],[100.59110070190934,-66.42519581488553],[100.2116406595901,-66.47392669053677],[99.82427412313024,-66.54865081163084],[99.37003828328471,-66.64828297308955],[98.8588550150535,-66.67081389756883],[98.72005211791753,-66.55314666124023],[98.60300499877638,-66.53480152777661],[98.46166995645814,-66.49857634873999],[98.25759972533751,-66.46746713650032],[97.71985477090834,-66.60730356228217],[97.38845381062049,-66.57862314236016],[97.10056440632252,-66.49945484808899],[96.78885216673791,-66.55056283962561],[96.42365481973121,-66.59965545030298],[95.99138146360968,-66.62120452256868],[95.54091800332145,-66.63097136827182],[95.24796430865882,-66.5711817361101],[95.08389163613214,-66.52746347439115],[94.90855350136576,-66.50875660590151],[94.9170801126939,-66.47439177842746],[94.96792972206913,-66.41785776150016],[94.93723392128777,-66.37072885524995],[94.8846273132146,-66.3574996885832],[94.84804039915207,-66.31626189561428],[94.8923787780584,-66.21528614691596],[95.33793297727898,-66.2375586892338],[95.57068362832156,-66.15193084092616],[95.54060794472775,-66.02899260850374],[95.49885338743593,-65.99080372504005],[95.5371973001964,-65.9460519346753],[95.49099856972748,-65.85634164821658],[95.53647383014436,-65.65588876735643],[95.48521080931079,-65.56411142360605],[95.40263187050846,-65.51212493272043],[95.50934370319112,-65.46137867620982],[95.54515547076932,-65.4179187966524],[95.53378665566515,-65.25818694443817],[95.83986616412989,-65.25865203232885],[95.93066165566671,-65.13075286240644],[96.1579346048864,-65.08476083766666],[96.18273929238649,-65.01081186305694],[96.25369103392325,-64.97892750433294],[96.94837731322298,-65.0392855772498],[97.131105177807,-65.08744801214587],[97.2991569356202,-65.16697804144306],[97.26101972858879,-65.18020720810972],[97.38964236856322,-65.22780120225053]],[[96.30696943561622,-66.18588225694191],[96.39450931191863,-66.22505299261917],[96.93390791218121,-66.20076506944199],[97.01550499877004,-66.16397144965018],[97.01881229043671,-66.13947682074382],[97.00553144733766,-66.09679208767074],[96.93153079629576,-66.0583448220456],[96.72735721231061,-66.06082529079555],[96.61258385619027,-66.03581389756631],[96.49967085163252,-66.04594247829547],[96.39874677936649,-66.08015227647275],[96.30696943561622,-66.18588225694191]],[[100.0819328145376,-66.20272877386905],[100.13309248250653,-66.2294971657963],[100.26466067912162,-66.21657805772327],[100.28150719604878,-66.17999114366062],[100.29049889526755,-66.11239837022286],[100.17433027547543,-66.13100188584792],[100.07624840698537,-66.18805266709813],[100.0819328145376,-66.20272877386905]],[[98.654991489662,-66.45335947048466],[98.7516780944801,-66.48167815538055],[98.84603925984516,-66.46979257595348],[98.94985721231946,-66.42049325954697],[98.74857750854267,-66.36923023871347],[98.59644209187536,-66.38266611110939],[98.60517540893272,-66.39992603949484],[98.654991489662,-66.45335947048466]]]},"properties":{"featurecla":"Ice Shelf","scalerank":0,"min_zoom":0}},{"type":"Feature","geometry":{"bbox":[-103.39629309773481,-73.31909026478296,-89.11592444533392,-71.91436980579293],"type":"MultiPolygon","coordinates":[[[[-94.6703399320098,-72.44529347115962],[-94.16701148148695,-72.51779550566516],[-93.33295386429609,-72.56280567819135],[-93.24363115107957,-72.55417571399857],[-93.16149146195166,-72.54621754342566],[-92.64485633011367,-72.57577646269657],[-92.43220781123262,-72.6335507139989],[-92.18630550817178,-72.60523202910294],[-91.68553504104727,-72.60998626087375],[-91.65207455113833,-72.61443043405094],[-91.67003211135976,-72.62373219186348],[-91.55148637568215,-72.75364674264526],[-91.38216854527784,-72.86785165801024],[-91.35692460810333,-72.90950286243746],[-91.45043311233542,-72.96789723092735],[-91.51086869990078,-73.19548023874069],[-91.34421220575948,-73.20715911243869],[-91.16070919469104,-73.18225107207402],[-90.99847103551076,-73.136569105928],[-90.89310279006753,-73.08396249785491],[-90.77561642125198,-72.99301197702117],[-90.75101843948104,-72.91663421009379],[-90.77626237665564,-72.85400237415611],[-90.89537655308843,-72.82361663196838],[-90.78018978550978,-72.73173593535353],[-90.77967302118688,-72.7301856423847],[-90.77928544794474,-72.73023731881699],[-90.70515560582197,-72.7467737771504],[-90.51418535028739,-72.68812102649915],[-90.45772884800854,-72.64156056100421],[-90.20906185582004,-72.60595549915504],[-90.03834876174383,-72.46265675240966],[-89.87107215041509,-72.45552540475335],[-89.80293677443825,-72.47877979928475],[-89.82430497919098,-72.49454111113376],[-89.84841203485502,-72.5212061501964],[-89.84417456740715,-72.53629566842557],[-89.84763688837069,-72.57117726022268],[-89.80371192092258,-72.58662851347793],[-89.54279761428097,-72.6011495909519],[-89.42474280471015,-72.64243906035313],[-89.11592444533392,-72.69287525826999],[-89.12718990757352,-72.69318531686372],[-89.22940589064686,-72.82578704212469],[-89.34128536655875,-72.88955575957289],[-89.5223854235256,-72.87090056751546],[-89.81769039585748,-72.86263233834879],[-90.03524817580632,-72.96019744251586],[-90.15245032424431,-72.94453948353146],[-90.29543901239589,-72.97792245879202],[-90.27381242548171,-73.1186373839227],[-90.43093461786525,-73.24322926217846],[-90.92095638707293,-73.31909026478296],[-91.16866736526396,-73.30699797962666],[-92.241056688185,-73.17842701608447],[-92.82838517939823,-73.16468108509474],[-93.70600602901112,-73.21501393014704],[-93.98467119014506,-73.28674081816825],[-94.24620561397424,-73.31299244577242],[-94.58649492061625,-73.24948211048576],[-95.02962032751901,-73.2389917947305],[-95.2366361152803,-73.22007822051171],[-95.52925391313306,-73.24136891061596],[-95.88057613806933,-73.29387216582447],[-96.15218746619536,-73.30927174264744],[-96.39423987505046,-73.30121021920993],[-96.67585059282507,-73.26855071400142],[-96.95578182655024,-73.20643564238655],[-97.47647355832311,-73.12623381946969],[-97.65106238482122,-73.14442392363635],[-97.81851986366303,-73.10173919056325],[-98.01243567583825,-73.03321624134422],[-98.20862525103436,-73.02226083769835],[-99.81074968137926,-72.99993661894831],[-100.258810187566,-73.04132944121402],[-100.56359778522344,-73.01554290150045],[-100.82053300657863,-72.9811263975941],[-101.33187130410678,-72.99538909290663],[-101.68122982461598,-73.02990894967763],[-101.8415301175853,-73.02091725045875],[-102.02888302285949,-72.99812794381803],[-102.4092990791762,-72.9874309223337],[-102.48203365762699,-72.95115406686477],[-102.36297115762649,-72.91146656686462],[-102.27204647500893,-72.83498544707267],[-102.36289364297801,-72.76015797311402],[-102.48477250853847,-72.73566334420767],[-102.8525020007274,-72.71638803496285],[-102.85149431029774,-72.71463103626485],[-102.73020972370863,-72.64771005644685],[-102.78098181843542,-72.59076262806123],[-102.7487874011176,-72.55448577259241],[-102.76480709512812,-72.51340300892035],[-102.96766293008986,-72.46250172311278],[-103.05300655801986,-72.40927499785215],[-103.35386674682316,-72.31460377389351],[-103.39629309773481,-72.28442473743503],[-103.39264990925822,-72.2481995583984],[-103.2988830228646,-72.23052621855463],[-102.71080522338305,-72.26814666126306],[-102.44270789265285,-72.20282765084619],[-102.28940975625898,-72.14479501738242],[-102.29212276895437,-72.12582976673124],[-102.27879024942304,-72.11978362415309],[-102.26483761270424,-72.13528655384073],[-102.02216508666157,-72.18499928170547],[-101.90336096882253,-72.19037363066377],[-101.78481523314503,-72.1777129047523],[-101.60198401569642,-72.17569752389295],[-100.35746049681113,-72.27812021269543],[-100.19522233763085,-72.27269418730475],[-100.10406511106795,-72.28700855904957],[-100.01427730996085,-72.3124333637372],[-99.67241187213398,-72.37987110787809],[-99.43436438678145,-72.40663949980532],[-99.14887793658494,-72.47195851022218],[-98.88155575233914,-72.4731987445972],[-98.64069190142669,-72.48973520293063],[-98.40783789751953,-72.54761280709754],[-98.16346004921124,-72.55608774199345],[-97.82833838579845,-72.55701791777464],[-97.59563941118816,-72.54766448352981],[-97.3655500964086,-72.5217745909516],[-97.25031165239767,-72.5208444151703],[-97.02763790565203,-72.5738127582695],[-96.91480241574274,-72.57830860787891],[-96.80395646847663,-72.55799976998821],[-96.69272294796832,-72.54761280709754],[-96.05178015825231,-72.57727507923312],[-96.02989518917667,-72.55427906686316],[-96.01431474484065,-72.52472014759223],[-96.07818681515343,-72.45382008248782],[-95.82572160519146,-72.43893726998773],[-95.57542680538577,-72.40999846790427],[-95.53108842647936,-72.24876799915359],[-95.60955908891458,-72.1749740538408],[-95.6094040596177,-72.06841725045503],[-95.4777583483542,-72.10510751738217],[-95.31347897009829,-72.25682952259118],[-95.16087846554038,-72.28256438587255],[-94.6703399320098,-72.44529347115962]],[[-94.75304806189297,-72.51717538847761],[-95.21565548376978,-72.59944426868628],[-95.27296464718142,-72.64688323353023],[-95.21947953975933,-72.66982756946783],[-95.02706234412057,-72.66507333769698],[-94.42603959834997,-72.61257008248838],[-94.43397193070672,-72.58916065866018],[-94.51391537146233,-72.49169890735777],[-94.53841000036866,-72.47578256621182],[-94.56616024450938,-72.46808277780033],[-94.75304806189297,-72.51717538847761]],[[-94.07815385616104,-72.88387135202076],[-93.96555091019704,-72.92025156035417],[-93.79563880082137,-72.91973479603129],[-93.7558221097405,-72.90764251087498],[-93.79959204789168,-72.88201100045828],[-94.00428239619981,-72.81968922311425],[-94.04699296748907,-72.8230998676455],[-94.11319047725496,-72.86010019316655],[-94.07815385616104,-72.88387135202076]]],[[[-96.71763098833307,-72.25548593535157],[-96.7987629870313,-72.259465020638],[-96.89017859575563,-72.24701100045567],[-96.97893286821687,-72.22189625436188],[-96.71494381385386,-72.13166920358024],[-96.29822506385216,-72.04516285592362],[-96.15624406613034,-71.922534682095],[-96.0661978828617,-71.91436980579293],[-95.68544592973518,-72.05668670032476],[-95.90638851599908,-72.1219540343094],[-96.48237403032425,-72.20763355904933],[-96.71763098833307,-72.25548593535157]]]]},"properties":{"featurecla":"Ice Shelf","scalerank":0,"min_zoom":0}},{"type":"Feature","geometry":{"bbox":[157.07519819562486,-69.30868906033979,157.5699483583873,-69.07004729601593],"type":"Polygon","coordinates":[[[157.5699483583873,-69.27737314237096],[157.4813232770067,-69.30868906033979],[157.07519819562486,-69.18507903429762],[157.10976972882816,-69.15500335070381],[157.2487793316933,-69.11893320096405],[157.2502262717975,-69.07914234809931],[157.30955081606857,-69.07004729601593],[157.37466312075628,-69.1038953591671],[157.3968839866418,-69.14585662218815],[157.52163089419435,-69.18115162544349],[157.4666471702359,-69.19350229276124],[157.4869043316943,-69.21024545682381],[157.5699483583873,-69.27737314237096]]]},"properties":{"featurecla":"Ice Shelf","scalerank":0,"min_zoom":0}},{"type":"Feature","geometry":{"bbox":[-111.46316504600928,-75.21995615020722,-109.16937740765371,-74.56630095814727],"type":"Polygon","coordinates":[[[-109.27903479697709,-75.18517791127476],[-109.98999915244869,-75.19907887156128],[-111.10422054730991,-75.1908623188269],[-111.35880449099582,-75.21995615020722],[-111.46316504600928,-75.13344980255059],[-110.96761389854632,-74.95123870228946],[-110.53198157432583,-74.83631031687234],[-110.30047115765827,-74.71063323353852],[-110.24199927451998,-74.56630095814727],[-110.12714840375135,-74.58929697051715],[-110.02578508181082,-74.62929452911112],[-110.05392289919375,-74.63988819773088],[-110.03371741416757,-74.65947356556953],[-109.52943294964734,-74.8005502257264],[-109.46460486533718,-74.84695566192447],[-109.49349199098835,-74.91568531687267],[-109.33042700889135,-74.99288990671668],[-109.16937740765371,-75.06782073353989],[-109.20245032432054,-75.14058115020688],[-109.28146358929484,-75.17546274200393],[-109.27903479697709,-75.18517791127476]]]},"properties":{"featurecla":"Ice Shelf","scalerank":0,"min_zoom":0}},{"type":"Feature","geometry":{"bbox":[66.4976778502105,-73.30028004342874,75.87229943227919,-68.4598003070812],"type":"Polygon","coordinates":[[[70.33150068551225,-68.6790634092956],[70.39940351754376,-68.71161956163954],[70.68403730660748,-68.70443653755093],[70.83834313343095,-68.60299570096203],[71.05993167509848,-68.6969951313009],[71.21806155791165,-68.69963062934781],[71.31666019072452,-68.62619841906105],[71.4127783547874,-68.60036020291511],[71.65400394072596,-68.64903940213406],[71.8902685891644,-68.59348723742025],[72.19970706572809,-68.5904900043474],[72.41809166859349,-68.6278003884621],[72.7040690448967,-68.63193450304547],[72.77424563994919,-68.67301726671744],[72.78055016468869,-68.71456511828018],[73.15458418161728,-68.74805144640523],[73.48655358266029,-68.87801767361938],[73.52365726104586,-68.93005584093729],[73.61863854359831,-68.96080331815095],[73.80777428578659,-69.11474740994838],[73.90430586130788,-69.13769174588597],[74.27213870636137,-69.35338917427225],[74.1934871764131,-69.34904835395972],[74.27678958526765,-69.41762297961105],[73.9405827167767,-69.42563282661635],[74.16041425974635,-69.49648121528848],[74.09540530792322,-69.53596200955948],[73.95928958526633,-69.54014780057517],[73.74638268422382,-69.5915658507055],[73.68519778839027,-69.64944345487243],[73.71827070505702,-69.70267018013307],[73.68437096547353,-69.73781015409155],[73.70245771677583,-69.7532614073468],[73.88394534698483,-69.74483814888319],[74.20640628448604,-69.73047210070608],[74.3210246113095,-69.71817310982061],[74.52711022328941,-69.7560002582583],[74.55522220245626,-69.63977996203387],[74.68906416209217,-69.60489837023684],[74.78115156443636,-69.60665536893475],[74.87582278839506,-69.66964893989854],[75.04924889516656,-69.64200204862237],[75.09772138865634,-69.61771412544519],[75.03539961131236,-69.5912041156795],[75.12283613475017,-69.56014657987211],[75.49469974152248,-69.59880055122639],[75.55185387563733,-69.59466643664302],[75.5970190774604,-69.55327361437725],[75.79390628449244,-69.5485710590387],[75.87229943227919,-69.61575042101813],[75.82067467641969,-69.72551116320608],[75.63546634308551,-69.8489661599513],[75.42379967641807,-69.89304615669629],[75.14774417511485,-69.85542571398786],[74.57103519073752,-69.87961028430038],[74.22671512237679,-69.80033863716471],[73.94213300974548,-69.74313282661757],[73.67605105987468,-69.82576344185227],[73.32475467315442,-69.8489661599513],[73.04141279489812,-70.00967986437902],[72.82204633981917,-70.09592782987421],[72.74427330921986,-70.23912322375504],[72.76029300323029,-70.39575449003166],[72.62236860544328,-70.47202890409447],[72.41788496286432,-70.59863616320958],[72.262545607395,-70.65677214953794],[71.90484134307059,-70.70669158313183],[71.7713094420285,-70.80131113065826],[71.63385013213212,-70.94926075630991],[71.46481652210537,-71.1545712218055],[71.37877526233939,-71.30918710722278],[71.34926801950076,-71.5138774555309],[71.27666263213064,-71.6238965798803],[71.16783206572399,-71.6715422504534],[71.07874189645281,-71.73670623157349],[70.731579624316,-71.82223072701655],[70.61613447457593,-71.84207447701664],[70.57282962431526,-71.93095794055864],[70.29429365426216,-72.05539478951744],[69.96216922392222,-72.13290943795528],[69.7696745136351,-72.25357390735681],[69.55464887886848,-72.37449675891978],[69.30949588407583,-72.40880990996163],[69.1569987323826,-72.41868010852934],[68.41978274930665,-72.51505665475368],[68.10688195177943,-72.6506556130876],[67.97133466987776,-72.75054615670774],[68.01546634305504,-72.91813282663024],[67.97133466987776,-73.08566782012053],[67.7486092466998,-73.16814340605836],[67.32196862169809,-73.30028004342874],[67.00312503445724,-73.23640797311597],[66.76468997586255,-73.2169259581419],[66.56904300320554,-73.20917449329812],[66.4976778502105,-73.12551034941757],[66.74644819526361,-72.99983326608374],[66.89202070502972,-72.94867359811482],[67.11329918810355,-72.64109547311352],[67.21479170112474,-72.46146819446702],[67.281040887323,-72.29057423287776],[67.43219445177675,-72.00294321074121],[67.69352216987676,-71.73670623157349],[67.87325280138782,-71.57976490670303],[68.0373771503468,-71.39104257597315],[68.31053877144166,-71.28655282987901],[68.44748131701516,-71.2515678852174],[68.6237496275628,-71.18139129016502],[68.76787519722473,-71.09069915149273],[68.87267500191268,-71.03519866321128],[69.1883146503514,-70.7045728494079],[69.19658287951819,-70.58525196724597],[69.25017133980487,-70.43104949328699],[69.1620113463149,-70.3340011534429],[69.02088300972582,-70.32521615995326],[68.7573332050372,-70.3699162738857],[68.55936079292707,-70.41244597766195],[67.94074222196099,-70.42283294055262],[67.65889896024123,-70.3259913064376],[67.26791507352078,-70.27317799263534],[67.41658816922461,-70.17716318143702],[67.57528649279288,-70.0878663064367],[67.91697106310681,-69.95268075956112],[68.02719689318536,-69.89444142036817],[68.17804039904536,-69.8372872862534],[68.41523522326503,-69.90214120877965],[68.74369062691221,-69.92136484159228],[68.92042402535037,-69.91180470161831],[69.08263634631453,-69.86658782336288],[69.1620113463149,-69.76959115995106],[69.18846967964839,-69.6549211566954],[69.13555301298146,-69.57797494901274],[68.95912967313694,-69.54025115343973],[68.87975467313663,-69.46971282336125],[68.90621300647013,-69.37271615994945],[69.06496300647069,-69.33742115669409],[69.37176598498758,-69.33147836698052],[69.54932620634241,-69.29370289497514],[69.62942467639488,-69.23158782336036],[69.61464521675941,-69.15376311632879],[69.53072269071737,-69.02405527127617],[69.64554772326994,-68.93222625109352],[69.54684573759249,-68.85667530708284],[69.5341850116809,-68.7369410134625],[69.76192304879123,-68.5985515277849],[69.92790774931274,-68.53540292752417],[69.98221967965145,-68.46429615669061],[69.97824059436505,-68.4598003070812],[70.17853844592827,-68.49411345812297],[70.23569258004312,-68.51297535590956],[70.33150068551225,-68.6790634092956]],[[71.70506025583023,-70.28434010201036],[71.64656253447589,-70.33632659289599],[71.6370540709342,-70.44350351346932],[71.65927493681966,-70.49745370878202],[71.72573082874698,-70.54907846464161],[71.84117597848706,-70.62194223417319],[71.92892256051863,-70.63300099068363],[72.00219974150849,-70.63263925565761],[72.07811242054527,-70.60907480253255],[72.09733605335788,-70.57460662219384],[72.07340986520671,-70.5244804828707],[72.05563317249829,-70.50101938261022],[71.99992597848768,-70.45683603300066],[71.87993330270604,-70.40557301216708],[71.85109785348703,-70.36764251086491],[71.83797203968498,-70.31224537544796],[71.79652754098686,-70.26428964628113],[71.70506025583023,-70.28434010201036]],[[69.7435262388953,-72.04412932727783],[69.7919987323851,-72.04671314889245],[69.91829593290646,-71.91772877389188],[69.89514489123974,-71.90785857532418],[69.79602949410383,-71.89395761503766],[69.73701500842657,-71.92196624133985],[69.69246992379095,-71.96826832467333],[69.7435262388953,-72.04412932727783]],[[68.436112501911,-72.26044687285157],[68.40882734566077,-72.30023772571631],[68.46164065946311,-72.30008269641945],[68.66948327014103,-72.27594980253922],[68.81717451363124,-72.22871754342444],[68.84032555529802,-72.16546559029912],[68.72922122587045,-72.0891911762364],[68.66700280139099,-72.10314381295518],[68.56623375842184,-72.19016692493472],[68.436112501911,-72.26044687285157]]]},"properties":{"featurecla":"Ice Shelf","scalerank":0,"min_zoom":0}},{"type":"Feature","geometry":{"bbox":[-101.70174536823582,-73.75782317494097,-98.8961801826777,-73.31785003040793],"type":"Polygon","coordinates":[[[-101.18947689492649,-73.31785003040793],[-100.43642208535314,-73.35309335723099],[-100.02081437864578,-73.40254770293427],[-99.52797624387821,-73.49510019316907],[-99.20037350136386,-73.57096119577349],[-98.8961801826777,-73.61116546009663],[-99.16192623573872,-73.64082773223214],[-99.34336218951545,-73.6341614724665],[-99.54102454303191,-73.64511687611237],[-99.65618547239427,-73.69415781035735],[-99.78111324745996,-73.72009937936787],[-100.71782609739859,-73.75782317494097],[-100.9854841784543,-73.75720305775342],[-101.13025570351996,-73.7348271625711],[-101.31076148151547,-73.69524301543551],[-101.3313028633515,-73.69312428171148],[-101.33417090534375,-73.67689788197188],[-101.43103837767488,-73.59132171009654],[-101.6870434232488,-73.50057789499195],[-101.69691362181649,-73.45939177845533],[-101.6425500150455,-73.40632008249163],[-101.69422644733739,-73.33479990019967],[-101.70174536823582,-73.31991708769958],[-101.57376868366501,-73.32963225697051],[-101.18947689492649,-73.31785003040793]]]},"properties":{"featurecla":"Ice Shelf","scalerank":0,"min_zoom":0}},{"type":"Feature","geometry":{"bbox":[-11.719666713904502,-71.56007618599982,-10.033516404652943,-70.95840748482559],"type":"Polygon","coordinates":[[[-10.825457729525908,-71.55330657336961],[-10.969841681349436,-71.56007618599982],[-11.16016598148039,-71.48116627389018],[-11.328114386428979,-71.43972177519211],[-11.663081020544894,-71.33130462024374],[-11.719666713904502,-71.3221062152958],[-11.660187140336546,-71.2754423969362],[-11.44521318200239,-71.19761768990462],[-11.418548142939756,-71.16888559355041],[-11.434981248408576,-71.13012826933144],[-11.412088588903288,-71.11627898547724],[-11.086268683303018,-71.02016082141432],[-10.720089484082763,-71.00315927519031],[-10.84338945153121,-70.98068002714342],[-10.81641435387482,-70.95840748482559],[-10.355047166373026,-70.98946502063296],[-10.331017625357276,-71.02398487740398],[-10.12234819176274,-71.06093352649265],[-10.033516404652943,-71.13064503365443],[-10.230610317414147,-71.20102833443596],[-10.40662024580027,-71.25032765084238],[-10.520101691113297,-71.29549285266543],[-10.659524705436754,-71.44266733183275],[-10.825457729525908,-71.55330657336961]]]},"properties":{"featurecla":"Ice Shelf","scalerank":0,"min_zoom":0}},{"type":"Feature","geometry":{"bbox":[-108.27044002972048,-75.34397958770771,-103.54129716674582,-74.73135548288752],"type":"Polygon","coordinates":[[[-106.27531633179579,-74.78008635853877],[-106.16232581258964,-74.84152963653378],[-106.04419348837044,-74.81057545359097],[-105.30341183146639,-74.76820077911161],[-105.30312761108877,-74.81336598093476],[-105.15318844279393,-74.86741952911203],[-105.16238684774189,-74.92043954864351],[-104.9821911283401,-74.99273487741982],[-104.55270829956234,-75.08776783640457],[-103.67020402709792,-75.08063648874834],[-103.55659339070422,-75.08435719187332],[-103.54129716674582,-75.11381275827966],[-103.90135270873945,-75.15257008249861],[-104.15970903198264,-75.12073740020682],[-104.61784644246623,-75.1562907856236],[-104.9018601143424,-75.11515634551927],[-105.39937496623241,-75.1976319314571],[-106.6188870918883,-75.34397958770771],[-106.93214962444164,-75.30935637807212],[-107.26680619996382,-75.33447112416601],[-107.80475786012225,-75.321552016093],[-108.16057593466792,-75.26693002716056],[-108.04520829957632,-75.19153411244665],[-107.75620785198407,-75.1428549132277],[-107.92092647991439,-75.09531259551918],[-108.27044002972048,-75.0807915180452],[-108.23408565960315,-75.06962940867018],[-108.2096168689129,-75.06218800242014],[-108.16326310914712,-75.05242115671692],[-107.84829525432815,-75.04503142689917],[-107.80969295940605,-75.0004863422636],[-107.80015865764827,-74.94214365020608],[-107.54839107952223,-74.92452198679459],[-107.110149095471,-74.90762379343516],[-106.53904700399737,-74.73135548288752],[-106.490471157643,-74.76354990020535],[-106.27531633179579,-74.78008635853877]]]},"properties":{"featurecla":"Ice Shelf","scalerank":0,"min_zoom":0}},{"type":"Feature","geometry":{"bbox":[-102.45978695352534,-75.42190764760386,-98.55788041867902,-74.27474252715658],"type":"Polygon","coordinates":[[[-101.41522538939351,-74.27474252715658],[-101.34277503132034,-74.3500867654381],[-101.25172115762201,-74.4857374002043],[-101.02315629759511,-74.50496103301683],[-100.88187293170907,-74.54113453562115],[-100.53088660358272,-74.4888379861418],[-100.23813961464928,-74.48418710723554],[-100.11861202675813,-74.51498626088149],[-100.01270117877598,-74.66216074004872],[-100.26490800657643,-74.82292612090873],[-100.47337073444183,-74.8723804666121],[-100.31301876504014,-74.91434172963307],[-100.16406144895889,-74.93790618275813],[-99.84862850624923,-74.92167978301853],[-99.65192216673022,-74.9488099099717],[-99.20817664263993,-75.0785694314566],[-98.72727576373181,-75.14078785593605],[-98.55788041867902,-75.18977711374873],[-98.64573035357515,-75.27711028432199],[-98.75236467160943,-75.3171078429159],[-98.98025773801666,-75.32744312937429],[-99.53138688840946,-75.30894296661381],[-100.08282609739598,-75.37043792104112],[-100.46347469765793,-75.35338469838482],[-100.70635392942975,-75.39813648874954],[-101.0393568591186,-75.42190764760386],[-101.30373348672383,-75.36578704213485],[-101.62787390827457,-75.22176482533742],[-101.70812740762389,-75.12735198354014],[-101.82104041218165,-75.12626677846208],[-101.79065466999401,-75.06254973744618],[-101.64890621621738,-75.0166093891387],[-101.60193233926404,-74.95656137481556],[-101.40333980996645,-74.8166732726014],[-101.19513546426242,-74.71321705515305],[-101.90237911660904,-74.60681528106414],[-102.0473056709716,-74.60970916127249],[-102.08913774291186,-74.60087249135057],[-102.09376278360203,-74.56469898874622],[-102.15585201700071,-74.54914438262638],[-102.33175859252223,-74.54397673939724],[-102.45978695352534,-74.51224740997],[-101.93834591348414,-74.4030551085373],[-101.88227698444751,-74.36801848744341],[-101.8402382067781,-74.33701262806831],[-101.74747901081413,-74.33773609812036],[-101.69019568561859,-74.30600676869312],[-101.42638749876862,-74.27887664173986],[-101.41522538939351,-74.27474252715658]]]},"properties":{"featurecla":"Ice Shelf","scalerank":0,"min_zoom":0}},{"type":"Feature","geometry":{"bbox":[143.94204634010362,-67.89983448676648,146.64994306863008,-66.67598154079808],"type":"Polygon","coordinates":[[[146.31787031472254,-66.69809905381896],[146.19121137917512,-66.81080535264755],[146.35487064024346,-66.74843189887125],[146.41062951068636,-66.74977548611085],[146.45486453672822,-66.78212493272554],[146.6356286968852,-66.770704441189],[146.59382246316108,-66.7796961404078],[146.64994306863008,-66.79421721788185],[146.62953087787477,-66.82827198676218],[146.52700483620765,-66.86961313259567],[146.55227461159842,-66.88671803168427],[146.35652428607682,-66.98056243272636],[146.37605797748319,-66.98299122504403],[146.3188004905038,-67.0504806456172],[146.16263431211772,-67.12566985460195],[146.2122436871179,-67.13853728624258],[146.13937991758638,-67.1874231911907],[145.28744225482257,-67.51375986111385],[145.43161950091684,-67.51071095160863],[145.62106530169888,-67.49365772895231],[145.86048221250718,-67.5296762022598],[146.04253828347134,-67.58569345486413],[146.22629967670133,-67.6837236469218],[146.29316898008693,-67.67638559353642],[146.4414803407646,-67.73012908311998],[146.41026777566037,-67.8028378233546],[146.27632246315977,-67.75090300890125],[145.97510053933053,-67.62424407335394],[145.55636640846944,-67.59091277452566],[145.1278654319052,-67.62594939561956],[144.87909508685215,-67.72087900173972],[144.40418867408982,-67.7942078591619],[144.18900801002644,-67.89983448676648],[143.97734134335894,-67.86459115994343],[143.94204634010362,-67.79400115343275],[144.15371300677117,-67.64408782335403],[144.2595980165372,-67.47867156358765],[144.51529300351734,-67.28250782660774],[144.60231611549688,-67.16649423611247],[144.61564863502815,-67.1704216449667],[144.69864098528893,-67.22659392686789],[144.81315595924775,-67.20385629665955],[144.8425081727895,-67.18235890082613],[144.83765058815402,-67.15016448350829],[144.89098066627923,-67.17331552517504],[145.0450797873737,-67.1703699685344],[145.00704593320688,-67.14504851671134],[145.21251142799935,-67.07311492296105],[146.03023929258597,-66.69474008572],[146.23441287657113,-66.67598154079808],[146.31787031472254,-66.69809905381896]]]},"properties":{"featurecla":"Ice Shelf","scalerank":0,"min_zoom":0}},{"type":"Feature","geometry":{"bbox":[-62.00832841657968,-73.70227101022715,-60.22213253441106,-73.14762786243853],"type":"Polygon","coordinates":[[[-61.24212195498805,-73.25025725697017],[-61.08135657412806,-73.32818531686632],[-60.89586402041636,-73.32043385202255],[-60.686651984282754,-73.27103118275147],[-60.560716518787395,-73.21139657988664],[-60.403775193917035,-73.24018035267324],[-60.22213253441106,-73.26281463001709],[-60.252234056221056,-73.3166614724652],[-60.540485195545195,-73.44688608184072],[-60.598052741118266,-73.54295256947131],[-60.850957200754756,-73.62759856556546],[-60.76739640973876,-73.62899382923726],[-60.6885898504936,-73.67090341582602],[-60.76796485049394,-73.67953338001871],[-60.79878984235606,-73.70227101022715],[-60.87888831240844,-73.61204395944554],[-61.07980628115931,-73.53871510202336],[-61.4054711574627,-73.46709156686681],[-61.63698157413024,-73.50016448353364],[-61.73769894066712,-73.37552092884569],[-61.787618374261,-73.25490813587645],[-61.91479407413138,-73.21573740019917],[-62.00832841657968,-73.14762786243853],[-61.72645931664363,-73.16075367624062],[-61.428441331616376,-73.19144947702199],[-61.24212195498805,-73.25025725697017]]]},"properties":{"featurecla":"Ice Shelf","scalerank":0,"min_zoom":0}},{"type":"Feature","geometry":{"bbox":[-61.8428088039488,-74.32864104603698,-60.68404232445193,-73.89595427845711],"type":"Polygon","coordinates":[[[-61.404075893790804,-73.8960059548894],[-61.20341630720147,-73.95667408640008],[-61.088281216055115,-73.92944060658226],[-60.999294399648534,-73.90122527455094],[-61.02252295596376,-73.96287525827512],[-60.87782894554647,-73.97191863392621],[-60.87162777367146,-74.00158090606169],[-60.82325863304632,-74.01217457468154],[-60.83007992210881,-74.03966643666081],[-60.7748894924211,-74.0944951313225],[-60.687452968983166,-74.13035857533302],[-60.68404232445193,-74.1781592752031],[-60.73078365745991,-74.24978281035953],[-60.75476152204337,-74.26513071075031],[-60.78370032412684,-74.24099781687],[-61.120656500886014,-74.30693694447442],[-61.33180640323059,-74.32864104603698],[-61.8428088039488,-74.28967701608886],[-61.718268602125335,-74.22807870879697],[-61.570835740796674,-74.1946957335364],[-61.226877407461956,-74.20792490020315],[-61.041669074127896,-74.1219353168695],[-61.16073157412839,-74.05578948353593],[-61.319481574128936,-74.03594573353584],[-61.83826127790712,-74.03201832468162],[-61.74162634952134,-73.99620655710339],[-61.691732754143544,-73.92385955189471],[-61.54541093610903,-73.89595427845711],[-61.404075893790804,-73.8960059548894]]]},"properties":{"featurecla":"Ice Shelf","scalerank":0,"min_zoom":0}},{"type":"Feature","geometry":{"bbox":[-74.01100663928389,-71.14516611112839,-69.61838070339394,-69.67068246854438],"type":"Polygon","coordinates":[[[-71.7873955959808,-69.68794239692986],[-71.8520169745617,-69.80705657336263],[-71.86772660997852,-69.84715748482111],[-71.87927629259565,-69.90896249784224],[-71.85361894396277,-69.96937224719139],[-71.81000403510848,-70.00518401476971],[-71.7285619778165,-70.05365650825942],[-71.69610917833714,-70.06776417427517],[-71.12051123725408,-70.19643849068193],[-71.02377295600374,-70.20139942818193],[-70.92625952826893,-70.19235605253084],[-70.71957963731765,-70.13949106229622],[-70.3276914130322,-70.15969654732241],[-70.23407955593547,-70.1804187966714],[-70.11791093614332,-70.23421396268722],[-69.88304155137672,-70.3052173806563],[-69.61838070339394,-70.39802825305254],[-69.6599027167405,-70.41234262479736],[-69.70207068549061,-70.41477141711502],[-69.97530982123396,-70.36014942818258],[-70.09047075059632,-70.3506926410732],[-70.32810482449051,-70.36123463326074],[-70.56212154812431,-70.4040743956306],[-71.06110917833462,-70.53708953235],[-71.190067715119,-70.6595626768817],[-71.17267859565277,-70.7129961078715],[-71.04943030463662,-70.76208871854878],[-70.91698360867262,-70.785859877403],[-70.66066850450488,-70.81789926542396],[-70.29870093451646,-70.836141046023],[-70.19627824571398,-70.85061044706468],[-70.09403642442453,-70.88259815865337],[-69.99303483751004,-70.89711923612742],[-69.93321936713224,-70.88037607206485],[-69.87580685085594,-70.87598357532002],[-69.83043494330363,-70.91365569446084],[-69.822528449163,-70.97339365019026],[-69.82289018418902,-71.03370004667482],[-69.83513749864218,-71.0925595030553],[-69.86981238471006,-71.12568409615434],[-69.91647620306966,-71.13379729602423],[-70.26772091335746,-70.96476368599747],[-70.32293718126138,-70.95122446073698],[-70.38068559434751,-70.94641855253386],[-70.74112870958336,-70.99256560657048],[-71.1940726386216,-70.9848141417267],[-71.30755408393455,-71.0108590636018],[-71.50454464383117,-71.11157643013868],[-71.71853674995182,-71.14516611112839],[-72.35637895373043,-71.07478281034687],[-72.71046586779437,-71.07292245878438],[-72.94099443224835,-71.10852752063346],[-72.94701473661041,-71.0854798318313],[-73.03235836454041,-71.0279122862581],[-73.29875037300499,-70.99132537219555],[-73.31792232938531,-70.96166310005995],[-73.26087154813513,-70.89525888456492],[-73.28934526232788,-70.84947356555432],[-73.56976742215974,-70.7813640277936],[-73.6593485175377,-70.78425790800196],[-73.66622148303256,-70.78038217558012],[-73.55036292183416,-70.7234864236267],[-73.70665829130087,-70.63517140083994],[-73.87954179553338,-70.57817229602193],[-73.95785742867173,-70.56091236763649],[-74.01100663928389,-70.55564137154275],[-74.010128139935,-70.55093881620411],[-73.93814286975234,-70.53130177193327],[-73.91207210966112,-70.47208058052675],[-73.71993913439991,-70.32511280708869],[-73.50380245633923,-70.2981377094323],[-73.23505917020526,-70.20568857206217],[-73.17896440295246,-70.1332898904212],[-73.21146887886403,-70.08714283638457],[-73.17529537625978,-70.04817880643654],[-72.68349077013798,-70.00730274849364],[-72.65470699735138,-69.97779550565501],[-72.71062089709125,-69.9177474913318],[-72.57670142280676,-69.86529591255557],[-72.48507910835335,-69.79114023221678],[-72.50636979845763,-69.72308237088833],[-72.55083736844472,-69.68179290148711],[-72.54613481310616,-69.67807219836214],[-72.34459672716785,-69.7070110004456],[-72.20207312690687,-69.74013559354464],[-71.98536800809092,-69.69843271268512],[-72.03185095893748,-69.67068246854438],[-71.7873955959808,-69.68794239692986]],[[-71.7819954088063,-70.31885995878137],[-71.68468868680065,-70.4422632790943],[-71.55126013862298,-70.43885263456306],[-71.43777869331004,-70.3915170225837],[-71.34029110379146,-70.31751637154177],[-71.3548896959139,-70.29782765083856],[-71.43162919786732,-70.26728687935406],[-71.64779171414429,-70.2953988585208],[-71.69504981147517,-70.26511646919784],[-71.79527625190525,-70.28837086372917],[-71.7819954088063,-70.31885995878137]]]},"properties":{"featurecla":"Ice Shelf","scalerank":0,"min_zoom":0}},{"type":"Feature","geometry":{"bbox":[146.7976859885526,-68.4669833311698,148.73803266824785,-67.9356462543447],"type":"Polygon","coordinates":[[[147.1339962099081,-68.06995330187131],[147.31744754454417,-68.13894133898094],[147.58285770079527,-68.10581674588182],[147.60921268126407,-68.11734059028296],[147.60688724181102,-68.14777800890288],[147.66972578347793,-68.14901824327791],[147.75550866108244,-68.19325326931975],[147.94764163634363,-68.21294199002295],[148.02365766824494,-68.24777190538762],[147.97906090717703,-68.28745940538778],[147.85121341368693,-68.27857105903365],[147.79545454324403,-68.31831023546602],[147.7232625673323,-68.31841358833069],[147.73752526264485,-68.33830901476304],[148.6143709657734,-68.33577686958071],[148.73803266824785,-68.3609949685391],[148.67886315327365,-68.40373137804448],[148.682480503534,-68.44786305122177],[148.45613773009563,-68.4669833311698],[147.56854332905044,-68.37510263455485],[147.35377607644534,-68.38424936307052],[147.09363691628806,-68.3686430805183],[146.7976859885526,-68.27366179796584],[146.87814619363098,-68.19123788846031],[146.89654300352686,-68.1203378233559],[146.85246300678187,-68.04096282335556],[146.82781334857867,-67.96468840929275],[146.80099328021925,-67.95430144640207],[146.8699813173289,-67.9356462543447],[147.00754398008985,-67.95233774197499],[147.0122465354284,-67.97998463325115],[147.12159386615798,-68.04049773546495],[147.1339962099081,-68.06995330187131]]]},"properties":{"featurecla":"Ice Shelf","scalerank":0,"min_zoom":0}},{"type":"Feature","geometry":{"bbox":[-65.63952796086505,-73.01729990019837,-59.67247616233853,-66.034521986759],"type":"Polygon","coordinates":[[[-60.598414476144285,-66.09916920355612],[-60.51051286481586,-66.1526543109782],[-60.509789394763715,-66.26024464300994],[-60.46596778018028,-66.34313364040608],[-60.48674170596154,-66.38581837347918],[-60.35858415387779,-66.50157358181292],[-60.401268886950874,-66.57221526475598],[-60.397083095935216,-66.64409718207398],[-60.29316179059626,-66.69954599392312],[-60.10650651715802,-66.73453093858474],[-60.07322689476202,-66.78171152126723],[-60.061031256741124,-66.80594776801205],[-60.2839633856483,-66.97523976020025],[-60.40411109072684,-67.01797616970563],[-60.289751146065015,-67.0297583962682],[-60.24913347028357,-67.08887623481014],[-60.246756354398094,-67.27041554145143],[-60.34840389671627,-67.4501978493949],[-60.453668789294824,-67.50693857205135],[-60.78377783877531,-67.51189950955137],[-60.89240169945282,-67.63297739041121],[-60.891264817942385,-67.69250864041145],[-60.85385108096301,-67.74713062934399],[-60.81747087262959,-67.73633025499498],[-60.7339617580459,-67.82278492621924],[-60.52043473981585,-67.87869882595909],[-60.553817715076406,-67.96474008572503],[-60.49945410830542,-68.01993051541274],[-60.62874854189963,-68.14085336697573],[-60.6980983140353,-68.2819817035649],[-60.67877132835818,-68.30590789171598],[-60.71571997744687,-68.43205006294048],[-60.65928931338414,-68.49065113715943],[-60.792666185129434,-68.56268808377432],[-60.67567074242069,-68.60454599393077],[-60.62864518903506,-68.6519849587747],[-60.65866919619666,-68.6740507953633],[-60.70822689476456,-68.65983977648307],[-60.747707689035536,-68.7045398904155],[-60.749878099191754,-68.70784718208218],[-60.81362097842387,-68.68774504992065],[-60.94720455589834,-68.68061370226435],[-61.01497819684914,-68.70975921007695],[-60.89405534528615,-68.75885182075432],[-60.820080532460345,-68.77838551216058],[-60.7978079901425,-68.78133106880124],[-60.801554531483646,-68.78706715278564],[-60.754012213775155,-68.82256886177014],[-60.84206885440054,-68.84525481554628],[-60.71246436221251,-68.92881560656227],[-60.77571631533772,-69.02576059354179],[-61.027793952057486,-69.09903777453167],[-61.4894711981531,-69.36418954862124],[-61.48719743513229,-69.42894011828301],[-61.19977311872489,-69.62138315213797],[-60.99198218447924,-69.65114877713805],[-60.87193783226519,-69.70757944120078],[-60.84124203148384,-69.77708424263331],[-60.899222988515305,-69.81000213000328],[-61.29341081403774,-69.85046477648777],[-61.26858028832146,-69.86529591255557],[-61.32718136254053,-69.85635588976905],[-61.38650590681153,-69.89325286242544],[-61.40438595238452,-69.93252695096729],[-61.37849605980632,-69.94983855578505],[-61.308681199779954,-69.9778988585196],[-61.1584578111075,-69.97572844836327],[-61.113964402904195,-69.9576933734934],[-61.10541195335989,-69.96280934029035],[-61.01415137393243,-69.9975875792228],[-61.0201458400783,-70.0757740212804],[-61.00050879580735,-70.10404102974401],[-60.95203630231765,-70.11535816841598],[-60.637791917550715,-70.37410206490136],[-60.64146094424351,-70.40624480578691],[-60.57324805361819,-70.46272714628194],[-60.601411709217224,-70.50685881945921],[-60.60301367861825,-70.51011443469359],[-60.88392676455692,-70.51760751737592],[-60.941830206939926,-70.53249032987591],[-60.97557491722652,-70.59915292753246],[-60.958056606679605,-70.62902190539721],[-60.89650997582,-70.68969003690782],[-60.8260749986062,-70.71056731555376],[-60.74067969424383,-70.71056731555376],[-60.695721198149926,-70.6991985004495],[-60.69882178408745,-70.70555470162148],[-60.6747405666394,-70.77769500110091],[-60.69179378929571,-70.90843637479931],[-60.68393897158734,-70.91763477974726],[-60.78284766299401,-70.91406910591914],[-60.889068569569964,-70.93442962024213],[-60.94653276227848,-70.96739918404438],[-60.906380174387714,-71.00739674263826],[-60.78979814313726,-71.04108977649257],[-60.65218380394401,-71.05865976347185],[-60.56751196963375,-71.05385385526863],[-60.566530117420285,-71.05499073677908],[-60.59092139346197,-71.08470468534695],[-60.585030280180774,-71.13017994576373],[-60.54658301455553,-71.14609628690968],[-60.48984229189907,-71.2498108865195],[-60.401889004138354,-71.31016895943635],[-60.529426439034644,-71.3912492817023],[-60.50451839867,-71.42251352323885],[-60.531493496326384,-71.45067717883796],[-60.51216651064919,-71.50250864042673],[-60.44136979840926,-71.56720753365613],[-60.44937964541459,-71.63583383573975],[-60.251717291898196,-71.73970346464642],[-60.26246598981487,-71.82724334094883],[-60.251613939033604,-71.883932387173],[-60.29574561221089,-71.93131967558466],[-60.25207902692421,-71.9890422504547],[-60.32080868187239,-72.06510995878836],[-60.27879574241905,-72.13554493600218],[-60.19249610049167,-72.17512908313776],[-60.13058773460605,-72.25161020292973],[-60.10516292991841,-72.29310637806009],[-59.93592261416251,-72.32266529733101],[-59.88884538434459,-72.3780107563156],[-59.71076839866683,-72.42493295683664],[-59.67247616233853,-72.47025318795666],[-59.78078996442224,-72.63231047962397],[-59.89587337913631,-72.66321298613448],[-59.94021175804275,-72.74201954537955],[-59.925018886948926,-72.79472950631731],[-60.03560645205352,-72.86779998157803],[-60.061005418524964,-72.93792490019811],[-60.14870032412432,-72.93792490019811],[-60.25453365745805,-73.01729990019837],[-60.38470659040127,-73.00732634876607],[-60.53234615745919,-72.83209156686429],[-60.53234615745919,-72.67334156686364],[-60.72416907412659,-72.64688323353023],[-60.93916887067692,-72.69969654733256],[-61.286150275300656,-72.60078785592589],[-61.27979407412877,-72.4682894835295],[-61.047534349193,-72.4705115701181],[-60.73034440778551,-72.42601816191481],[-60.664637824126345,-72.36245615019575],[-60.69109615745976,-72.26985198352878],[-60.7043253241265,-72.14417490019486],[-60.719440680571836,-72.0726030414707],[-60.83325802269471,-72.05151905709559],[-60.9518037583723,-72.05022714628828],[-61.107504848867734,-72.0914649392572],[-61.31028316918107,-72.11270395292917],[-61.49270097517138,-72.07270639433527],[-61.628041551343735,-72.05270761503832],[-61.894071824782316,-72.07100107206965],[-62.256685350174365,-72.01761931751213],[-61.93892696801172,-71.90362110787622],[-61.64455217146096,-71.86284840279791],[-61.035054490794465,-71.82006031686032],[-60.949064907460816,-71.74729990019333],[-60.995366990794395,-71.66131031685967],[-61.08135657412806,-71.58854990019267],[-61.213596564362916,-71.56405527128632],[-61.56282589379146,-71.67526295357845],[-61.72547746443004,-71.67257577909926],[-61.958822394443985,-71.65779631946376],[-61.909574754469844,-71.63087289823974],[-61.78958207868817,-71.61604176217196],[-61.515955369702674,-71.47909921659854],[-61.369323493074425,-71.4523308246713],[-61.23731604678495,-71.40055103951482],[-61.148458421459026,-71.34189828886359],[-61.00309261742197,-71.31931568795201],[-60.962294074127556,-71.24459156685796],[-61.017277798086134,-71.16687021269097],[-61.25168209496204,-71.0022807758414],[-61.31286699079562,-70.8675603168565],[-61.51342322452036,-70.85112721138766],[-61.702197231682625,-70.85670826607522],[-61.96109615746488,-70.90063323352325],[-62.04047115746519,-70.80141448352283],[-61.99416907413171,-70.72865406685594],[-61.80896074079755,-70.70881031685585],[-61.69651282413049,-70.675737400189],[-61.60535559756757,-70.61667123807946],[-61.49146074079635,-70.56990406685529],[-61.50468990746302,-70.49052906685495],[-62.00078365746503,-70.49714365018829],[-62.2322940741326,-70.42438323352138],[-62.37781490746658,-70.36485198352113],[-62.331512824133,-70.27886240018748],[-62.2179021877393,-70.23318043404146],[-62.01401282413179,-70.27886240018748],[-61.934637824131464,-70.19948740018715],[-61.96109615746488,-70.12011240018683],[-62.20245093448403,-70.02797332141043],[-62.40716712100834,-69.82721038195645],[-62.4505753241335,-69.58433115018462],[-62.58682023787106,-69.47720590604358],[-62.83980221215592,-69.37183766060045],[-62.994133877195566,-69.32894622179819],[-63.094411994057936,-69.25303354276149],[-63.30150529646763,-69.14099903755263],[-63.45599199080414,-69.04193531684919],[-63.478264533121965,-68.9511915017446],[-63.34354407413707,-68.81042490018154],[-63.44276282413747,-68.76412281684804],[-63.74703365747203,-68.7045915668478],[-63.77349199080544,-68.63183115018089],[-63.70734615747188,-68.59214365018065],[-63.34752315942359,-68.49943613064909],[-63.1147983465971,-68.4706006814302],[-62.97974199080227,-68.4863103168469],[-62.93333655460421,-68.44259205512803],[-63.056559007404154,-68.4207329242685],[-63.21662675642825,-68.41887257270602],[-63.79651384139152,-68.46977385851349],[-63.92449052596231,-68.49762745551888],[-64.16925594751282,-68.58253183377438],[-64.15687944197887,-68.68686655057165],[-64.07848629419212,-68.77120248807206],[-64.42893001977941,-68.74613941841045],[-64.8983070542865,-68.67332732531125],[-65.15836869979537,-68.61798186632659],[-65.24164527043374,-68.58325530382652],[-65.14010108098026,-68.48920419705526],[-65.054550747321,-68.44930999132595],[-64.99649227564112,-68.40776213976329],[-65.08974239771177,-68.37024504991935],[-65.33140723332477,-68.36414723090891],[-65.4520458645101,-68.3367587217943],[-65.36522945825973,-68.28745940538778],[-64.89595577661723,-68.16839690538728],[-64.82949988468991,-68.1274691710122],[-64.85347774927337,-68.08313079210578],[-64.88474199080991,-68.05636240017853],[-64.9588718329326,-68.06752450955355],[-65.2180549790925,-68.14007822049139],[-65.38750200057757,-68.15041350694979],[-65.54625200057822,-68.14669280382472],[-65.63952796086505,-68.13056975694971],[-65.55118709986203,-68.04830087674102],[-65.46946082219242,-68.00944019965759],[-65.52785519068232,-67.92996184679258],[-65.60007300481016,-67.87570159288616],[-65.58927263046115,-67.81632537218277],[-65.57407975936732,-67.7883684223129],[-65.41809444849436,-67.65959075304157],[-65.44677486841636,-67.61018808377048],[-65.47083024764822,-67.58786386502044],[-65.50390316431495,-67.52822926215562],[-65.52343685572131,-67.44461679470734],[-65.50317969426291,-67.37723072699875],[-65.44315751815589,-67.32617441189441],[-65.35013994003049,-67.31098154080058],[-65.24854407414472,-67.3419874001757],[-65.07961381698252,-67.33537281684235],[-64.81931962752839,-67.30736419054011],[-64.82650265161698,-67.26912363064412],[-64.8582836574765,-67.2427686501753],[-65.02692969426096,-67.21403655382099],[-64.95088782414349,-67.18323740017505],[-64.83874996607014,-67.15605559678949],[-64.78552324080951,-67.1237061501748],[-64.85409786646085,-67.104792575956],[-64.87812740747648,-67.0244874001744],[-64.79340389673405,-66.97198414496587],[-64.73544877791866,-66.8941594379343],[-64.6863044908091,-66.80620615017358],[-64.60692949080877,-66.79959156684016],[-64.55401282414195,-66.85178476345494],[-64.40097306990953,-66.85333505642372],[-64.04262285018152,-66.92723235460113],[-63.839637824139004,-66.91203948350733],[-63.75475928409969,-66.87297210069462],[-63.76904781762832,-66.80320891710065],[-63.808786994060796,-66.76093759548587],[-64.07776282414,-66.65407073350626],[-64.01505347355385,-66.60663176866233],[-63.96438473169164,-66.5887517230893],[-63.88043636743353,-66.50596607855776],[-63.7557152980971,-66.40902109157821],[-63.654429490804944,-66.38287281683854],[-63.687579922120165,-66.31982756944248],[-63.75253719751112,-66.27776295355685],[-63.58663001163805,-66.24169280381717],[-63.44857642277029,-66.24375986110881],[-63.25755449080342,-66.26381031683808],[-63.179548916258796,-66.35253875108319],[-62.99676937524247,-66.45284270616176],[-62.704797532793386,-66.68011565538137],[-62.62891069197278,-66.70616057725647],[-62.53656490746724,-66.70698740017318],[-62.54317949080058,-66.62099781683952],[-62.655084804928556,-66.55609221788087],[-62.63759233259785,-66.51118539821927],[-62.617955288326925,-66.48963632595357],[-62.61539730492839,-66.43578948350537],[-62.65033057315774,-66.36364918402592],[-62.75484615746806,-66.31011240017155],[-62.68208574080114,-66.23735198350464],[-62.582866990800746,-66.21750823350456],[-62.4941643947717,-66.21936858506704],[-62.241285773351386,-66.19704436631693],[-62.11651302758267,-66.20892994574407],[-61.87546830915724,-66.29605641058816],[-61.842033657464384,-66.40271656683862],[-61.756044074130735,-66.42917490017203],[-61.69651282413049,-66.34318531683837],[-61.67566138370074,-66.24954762152552],[-61.52616146508032,-66.22567310980665],[-61.431929490796115,-66.14474781683757],[-61.29302324079552,-66.16459156683764],[-61.14977617048243,-66.21172047308785],[-61.134273240794876,-66.29026865017147],[-61.02843990746115,-66.33657073350496],[-60.9424503241275,-66.26381031683808],[-60.90276282412731,-66.19104990017107],[-61.009319627513094,-66.11053801866038],[-60.955679490794154,-66.07198740017057],[-60.856460740793835,-66.06537281683724],[-60.74401282412665,-66.10506031683741],[-60.62861935081895,-66.034521986759],[-60.614899258045426,-66.04160165798302],[-60.598414476144285,-66.09916920355612]],[[-62.171936001215734,-69.63662769966407],[-62.085171271397655,-69.72943857206022],[-61.997631395095254,-69.7218938129456],[-61.97013953311597,-69.69140471789339],[-61.90784359398814,-69.58763844185138],[-61.91138342960006,-69.53337818794486],[-61.80720374209966,-69.51467131945523],[-61.78369096540689,-69.44191090278824],[-61.815988735589286,-69.37617848091297],[-61.978381924066525,-69.30042083117314],[-62.11793412947065,-69.21474130643321],[-62.238960333898326,-69.17577727648509],[-62.44215206566997,-69.14601165148501],[-62.51589433455044,-69.15458993924543],[-62.5677257961392,-69.18042815539135],[-62.49628312849572,-69.28822519315224],[-62.216067674393,-69.49493092231972],[-62.171936001215734,-69.63662769966407]]]},"properties":{"featurecla":"Ice Shelf","scalerank":0,"min_zoom":0}},{"type":"Feature","geometry":{"bbox":[-61.233181932201546,-65.21503712347447,-59.69919287783341,-64.76793263128522],"type":"Polygon","coordinates":[[[-59.99116472028249,-65.06605396917703],[-59.79086686871921,-65.09654306422925],[-59.841561448797506,-65.12636036566161],[-59.69919287783341,-65.20103281032338],[-59.72699479840651,-65.21503712347447],[-60.00274024111591,-65.16186207464611],[-60.060721198147405,-65.10910043727615],[-60.337913580960986,-65.06677743922907],[-60.476819830961546,-65.0945276833698],[-60.850853847890086,-65.08135019313542],[-60.93281266950505,-65.09886850368233],[-61.23253597679789,-65.0096749815466],[-61.233181932201546,-65.00838307073928],[-61.05985917829462,-64.98130462021831],[-60.9153977118227,-64.90689055771799],[-60.7155907863662,-64.76793263128522],[-60.70491960309786,-64.77997324000924],[-60.654276699451856,-64.84089975368127],[-60.560483974842136,-64.89221445094714],[-60.30018978538789,-64.96094410589535],[-60.08986670596002,-64.96642180771832],[-60.00666764997005,-65.02569467555702],[-60.021757168199294,-65.04672698349984],[-59.99116472028249,-65.06605396917703]]]},"properties":{"featurecla":"Ice Shelf","scalerank":0,"min_zoom":0}},{"type":"Feature","geometry":{"bbox":[-62.30505449079959,-66.11958139431147,-60.827056850819666,-65.52421721787672],"type":"Polygon","coordinates":[[[-60.86987077497355,-65.91018849066478],[-60.827056850819666,-65.93225432725337],[-60.91281389020808,-65.9208855121492],[-60.9881581284896,-65.94021249782631],[-61.039291958242416,-65.99199228298278],[-61.13763220889382,-65.98863331488383],[-61.19819698753994,-65.97452564886817],[-61.266125657787626,-65.98000335069105],[-61.3591690741292,-66.05875823350391],[-61.57473731143469,-66.07147063584767],[-61.62481177432545,-66.09472503037901],[-61.83906226260765,-66.11958139431147],[-62.005072801345285,-66.11291513454574],[-62.169145473871964,-66.03136972438921],[-62.29329810245321,-65.91644133897209],[-62.30505449079959,-65.84047698350301],[-62.22244971378101,-65.77505462022148],[-62.15059363467918,-65.69878020615866],[-61.99145606143631,-65.58912281683537],[-61.756044074130735,-65.56927906683529],[-61.77420834008129,-65.54809172959561],[-61.70103451195598,-65.54468108506437],[-61.64909969750275,-65.52421721787672],[-61.51696306013236,-65.57232797634052],[-61.275324062735564,-65.59925139756453],[-61.233156093985464,-65.6424528949606],[-61.28204199893347,-65.65604379665328],[-61.27749447289178,-65.73247324001296],[-61.30426286481904,-65.75402231227875],[-60.86987077497355,-65.91018849066478]]]},"properties":{"featurecla":"Ice Shelf","scalerank":0,"min_zoom":0}},{"type":"Feature","geometry":{"bbox":[-73.40592729357834,-71.38835540149395,-72.21171078152932,-71.14961028430551],"type":"Polygon","coordinates":[[[-72.4301212226109,-71.2749773090456],[-72.21171078152932,-71.33502532336873],[-72.62158240425236,-71.38835540149395],[-72.82107927111514,-71.38354949329081],[-73.01977515327734,-71.36861500435845],[-73.3974523586825,-71.32117603951451],[-73.40592729357834,-71.32158945097291],[-73.40187069364345,-71.31523324980094],[-73.28288570829142,-71.27254851672784],[-73.2803018866768,-71.22361093534744],[-73.24056271024435,-71.18940113717025],[-73.12878658719703,-71.18211476021708],[-73.10144975451462,-71.15519133899306],[-73.03540727404564,-71.14961028430551],[-72.9945828925351,-71.18650725696189],[-72.90549272326385,-71.22314584745683],[-72.4301212226109,-71.2749773090456]]]},"properties":{"featurecla":"Ice Shelf","scalerank":0,"min_zoom":0}},{"type":"Feature","geometry":{"bbox":[125.89849653534391,-67.05104908637247,127.91310224824264,-66.24577524196818],"type":"Polygon","coordinates":[[[126.51349775604956,-66.37315764756761],[126.6822729839148,-66.40416350694281],[126.73281253469624,-66.39325977972922],[126.82345299693617,-66.44250741970336],[126.85218509329046,-66.45082732530231],[126.95507286998355,-66.5096867816828],[127.36962120982895,-66.57624602647469],[127.43333825084488,-66.71349863064194],[127.59467207246014,-66.75432301215253],[127.67683759980423,-66.82708342881944],[127.63787356985615,-66.92139291775214],[127.81533043834641,-66.93214161566885],[127.9113452495447,-67.02629607530469],[127.91310224824264,-67.03089527777865],[127.54113528860573,-67.05104908637247],[127.36538374238108,-66.98960580837745],[126.87357913625931,-66.75933562608482],[126.66475467336778,-66.49754282009421],[126.42368411672624,-66.46240284613573],[126.07709028534465,-66.39553354275003],[125.89849653534391,-66.36928191514578],[125.95001793833895,-66.30277434678608],[126.18524905813153,-66.24577524196818],[126.3746431824813,-66.25073617946816],[126.44528486542424,-66.27285369248914],[126.42327070526795,-66.30742522569236],[126.43644819550231,-66.35424407334881],[126.51349775604956,-66.37315764756761]]]},"properties":{"featurecla":"Ice Shelf","scalerank":0,"min_zoom":0}},{"type":"Feature","geometry":{"bbox":[-83.7790409003907,-83.4584196919068,-23.40686031746688,-74.4412956684333],"type":"Polygon","coordinates":[[[-61.99458248559003,-74.47581552520421],[-61.640030483635464,-74.51353932077731],[-61.40833919945484,-74.51204070424083],[-61.484561937085374,-74.57059010202751],[-61.42869971377783,-74.5908472634859],[-61.491744961173886,-74.63337696726214],[-61.4611525132572,-74.69192636504889],[-61.64522396508082,-74.83656869903379],[-61.38728105329594,-74.89139739369548],[-61.03208309593774,-74.96705169057083],[-60.663371751535216,-75.04549651478986],[-60.26908057314822,-75.18528126413935],[-59.7503525458024,-75.28325977976473],[-59.14000220400311,-75.39854990020795],[-58.50890377463853,-75.51776742950533],[-57.818971727109755,-75.64809539174539],[-57.26536210796692,-75.75268849070412],[-56.60447221538615,-75.8775387511213],[-56.0491572739777,-75.98244190867376],[-55.43741166850651,-76.09793873484614],[-54.78915666362104,-76.22030852651329],[-54.31740251322859,-76.30945037221676],[-53.909391242068125,-76.44809824005587],[-53.38208492696185,-76.62731210724407],[-53.004226854043594,-76.75567636505708],[-52.770313483274464,-76.8351030414897],[-52.57621680358616,-76.86822763458882],[-52.31987586120235,-76.87344695425026],[-52.1067105779984,-76.8778394509951],[-52.00263424336248,-76.85117441193252],[-51.73918779153854,-76.93866261180264],[-51.59046301940256,-77.02480722443316],[-50.69439368346147,-77.17833790477238],[-50.70968990741986,-77.09322682078763],[-50.60995439309656,-77.03323048289678],[-50.614708624867404,-77.00646209096955],[-50.406039191272875,-76.98842701609966],[-50.27240393736602,-77.05033538198538],[-50.105075649604885,-77.18298878367864],[-50.03603593606297,-77.22128102000691],[-50.1207852850217,-77.25631764110072],[-50.4342545233042,-77.2523902322466],[-50.104145473823706,-77.38829924917422],[-50.05350257017767,-77.45992278433079],[-49.67946855324905,-77.61505543407094],[-48.81771236834982,-77.7382520486548],[-48.77099687355792,-77.74910409943611],[-48.65668860532827,-77.77297861115488],[-48.309733038920626,-77.73995737092042],[-47.5346899074072,-77.81711028433216],[-47.52476803240711,-77.82470671987906],[-47.69209632016825,-77.84010629670203],[-49.08126217303834,-78.04748381948936],[-49.143687303246935,-78.09388925568743],[-49.35421708840397,-78.2224602192296],[-49.9398144191355,-78.46223886506391],[-50.14166256366764,-78.55670338329347],[-50.21964229999608,-78.60522755321557],[-50.294211391793176,-78.69597136832007],[-50.37741044778315,-78.78051401154954],[-50.3354491847621,-78.81828948355495],[-50.241966518746096,-78.8332756489196],[-50.29782874205367,-78.88226490673229],[-50.379787563668515,-78.92288258251365],[-50.5025190903618,-78.94990935660232],[-50.51373287616909,-78.97983001089936],[-50.502415737497216,-79.02173959748804],[-50.52034745950243,-79.10437021272273],[-50.57331580260163,-79.17222136832194],[-50.649021775909176,-79.23283782340033],[-50.73309933124807,-79.28275725699432],[-50.4639167954397,-79.31329802847881],[-50.419578416533255,-79.32125619905175],[-50.37870235859046,-79.33815439241118],[-50.33136674661111,-79.38145924267175],[-50.29493486184532,-79.4297250304324],[-50.33927324075174,-79.47954111116171],[-50.40159501809575,-79.51168385204734],[-50.664421352732234,-79.62671559032903],[-51.183872850130086,-79.81967538850687],[-51.71138587096553,-79.98989755647628],[-52.2971899074262,-80.14120615022688],[-52.338117641801375,-80.12606495556535],[-52.357134568884845,-80.07785084423708],[-52.461004197791425,-80.0665853819974],[-52.566811692909056,-80.09903818147677],[-52.80723629414703,-80.15598560986238],[-53.05347449401782,-80.17500253694575],[-53.17643856465634,-80.1608948709301],[-53.34653154154498,-80.11448943473202],[-53.39391882995662,-80.1088050271799],[-53.48236304382423,-80.18895517366455],[-53.676123826702565,-80.28367807405556],[-54.04493852396965,-80.48748992301478],[-54.129610358279905,-80.51648040153043],[-54.347219814660946,-80.56939706819733],[-54.371636928918925,-80.62365732210385],[-54.350837164921444,-80.76034148551582],[-54.24136064311102,-80.84695118603705],[-54.202138231001555,-80.86384937939647],[-54.162554083865956,-80.87010222770378],[-49.77310624856199,-80.78416432080242],[-49.70132768410858,-80.7532618142918],[-49.629704148952015,-80.71228240348442],[-49.41049272316994,-80.66691049593213],[-49.187508917830485,-80.64277760205181],[-43.527957729656805,-80.19138396598231],[-43.489407111167,-80.17799977001869],[-43.453802049317915,-80.1550554340811],[-43.458866339682515,-80.12301604606013],[-43.49002722835456,-80.09552418408086],[-43.75827958838164,-80.02054168082535],[-43.7422598943711,-80.00297169384615],[-43.70370927588138,-79.99015593863771],[-43.60030473486541,-79.97392953889812],[-43.49581498877117,-79.96933033642415],[-43.267301805176544,-79.97863209423667],[-43.06597042496739,-79.891402276528],[-42.99000606949838,-79.80127857861096],[-42.944685838378376,-79.57912159618823],[-42.96540808772747,-79.47706064241176],[-43.11873206233744,-79.35003997183833],[-43.21056108252009,-79.30001718537977],[-43.26725012874425,-79.16312631623856],[-43.36367835140089,-79.0847331684518],[-43.450649786948134,-78.98964853303478],[-43.544339158693276,-78.90190195100321],[-43.62738318538638,-78.84614308056024],[-43.722106085777284,-78.8184445128518],[-44.04115637874736,-78.80666228628922],[-44.5663439601297,-78.80428517040386],[-45.09163489437657,-78.81431039826842],[-45.222686326668764,-78.81069304800803],[-45.352394171721386,-78.79121103303396],[-45.29482662614822,-78.73984465933589],[-45.21307451026243,-78.68703134553357],[-45.06786373552234,-78.66145151154906],[-43.94726030127305,-78.59752776480408],[-43.85233069515289,-78.52988331493395],[-43.788303595543255,-78.43257659292841],[-43.77672807470984,-78.38508595165219],[-43.784634568850464,-78.33635507600093],[-43.80861243343392,-78.28648731883925],[-43.85450110530911,-78.25847869253707],[-44.09402136898197,-78.16732146597417],[-44.101669480961164,-78.1649960265211],[-44.0984138657268,-78.16453093863049],[-43.66247148291248,-78.17290252066172],[-43.33794348811952,-78.17910369253676],[-42.96437455908159,-78.13714242951579],[-42.665529751137655,-78.10355274852607],[-42.448798794105585,-78.11549000438542],[-42.052440558426866,-78.09115040477603],[-41.881184861811676,-78.04355641063513],[-41.5227571274352,-78.02360930777047],[-41.46994381363294,-78.06422698355192],[-41.40338456884098,-78.02650318797883],[-41.24370439305912,-78.04583017365601],[-41.21569576675685,-78.02360930777047],[-41.00485592300609,-78.0009750304267],[-40.699241502431846,-78.01120696402043],[-40.27673499201353,-78.09642140086976],[-39.85712236180353,-78.12463673290108],[-39.21891842299894,-78.1676832010002],[-39.10057939305051,-78.16484099722422],[-38.854599575341155,-78.14964812613042],[-38.1362971664841,-78.19502003368261],[-38.178775193828045,-78.1968287088129],[-38.13257646335913,-78.21362354930775],[-37.42517778171572,-78.22339039501088],[-36.54073564304025,-78.23563770946407],[-36.063865525850844,-78.24225229279739],[-36.02769202324657,-78.22452727652134],[-35.90077470553774,-78.18721689240655],[-35.76026648613612,-78.20080779409932],[-36.18091264499196,-78.46838836050665],[-36.26561031751831,-78.61551116324159],[-36.2391519841849,-78.77426116324226],[-35.890129360485616,-78.84350758251333],[-35.51599199069241,-78.9330111632429],[-34.994990200325816,-78.97755624787848],[-34.197416144333005,-79.11026132600402],[-32.9942337712813,-79.22880706168154],[-32.54185828299822,-79.2221924783482],[-31.412831590285407,-79.14519459423335],[-30.985209113070113,-79.12793466584787],[-30.645281541454214,-79.12416228629053],[-30.315999314890316,-79.16312631623856],[-30.177971564238764,-79.30430632926003],[-30.211302863067036,-79.48527719514612],[-30.049142218535142,-79.58537444449553],[-29.949303351347282,-79.59906869905288],[-25.25868526864616,-79.762521254392],[-24.670452439867745,-79.77461353954831],[-24.533923305752637,-79.75787037548574],[-24.299880743902747,-79.77084115999105],[-24.08826575366757,-79.81481780387145],[-23.40686031746688,-79.85900115348102],[-23.57444698738948,-79.96483448681474],[-24.01984615731311,-80.00896615999201],[-24.240297817470207,-80.06188282665885],[-29.32913448741246,-80.17210865673741],[-29.531551072699784,-80.18182382600833],[-29.79737464040912,-80.22337167757098],[-30.425346645619985,-80.27964731233685],[-31.01549150239319,-80.30812102652962],[-31.312114223748523,-80.4500761860354],[-31.634265102656002,-80.44465016064481],[-32.255725877398135,-80.46077320751982],[-32.70624101411872,-80.5138965799159],[-33.057227342245085,-80.53167327262425],[-33.1913793604748,-80.51865081168674],[-33.32873531750653,-80.5404065896816],[-34.34996497245865,-80.60345183707767],[-35.327011277801006,-80.65068409619244],[-35.52059119316641,-80.74566537874489],[-35.77592444512055,-80.81274138785976],[-35.96578365736087,-80.89087615348507],[-36.23398434095566,-80.92048674918837],[-36.49954952650364,-80.95955413200097],[-36.81245032403095,-80.9746953266625],[-37.20927364760021,-81.06383717236605],[-38.0109301417441,-80.95428313590725],[-38.771710577945015,-80.88234954215696],[-39.76234778498025,-81.03200449007423],[-40.440859340972565,-81.1651229796581],[-40.9145255193599,-81.17235768017889],[-41.125933803865934,-81.21483570752284],[-41.433873663893166,-81.29772470491898],[-41.71158281102965,-81.40769215283609],[-42.04629106298421,-81.59786142367024],[-42.56455400243934,-81.76162403760318],[-43.180433722493895,-82.01716399528648],[-43.669344448407344,-82.27006845492288],[-44.064204067549525,-82.33140838005332],[-44.29183875179524,-82.31781747836064],[-44.454929572108426,-82.36592823682433],[-45.043782518074295,-82.4379651834392],[-45.78859493669708,-82.49496428825711],[-46.175341355969465,-82.51165577588739],[-46.51676754412185,-82.4545533182049],[-46.44834794776739,-82.33983163851696],[-46.19854407406851,-82.27110198356874],[-46.04640865740126,-82.15865406690159],[-46.11916907406817,-82.03959156690118],[-46.25807532406873,-81.94698740023411],[-46.56668697771582,-81.97923349398422],[-47.01988928891552,-82.00321135856768],[-47.360333624854405,-82.0040381814843],[-47.88686479347629,-81.92517994580696],[-48.36078935402506,-81.89231373486929],[-50.02931799986504,-81.9676579731509],[-50.653052537627985,-81.97546111442696],[-51.20971106627604,-82.0152519672917],[-51.73066118021043,-82.06150237419291],[-52.41501217305168,-82.13488290804737],[-52.79889055033189,-82.15358977653702],[-53.3391159735111,-82.14449472445364],[-53.55760392924117,-82.16940276481839],[-53.739608323773126,-82.1783944640371],[-53.98610490580535,-82.20061532992264],[-54.60113196472711,-82.31616383252731],[-55.29470720073249,-82.46483692823101],[-55.80069698751842,-82.47842782992377],[-56.07507300477212,-82.57020517367414],[-56.31790056011155,-82.63335377393479],[-57.35362545432145,-82.84026620883142],[-57.55715308290295,-82.8901856424254],[-57.79775855165397,-82.95855356234749],[-58.28995073101788,-83.12066253044718],[-59.51602576357488,-83.4584196919068],[-59.85383460146687,-83.44239999789635],[-60.39705725771901,-83.44074635206302],[-60.983248867421906,-83.42751718539627],[-61.425314907462685,-83.39558115023989],[-61.58985266788006,-83.34121754346887],[-61.53060563825744,-83.27936085401545],[-61.43634782575711,-83.2324386534945],[-61.30325517438934,-83.18417286573384],[-61.200419074128554,-83.09792490023875],[-61.21842831078223,-82.99183318474347],[-61.31286699079562,-82.9391749002381],[-61.70896684431282,-83.00997161247793],[-61.916990322503814,-82.97669199008195],[-62.128656989171276,-82.82233448682621],[-62.46558732771425,-82.718206475758],[-62.63095191104833,-82.6206930480233],[-62.73567420108773,-82.5273137348719],[-62.553023851152176,-82.50333587028844],[-62.094550543858674,-82.4666456033612],[-60.81723832868426,-82.275752862475],[-60.527746954985226,-82.1998918598705],[-60.68711707217333,-82.18857472119862],[-60.85909623884063,-82.18676604606841],[-61.90166826032921,-82.27110198356874],[-62.645343797441534,-82.26304046013124],[-63.46635311547872,-82.30686207471469],[-63.77289771183408,-82.30427825310015],[-64.3965805731647,-82.37445484815254],[-64.91962358260695,-82.37052743929831],[-65.17015092635796,-82.31823088981895],[-65.42445064966626,-82.28035206494899],[-65.57196102564339,-82.29435637810008],[-65.71401953801376,-82.27916350700625],[-65.91323218449892,-82.18320037224022],[-65.7866507636,-82.04553435661477],[-65.84385657414705,-81.99328948356761],[-65.95307471379596,-81.97101694124986],[-66.1338647121691,-81.95344695427058],[-66.04229407414789,-81.91391448356728],[-65.91622941757186,-81.90223560986936],[-64.70614824080917,-81.88745615023387],[-64.13716488305957,-81.8693177224994],[-64.19021074080715,-81.79485198356687],[-64.81058631047102,-81.80270680127524],[-65.26378862167081,-81.78565357861893],[-65.4866690741456,-81.7750082335668],[-65.61973588729717,-81.72927459098848],[-65.02158118351875,-81.69646005648309],[-64.6961488511607,-81.65232838330581],[-64.47569719100358,-81.67165536898301],[-64.23268876815109,-81.65971811312357],[-63.76866024438621,-81.67609954216013],[-63.553996344645725,-81.6672111958059],[-62.9459197658673,-81.68395435986848],[-62.54188757999328,-81.67826995231634],[-62.16539893253079,-81.63615365999853],[-62.353733690018544,-81.57662240999827],[-62.49026282413365,-81.55677865999819],[-63.47777360701519,-81.55321298617],[-64.75017656112186,-81.521690362472],[-65.5737180243413,-81.46050546663842],[-67.96543250188998,-81.14827646273095],[-68.14376786972917,-81.13039641715793],[-68.28463782415682,-81.07386240023061],[-68.32659908717787,-81.00404754020427],[-68.58989050970493,-80.96797739046461],[-69.18161149766308,-81.00492603955328],[-69.63401282416226,-80.96585865674058],[-69.77227311875919,-80.96151783642813],[-70.01249101426791,-80.91774789827687],[-70.23914384630012,-80.85661467887559],[-70.3924678209101,-80.73548512158345],[-70.56005449083258,-80.64654998160916],[-70.6879278225388,-80.62629282015067],[-71.01767513699329,-80.61900644319759],[-71.23065955268427,-80.64675668733831],[-71.38005611844,-80.68225839632282],[-72.17359941271411,-80.76390715934394],[-72.55324032254629,-80.85310068147976],[-73.02949032254826,-80.91728281038627],[-73.38337053088296,-80.89361500439655],[-73.93788448759088,-80.81594532666185],[-74.51115698922084,-80.83801116325053],[-74.80661699084965,-80.88648365674032],[-75.07561865914496,-80.86002532340683],[-75.23656490751793,-80.80266448356289],[-75.34459448922416,-80.71894866325005],[-75.49453365751899,-80.61745615022883],[-75.55504675973282,-80.5308981261399],[-75.70904252796262,-80.38269011832682],[-75.82244645862707,-80.33819671012353],[-75.98564063180484,-80.29499521272754],[-76.25962907581635,-80.1600163715811],[-76.40734615752265,-80.09490406689338],[-76.75716976592255,-80.1312325987946],[-77.16045264352826,-80.15288502392488],[-78.17607540557663,-80.16683766064367],[-78.90716773142594,-80.08968474723186],[-79.66042924672843,-79.99687387483571],[-78.69227128774011,-79.99537525829925],[-77.70189246286641,-80.0095346007472],[-77.2223093329817,-79.99413502392423],[-76.90403418649595,-79.95532602327306],[-76.55787960478892,-79.90349456168433],[-76.34399085153285,-79.8209156228819],[-76.03163265654459,-79.62707732535506],[-76.10516821969594,-79.4651233865523],[-76.21771948922768,-79.38719532665615],[-76.49914933948921,-79.32564869579656],[-79.455687221988,-79.3044096821246],[-80.15120032420435,-79.2680811502234],[-80.41578365753875,-79.2945394835568],[-80.48854407420563,-79.3209978168903],[-80.47877722850251,-79.42621103303657],[-80.53484615753914,-79.5128207335577],[-80.70478410513101,-79.51716155387022],[-80.8920336575406,-79.50181365347954],[-81.16323157420834,-79.40037281689062],[-81.2221943834534,-79.29789845165584],[-81.50295244009519,-79.16286793407711],[-81.6609014553953,-79.09982268668105],[-82.58921688508642,-78.91626799918032],[-82.97079566112967,-78.81673919058618],[-83.26005449088345,-78.77426116324226],[-83.59517615429624,-78.61106699006456],[-83.69666866731745,-78.53727304475171],[-83.76276282421873,-78.46110198355348],[-83.70594458691386,-78.40415455516785],[-83.54448157421791,-78.35526865021973],[-83.35498409700362,-78.40756519969909],[-83.22698157421661,-78.40157073355331],[-83.24594682486779,-78.35702564891764],[-83.50828223339738,-78.24809172964639],[-83.68778032096321,-78.14804615672936],[-83.75211747916669,-78.06629404084357],[-83.7790409003907,-77.98361174917659],[-83.41208655468611,-78.1146631814688],[-83.08252010774467,-78.24664478954222],[-82.60849219433132,-78.4124227843346],[-81.92930884471926,-78.55908049917886],[-80.81635352244916,-78.75431406037758],[-80.29230282257726,-78.82273365673204],[-79.76659847687199,-78.82066659944041],[-78.71164994984957,-78.75209197378908],[-77.86916907419516,-78.74552906688794],[-77.54505449086054,-78.65953948355428],[-77.45245032419353,-78.5603207335539],[-77.43260657419347,-78.43464365022005],[-77.66481462269695,-78.40146738068866],[-77.85813615590084,-78.35092782990719],[-79.50968909373299,-78.15435068146897],[-81.44104407420946,-77.8856332335512],[-81.58095801463972,-77.8460490864156],[-81.1031577216691,-77.84181161896765],[-80.88854549836088,-77.79762826935819],[-80.60161210806028,-77.75199797964444],[-80.10414893260253,-77.79654306428003],[-79.6790069241373,-77.8425350890198],[-77.74217424183794,-77.94030689891602],[-76.43786109079105,-78.04417652782269],[-75.39849300810457,-78.15786467886478],[-74.81206885445644,-78.17781178172945],[-74.04216752795597,-78.10939218537499],[-73.4850180732011,-77.97079599396825],[-73.2515956285387,-77.89421152131169],[-72.8751586575085,-77.6938103168838],[-72.85200761584176,-77.59025074657087],[-73.47827429878703,-77.53557708120604],[-74.58063595243726,-77.47806121206523],[-75.38694332548735,-77.47423715607559],[-75.7481615872075,-77.39847950633576],[-75.9372714911797,-77.33445240672611],[-76.24859615752209,-77.27492115672587],[-76.82359981963376,-76.99343963003204],[-77.16802324085907,-76.83391448354698],[-77.28708574085957,-76.70162281687982],[-77.19003740101539,-76.62979257599412],[-76.24420366077717,-76.58535084422311],[-75.96285132516411,-76.59212045685331],[-75.83136064319748,-76.6082435037284],[-75.6593039618817,-76.60819182729611],[-75.44352901884693,-76.586746107895],[-75.26837175159363,-76.58142343536889],[-73.87982601591102,-76.69676523224439],[-73.47178890653436,-76.67547454214014],[-72.72232560900534,-76.68901376740062],[-71.79871273465267,-76.75278248484872],[-70.89502112494858,-76.73934661245283],[-70.55077857123624,-76.71805592234857],[-70.21015336778439,-76.67413095490053],[-70.0955608791771,-76.6545455870619],[-69.91531348334303,-76.52194386180093],[-69.30444637722084,-76.35073984161795],[-67.51825049505226,-76.1097209614087],[-66.37046525741741,-76.01339609161666],[-65.96570960149134,-75.9516944314601],[-65.32176957870232,-75.815165297345],[-65.04439632837565,-75.78746672963658],[-64.7783143785048,-75.73816741323014],[-64.05267391626228,-75.57957244252634],[-63.36338782413716,-75.45146656687479],[-63.25755449080342,-75.39854990020795],[-63.30385657413691,-75.35224781687437],[-63.47487972680682,-75.33627979929622],[-63.678459031820694,-75.32795989369727],[-63.97249793156143,-75.32940683380136],[-64.27958513045596,-75.29287159617108],[-63.85751786971204,-75.20615854278529],[-63.55143836124728,-75.17148365671741],[-63.231096157470006,-75.15381031687365],[-63.17321855330309,-75.11474293406096],[-63.33692949080373,-75.03474781687316],[-63.5710237290859,-75.03030364369604],[-63.92474890812378,-75.00446542755012],[-63.75090938989397,-74.95237558379989],[-63.55880225284884,-74.905660089008],[-63.35703162296525,-74.87832325632559],[-63.198023240803174,-74.90907073353934],[-63.12526282413618,-74.84953948353909],[-63.16794755720927,-74.76458342885121],[-63.178179490803075,-74.68417490020502],[-63.07234615746936,-74.67756031687169],[-62.8871378241353,-74.69078948353844],[-62.70854407413456,-74.73709156687192],[-62.5667956203579,-74.89584156687258],[-62.372466396724384,-74.95211720163846],[-62.13782955590313,-74.92638233835709],[-61.928023240798034,-74.86276865020577],[-61.85526282413113,-74.7767790668721],[-61.894433559808334,-74.71306202585619],[-62.13276526553846,-74.5499712055431],[-62.22567949079928,-74.50558115020438],[-62.23534298363782,-74.4412956684333],[-62.088866136306535,-74.45281951283434],[-61.99458248559003,-74.47581552520421]],[[-69.97192501491881,-78.80940113720072],[-70.54403479682213,-78.88371184683646],[-70.6259161037886,-78.90159189240947],[-71.25453406440315,-79.05967009879029],[-71.45403093126592,-79.12891651806137],[-71.6675321112798,-79.24565357860868],[-71.78357153999116,-79.44434946077095],[-71.77775794135835,-79.50057341910453],[-71.7352282375821,-79.53860727327135],[-71.68667822944383,-79.5680628396777],[-71.52580949571924,-79.62366668082383],[-71.41403337267192,-79.64025481558951],[-70.98377539740983,-79.67436126090212],[-70.55256140815024,-79.68304290152719],[-70.33409929063637,-79.679838962725],[-70.11636064317457,-79.6659896788708],[-69.7317587958423,-79.6183440082977],[-69.63450375026906,-79.51752328889626],[-69.68651607937076,-79.44336760855745],[-69.3944408840571,-79.27976002392138],[-69.25090959336646,-79.21030689892106],[-68.63794959173634,-79.01316130972755],[-68.15704871282821,-78.87084441519573],[-67.48096594915364,-78.6823804666273],[-67.16641150579298,-78.56957081493411],[-67.04618628606597,-78.51412200308496],[-66.78705481633835,-78.42172454214713],[-66.7280920070933,-78.3836906879803],[-66.84022986516672,-78.34968759553226],[-67.03815060084455,-78.31573617951643],[-67.47851131861978,-78.36250335074061],[-69.39829077826286,-78.68615284618465],[-69.74770097520434,-78.76914519644538],[-69.97192501491881,-78.80940113720072]],[[-68.16149288600533,-79.47850758251593],[-67.43435380722633,-79.50114185985979],[-67.2619612291007,-79.45266936636997],[-67.30490434433526,-79.39406829215102],[-67.23953365748599,-79.32761240022363],[-67.17297441269412,-79.3114893533486],[-67.06866553411294,-79.2684945616817],[-67.47453223333329,-79.22291594840033],[-67.71418168808682,-79.21402760204612],[-68.03258602565322,-79.22715341584819],[-68.2330389065134,-79.28492766715053],[-68.32437700058935,-79.29826018668186],[-68.42230383978236,-79.33324513134349],[-68.54896277532976,-79.43737314241159],[-68.4081444973344,-79.46393482860958],[-68.16149288600533,-79.47850758251593]],[[-67.7191943020191,-79.62025603629247],[-67.07726966008954,-79.76179778433998],[-66.99365719264125,-79.79332040803803],[-66.96236711288853,-79.87269540803837],[-66.90420528834397,-79.9089205870749],[-66.41041113957903,-79.97330942171057],[-66.3669254218054,-80.05433806754422],[-66.31951229517765,-80.07511199332559],[-66.26718990748212,-80.08146819449749],[-66.17365556503384,-80.07779916780478],[-65.98942908391325,-80.0539763325182],[-65.89904700383477,-80.04048878369001],[-65.50447160507022,-79.95434417105949],[-65.5395857408125,-79.83693531689232],[-65.57927324081268,-79.77078948355876],[-65.87031490748046,-79.73771656689192],[-66.01418209498104,-79.62439015087585],[-66.27380449081542,-79.61198780712581],[-66.78524614120815,-79.6080087218393],[-66.88131262883877,-79.58227385855803],[-66.97895524765423,-79.56868295686525],[-67.43825537786435,-79.56036305126621],[-67.68795589869876,-79.52842701610982],[-67.80877539739717,-79.54589365022453],[-67.77079321966261,-79.58940520621425],[-67.7191943020191,-79.62025603629247]],[[-61.71687333845347,-80.06932423290888],[-61.69436825219038,-80.1343848611644],[-61.597500779859246,-80.20585336702399],[-61.48479448103063,-80.24383554475853],[-61.194011196524364,-80.25665129996696],[-61.31286699079562,-80.30657073356086],[-61.633312547437555,-80.3440878234048],[-62.23188066267428,-80.36868580517573],[-62.518839891191085,-80.37333668408199],[-65.98010148788462,-80.38449879345701],[-66.11551957870546,-80.36124439892569],[-66.16766109888798,-80.34615488069645],[-66.21742550318498,-80.25814991650344],[-66.29581865097182,-80.23474049267516],[-66.37700232610234,-80.22228647249283],[-66.48268063013921,-80.22445688264914],[-66.58843644882458,-80.2385645486648],[-66.68114396835614,-80.26047535595652],[-66.7711643134086,-80.29385833121708],[-66.73362138534856,-80.31855966585259],[-66.5914595201136,-80.35762704866528],[-66.18378414576298,-80.4420146625979],[-65.20286210799867,-80.60743092236417],[-64.26829383000018,-80.74850758252097],[-64.21997636580724,-80.73403818147928],[-64.12651953800744,-80.6678406717134],[-64.06505042179623,-80.650425714031],[-63.714968431234865,-80.61693938590585],[-63.14402136905818,-80.59482187288498],[-63.067566087482305,-80.6274813780934],[-62.98612403019035,-80.73460662223445],[-62.94039038761204,-80.76587086377108],[-62.670536058183814,-80.83423878369317],[-62.02339209659272,-80.88901580192257],[-60.58283403180826,-80.9481853168968],[-60.2682279120154,-80.88136768994339],[-60.124696621324745,-80.84069833772973],[-59.926388312404605,-80.7743457986669],[-59.82554175478708,-80.73326303499485],[-59.77135901552905,-80.65652353304145],[-59.77373613141441,-80.55807992952546],[-59.73394527854967,-80.3441394998371],[-59.68330237490364,-80.31530405061821],[-59.612428148015425,-80.25546274202424],[-59.53010759137445,-80.20797210074801],[-59.42662553570989,-80.1976884907219],[-59.32172237815746,-80.19618987418544],[-59.407841152571876,-80.15092131949781],[-59.49819739443416,-80.1150578754872],[-59.78779212099786,-80.10100188590383],[-59.78567338727385,-80.00105966585129],[-59.75244544131024,-79.93796274202293],[-59.706350063705905,-79.87527922965289],[-59.873342454657035,-79.77693897900149],[-60.57885494652184,-79.74102385855868],[-61.026347011953305,-79.80892669059017],[-61.11502376976617,-79.86220509228309],[-61.34314938011866,-79.88680307405403],[-61.34624996605617,-79.95062346793442],[-61.24625606957144,-79.97832203564295],[-61.302376675040335,-79.99578866975756],[-61.68421383324502,-80.01976653434103],[-61.71687333845347,-80.06932423290888]],[[-30.029040086373616,-79.93615406689273],[-29.800113491320584,-79.92592213329891],[-29.720790167752572,-79.92984954215314],[-29.614440070095924,-79.90959238069475],[-29.870910203560438,-79.82318938590268],[-30.660164353954286,-79.73306568798566],[-30.77995032400682,-79.64733448681343],[-30.86149573416338,-79.72588266389715],[-30.84082516124667,-79.77130624788164],[-30.985054083773264,-79.81843515413185],[-31.118844366976962,-79.7983846984026],[-31.60491288911433,-79.64469898876654],[-31.680463833125035,-79.63426034944365],[-32.0003409490117,-79.73244557079819],[-31.824124314896434,-79.84954436637155],[-31.594267544062205,-79.88768157340293],[-30.844442511507054,-79.93842782991354],[-30.42214270681788,-80.0108781879868],[-30.029040086373616,-79.93615406689273]],[[-32.3425422836485,-79.6735861144177],[-32.0012194483607,-79.6070785460581],[-31.956777716589702,-79.60377125439143],[-31.93347164562599,-79.56790781038083],[-32.15004757336126,-79.529873956214],[-32.3766487289611,-79.53462818798485],[-32.50087887219084,-79.5922990864226],[-32.583251105264026,-79.6583415668916],[-32.51493486177412,-79.68283619579793],[-32.3425422836485,-79.6735861144177]],[[-33.99474117688425,-79.27851978954635],[-34.39151282402128,-79.22291594840033],[-35.53469885918207,-79.09000416454563],[-35.59733069511981,-79.09186451610812],[-35.79029049329765,-79.14891529735831],[-36.04805253756956,-79.18116139110845],[-36.2378083969453,-79.1956824685825],[-36.565953741998726,-79.20880828238458],[-36.600783657363394,-79.28270558056202],[-36.48130774590459,-79.29402271923391],[-34.04998328300425,-79.35717131949455],[-33.9342280746705,-79.32037769970275],[-33.94719885917573,-79.30539153433809],[-33.99474117688425,-79.27851978954635]]]},"properties":{"featurecla":"Ice Shelf","scalerank":0,"min_zoom":0}},{"type":"Feature","geometry":{"bbox":[154.6376208844173,-68.88928313585897,155.2061133160601,-68.62082407010267],"type":"Polygon","coordinates":[[[155.1576408225704,-68.87243661893183],[155.1462720074661,-68.88928313585897],[154.9874186546009,-68.84132740669206],[154.865979038715,-68.77435475044186],[154.6376208844173,-68.66392221463414],[154.7691374046001,-68.62082407010267],[154.8754358258244,-68.62904062283712],[154.9905192405384,-68.71937102648332],[155.13846886619007,-68.76148731880113],[155.16611575746623,-68.811923516718],[155.2061133160601,-68.82861500434828],[155.1576408225704,-68.87243661893183]]]},"properties":{"featurecla":"Ice Shelf","scalerank":0,"min_zoom":0}},{"type":"Feature","geometry":{"bbox":[123.98006066294045,-66.70822763454811,124.88486331593879,-66.50560434353172],"type":"Polygon","coordinates":[[[124.88486331593879,-66.53113250108393],[124.87866214406388,-66.57960499457364],[124.79169070851664,-66.6251319314228],[124.69169681203181,-66.63841277452184],[124.79277591359472,-66.65593108506874],[124.81329145721465,-66.69510182074603],[124.59774905812513,-66.70822763454811],[124.37047610890549,-66.65221038194377],[124.19611982635274,-66.60074065538103],[123.98006066294045,-66.60771697374048],[123.99199791879988,-66.59247242621437],[124.04532799692504,-66.54265634548497],[124.33879845591059,-66.5151128070734],[124.50287112843733,-66.55097625108402],[124.84171349497512,-66.50560434353172],[124.88486331593879,-66.53113250108393]]]},"properties":{"featurecla":"Ice Shelf","scalerank":0,"min_zoom":0}},{"type":"Feature","geometry":{"bbox":[-80.55913408071632,-73.41417490019998,-80.33640865753841,-73.26255624785564],"type":"Polygon","coordinates":[[[-80.37984269887974,-73.30813486113709],[-80.33640865753841,-73.41417490019998],[-80.55913408071632,-73.35634897246536],[-80.41214046906218,-73.26255624785564],[-80.37984269887974,-73.30813486113709]]]},"properties":{"featurecla":"Ice Shelf","scalerank":0,"min_zoom":0}},{"type":"Feature","geometry":{"bbox":[-79.33926022003445,-73.84412281686835,-66.82777584498439,-70.03360605253019],"type":"Polygon","coordinates":[[[-69.0081337144592,-70.03360605253019],[-68.42801408555067,-70.08543751411895],[-68.34055172389665,-70.07179493599389],[-68.12573279485929,-70.24987192167174],[-67.88848629420733,-70.42169605904218],[-67.6922192043628,-70.68617603951199],[-67.5984264797531,-70.84461598091892],[-67.50460791692717,-71.05783294055513],[-67.52995520696635,-71.28453744901957],[-67.46037289088534,-71.52674488717163],[-67.19578955755094,-71.71898121529733],[-67.0841684638005,-71.81220549915187],[-66.9516959296202,-71.89731658313661],[-66.82777584498439,-72.09037973417904],[-67.07956926132653,-72.38757089628966],[-67.30673885768155,-72.61117481881658],[-67.66710445826891,-72.83457203561434],[-68.0003657701192,-72.93554778431266],[-68.82098751491418,-73.10545989368833],[-69.28222551133531,-73.16964202259484],[-69.96864356146827,-73.22648609811588],[-70.32265296088374,-73.2740284158244],[-71.01718421088648,-73.2627629535848],[-71.45273902045861,-73.35454029733516],[-71.6975561184413,-73.3529900043664],[-71.99423051622895,-73.37918995553838],[-72.38082190620446,-73.43841114694489],[-72.6874181789922,-73.45236378366369],[-72.92923804390196,-73.44797128691886],[-73.99607215035152,-73.69984221790948],[-74.19732601591221,-73.69550139759696],[-74.34527564156389,-73.68392587676354],[-74.59404598661698,-73.71524179473245],[-74.85550289579768,-73.657984307753],[-75.04360510934009,-73.64506519968008],[-75.29309892444535,-73.63876067494049],[-75.59501848011061,-73.71121103301365],[-75.91621334502071,-73.73642913197213],[-76.2912292141628,-73.8053654926495],[-76.75499935576624,-73.78944915150353],[-76.88752356637876,-73.82045501087873],[-77.04896074085858,-73.84412281686835],[-77.13495032419223,-73.81766448353494],[-77.03304439971262,-73.71849740996683],[-76.76453365752411,-73.56631031686722],[-76.85052324085777,-73.46047698353348],[-77.1355704413798,-73.49577198678882],[-77.44407874216222,-73.48802052194505],[-77.84565629750239,-73.51499561960144],[-78.14416520863634,-73.54708668405469],[-78.40789588083793,-73.55576832467975],[-78.78624487986286,-73.50677906686707],[-78.9106300523895,-73.3705599913456],[-78.7434309557091,-73.3831173643926],[-78.3603535631294,-73.39965382272592],[-78.14729163279003,-73.36141326282994],[-78.26550147165773,-73.31195891712665],[-78.26041134307695,-73.27041106556399],[-78.32575619171001,-73.21439381295957],[-78.0539639960709,-73.13114308053741],[-77.84777503122632,-73.14225351348014],[-77.80870764841373,-73.17005543405315],[-77.83749142120021,-73.17418954863652],[-77.69943783233256,-73.1989425597043],[-77.5828816392982,-73.25868051543371],[-77.6247395494546,-73.30260548288183],[-77.57414832224086,-73.3188835590538],[-77.39638139515682,-73.29159840280369],[-77.40831865101626,-73.2763021788453],[-77.32783260772169,-73.25594166452223],[-77.35682308623743,-73.23935352975663],[-77.3214505683336,-73.21284351999083],[-77.4800713772535,-73.17816863392305],[-77.38392737497449,-73.15796314889684],[-77.45818640817797,-73.09243743275081],[-77.37891476104213,-73.05709075306311],[-77.40379696319067,-73.03921070749017],[-77.36702918161507,-72.9932703591827],[-77.38687293161516,-72.98675912871386],[-78.38130835642383,-72.993322035615],[-78.61553178578669,-73.08044850045908],[-78.82582902699846,-73.11708709095403],[-78.98767961293663,-73.09383269642271],[-79.19513465037232,-73.01585296009418],[-79.33926022003445,-72.92252532337505],[-79.28673112660974,-72.87177906686446],[-78.7304084947715,-72.77927825306205],[-78.66387508819571,-72.72770517363473],[-78.74854692250597,-72.63427418405104],[-78.93194658070982,-72.53619231556107],[-79.26381262888825,-72.47500741972749],[-79.27959977895341,-72.44999602649817],[-79.19045793324999,-72.34628142688845],[-78.9559502835094,-72.29925587350283],[-78.64702857126858,-72.32390553170603],[-78.50458248565607,-72.38571054472709],[-78.4654375881949,-72.45723072701907],[-78.42277869333799,-72.47857309355561],[-78.12646603057647,-72.51128427519642],[-77.93441056996363,-72.48823658639415],[-77.62861528187653,-72.39811288847721],[-77.46986528187588,-72.41454599394596],[-77.32620480010445,-72.47800465280042],[-77.31530107289089,-72.50890715931095],[-77.34436906605501,-72.56110035592573],[-77.32791012237007,-72.57624155058726],[-77.14192664255168,-72.60549041126444],[-76.71091935902126,-72.57117726022268],[-76.59702450225001,-72.53030120227979],[-76.50080298532254,-72.52776905709746],[-76.43215084502282,-72.57086720162886],[-76.42749996611647,-72.66445322050951],[-76.06331030953953,-72.73566334420767],[-76.05845272490413,-72.76579070423385],[-76.01160803903147,-72.787598158661],[-75.73240027535851,-72.88433643991137],[-75.72568233916063,-72.88516326282807],[-75.70175615100945,-72.91105315540631],[-75.60034115263662,-72.95260100696896],[-75.43947241891203,-72.99420053496391],[-75.2439029609034,-73.00934172962542],[-75.27625240751809,-73.05037281686519],[-75.41727739124269,-73.05150969837564],[-75.46761023629497,-73.1010673969435],[-75.50587663440706,-73.10892221465186],[-75.77467159697332,-73.0543002257194],[-75.89766150582793,-73.05636728301106],[-76.01770585804191,-73.08546111439138],[-76.06245764840673,-73.10881886178728],[-76.09638322620629,-73.15047006621451],[-76.09046627470889,-73.20281829212624],[-76.05313005237801,-73.254649753715],[-76.00323645700021,-73.28798105254319],[-75.90083960641383,-73.33262949004344],[-74.57469316272369,-73.61137216582577],[-74.45214250354348,-73.56538014108602],[-74.36615292020983,-73.46430103952312],[-74.46715450712423,-73.42709400827292],[-74.55066362170794,-73.36911305124143],[-74.57549414742422,-73.32777190540793],[-74.61541419136964,-73.31139047637147],[-74.66771074084909,-73.27526865019942],[-74.52249996610891,-73.24390105579829],[-74.49896135119997,-73.22922494902737],[-74.35447404651183,-73.09843189889659],[-74.31651770699347,-73.06892465605796],[-74.23693600126398,-73.10220427845394],[-73.88724158394487,-73.11987761829772],[-73.85690751818953,-73.12551034941757],[-74.04878211128928,-73.22023324980857],[-74.08451636421913,-73.2493270811889],[-74.13446163602922,-73.2766639138713],[-74.14665727405009,-73.31547291452247],[-74.03829179553404,-73.36549570098103],[-73.97485897489574,-73.37603769316857],[-73.87845659045522,-73.35681406035596],[-73.72143775093639,-73.29624928170995],[-73.6822928534753,-73.2250391580117],[-73.55752010770658,-73.1347604307978],[-73.52250932482877,-73.12912769967805],[-73.25603980171579,-73.08380746855804],[-73.19395056831712,-73.03476653431306],[-72.97473914253493,-73.14199513131868],[-72.91314083524304,-73.11796559030294],[-72.64904842801545,-73.14705942168328],[-72.35751583524086,-73.10809539173523],[-72.21630998400329,-73.13259002064157],[-72.15137854682857,-73.09341928496431],[-72.1587682766463,-73.06091480905275],[-72.11417151557845,-73.00613779082335],[-72.1444539049015,-72.96577849720342],[-72.39709998237643,-72.91301685983338],[-72.3411860826366,-72.88294117623957],[-72.41291297065771,-72.7970549457704],[-72.4134814114129,-72.73840219511915],[-72.33064409044906,-72.70920501087426],[-72.36335527208985,-72.671274509572],[-72.36428544787105,-72.66951751087409],[-71.84615169949663,-72.6393901508479],[-71.1586226060694,-72.62693613066557],[-70.92297807481847,-72.61308684681136],[-70.73138770209633,-72.62295704537915],[-70.54346635606689,-72.66445322050951],[-70.06308224148162,-72.62616098418124],[-69.20933590358763,-72.53422861113401],[-69.14928788926449,-72.4265349262377],[-68.64004248724419,-72.20980396920555],[-68.54260657415787,-72.15761077259077],[-68.4607769436237,-72.08531544381447],[-68.39393347845416,-71.9751412901682],[-68.24102291530252,-71.82212737415196],[-68.22784542506808,-71.72523406360465],[-68.25244340683898,-71.31352792753532],[-68.27797156439118,-71.09710702909699],[-68.31404171413087,-70.91174366646598],[-68.33600419785498,-70.85608814888766],[-68.45077755397523,-70.81784758899167],[-68.45948503281639,-70.68286874784533],[-68.55353613958764,-70.5814795876886],[-68.73060543483572,-70.40810515734941],[-69.09128109401681,-70.09029509875437],[-69.10451026068355,-70.07350025825951],[-69.08792212591786,-70.06693735135846],[-69.0081337144592,-70.03360605253019]]]},"properties":{"featurecla":"Ice Shelf","scalerank":0,"min_zoom":0}},{"type":"Feature","geometry":{"bbox":[151.12594892802298,-68.8568303363797,153.79240115785137,-68.29118010851285],"type":"Polygon","coordinates":[[[153.13781579001022,-68.29118010851285],[153.4509749696989,-68.401509291456],[153.52156497620967,-68.39887379340908],[153.61964684469962,-68.35091806424225],[153.68326053285097,-68.37820322049237],[153.78992068910134,-68.44972340278426],[153.79240115785137,-68.49333831163864],[153.76692467673143,-68.64066782010273],[153.70527469300725,-68.728879490025],[153.49562340719916,-68.7643295225772],[153.33987064027144,-68.81796965929615],[153.0817985374058,-68.8568303363797],[152.8141146181339,-68.76768849067616],[152.54539717021612,-68.72960296007705],[152.26525923076193,-68.72557219835832],[151.56214969299867,-68.69363616320194],[151.44753136617527,-68.76417449328034],[151.28878136617465,-68.81709115994724],[151.13881635966362,-68.76417449328034],[151.12594892802298,-68.66164845161326],[151.25389977437763,-68.62842050564956],[151.8161910341455,-68.61369272244644],[151.87029625875516,-68.58196339301921],[151.9015088238594,-68.51762623481582],[151.9873433778962,-68.48258961372193],[151.99964236878174,-68.46222909939898],[151.9712720074535,-68.44150685004988],[151.95246178609915,-68.38125212999759],[151.99214928609933,-68.37432748807043],[152.87426598532159,-68.33143604926818],[153.13781579001022,-68.29118010851285]]]},"properties":{"featurecla":"Ice Shelf","scalerank":0,"min_zoom":0}},{"type":"Feature","geometry":{"bbox":[-74.02619951037772,-71.57867970162496,-73.38021826851315,-71.3508383116501],"type":"Polygon","coordinates":[[[-73.42719214546648,-71.55888762805716],[-73.47902360705524,-71.57867970162496],[-73.54540198433418,-71.57309864693741],[-73.72430579292865,-71.5169780414684],[-73.93713517932267,-71.43822315865563],[-74.02619951037772,-71.41445199980134],[-73.85106808134051,-71.39993092232737],[-73.65598954943876,-71.3508383116501],[-73.60692277697757,-71.35962330513965],[-73.6171288723553,-71.39662363066061],[-73.59222083199055,-71.44809335722336],[-73.38021826851315,-71.527881768682],[-73.42719214546648,-71.55888762805716]]]},"properties":{"featurecla":"Ice Shelf","scalerank":0,"min_zoom":0}},{"type":"Feature","geometry":{"bbox":[134.06378624891823,-66.47992115668264,136.04133995986365,-65.99571298610783],"type":"Polygon","coordinates":[[[134.6703642111603,-65.99943368923282],[134.83805423394745,-66.09467335394672],[134.93623945530192,-66.10035776149886],[134.99375532444282,-66.07508798610817],[135.33993574436613,-66.10159799587387],[135.524058872622,-66.15663339626471],[135.76378584202405,-66.1431975238688],[135.79882246311786,-66.18929290147315],[136.0280591167646,-66.25042612087444],[136.04133995986365,-66.27114837022351],[136.00935224827498,-66.2667558734787],[135.5547546734034,-66.18004282009291],[135.35192467665775,-66.12712615342609],[134.97143110569277,-66.33016285590078],[134.76963463759301,-66.35331389756753],[134.39808108941435,-66.47992115668264],[134.28950890516924,-66.47671721788055],[134.23183800673144,-66.34762949001549],[134.1789213400645,-66.2770911599371],[134.06378624891823,-66.23926401149942],[134.1215088237883,-66.22505299261917],[134.20212405816358,-66.21048023871282],[134.36077070529961,-66.11927133571764],[134.51548994358149,-66.08630177191547],[134.50267418837313,-66.05426238389451],[134.5607584982692,-66.05875823350391],[134.62349368707152,-65.99571298610783],[134.6703642111603,-65.99943368923282]]]},"properties":{"featurecla":"Ice Shelf","scalerank":0,"min_zoom":0}},{"type":"Feature","geometry":{"bbox":[128.06317060761825,-67.1191586241331,129.40138349824855,-66.85870940538209],"type":"Polygon","coordinates":[[[129.40138349824855,-66.86108652126757],[129.23684573783132,-67.04164397569537],[128.98239098522606,-67.09828134548725],[128.8164062847046,-67.08034962348194],[128.6277873068392,-67.10716969184138],[128.43043501191653,-67.1191586241331],[128.06317060761825,-67.04665658962764],[128.08187747610788,-67.02510751736195],[128.43136518769785,-67.02944833767447],[128.71677412324578,-66.99001921983576],[128.7108830099645,-67.02050831488796],[128.75439456595433,-67.0348226866328],[128.80364220592844,-67.03037851345567],[128.90317101452257,-66.96805673611166],[129.1559204448622,-66.93648243598138],[129.3921850933006,-66.85870940538209],[129.40138349824855,-66.86108652126757]]]},"properties":{"featurecla":"Ice Shelf","scalerank":0,"min_zoom":0}},{"type":"Feature","geometry":{"bbox":[-73.82990658231702,-72.36643523548227,-70.206019253201,-71.63226816191164],"type":"Polygon","coordinates":[[[-71.81620520698348,-71.8219206684228],[-71.5744628567221,-71.85060108834473],[-71.46467627631796,-71.83788868600095],[-71.35499304877848,-71.83644174589678],[-70.82102047390657,-71.90651498808458],[-70.8446624416801,-71.94578907662643],[-70.89111955431048,-71.98738860462137],[-71.03439246283966,-72.03456918730386],[-71.10666195339988,-72.04707488391847],[-71.89759558784317,-72.12081715279896],[-71.89222123888476,-72.15285654081993],[-71.66148596870164,-72.24985320423183],[-71.41256059435165,-72.28447641386732],[-71.17776872423354,-72.26406422311206],[-70.94519894070395,-72.22907927845046],[-70.64144487169236,-72.1695997048825],[-70.53323442247316,-72.16334685657519],[-70.42419715033722,-72.1677910297523],[-70.3142297024201,-72.19099374785134],[-70.206019253201,-72.22778736764315],[-70.42771114773313,-72.32256194446644],[-70.67115882026013,-72.35635833118532],[-70.87261939154999,-72.36643523548227],[-71.60536536323264,-72.35894215279994],[-72.13499711779201,-72.33134693795608],[-72.3761193508659,-72.29631031686219],[-72.6182492743695,-72.27507130319022],[-72.66382788765097,-72.27719003691415],[-72.67116594103632,-72.27047210071623],[-72.96869299995677,-72.23910450631503],[-73.01318640816018,-72.2194157856119],[-73.0808308580302,-72.13084238066362],[-73.27725297717157,-72.06981251412691],[-73.61723222521988,-72.0510539692049],[-73.53713375516742,-72.02232187285068],[-73.57232540555819,-71.9809290505849],[-73.69058692085815,-71.92940764758988],[-73.82990658231702,-71.87023813261565],[-73.77598222522053,-71.84894744251139],[-73.63294186063658,-71.83494312936031],[-73.41000973172942,-71.85313323352707],[-73.16674292671539,-71.90455128365751],[-72.97207780627193,-71.92367156360547],[-72.92768775093322,-71.92170785917838],[-72.41224117703797,-71.66234384550545],[-72.33663855659492,-71.63226816191164],[-72.25912390815716,-71.64115650826577],[-72.04598446316933,-71.73960011178184],[-71.81620520698348,-71.8219206684228]]]},"properties":{"featurecla":"Ice Shelf","scalerank":0,"min_zoom":0}},{"type":"Feature","geometry":{"bbox":[162.50876834538622,-75.1900354959102,164.57515384344134,-74.38212615345907],"type":"Polygon","coordinates":[[[163.73525678940155,-74.56376881296502],[163.93586469955858,-74.56733448679313],[164.17398969955957,-74.52325449004815],[164.41071943588867,-74.53338307077739],[164.4993961937015,-74.5445451801524],[164.49686404851917,-74.5670244281994],[164.57515384344134,-74.69931609486655],[164.24189253159102,-74.62676238392879],[164.20840620346598,-74.60769378041306],[164.0022689150536,-74.62888111765272],[163.74161299057346,-74.71156340931972],[163.7371688173963,-74.73383595163756],[163.763317092136,-74.8028239887472],[163.84455244369883,-74.83269296661194],[163.9479053082826,-74.83269296661194],[163.95576012599093,-74.86540414825267],[163.9248576194804,-74.88560963327878],[163.742956577813,-74.88070037221107],[163.7261100608859,-74.90535003041427],[163.67639733302116,-75.02844329213356],[163.58663537013013,-75.07510711049306],[163.61355879135414,-75.09329721465983],[163.55025516179666,-75.1190320779412],[163.34272260971244,-75.09190195098793],[163.38292687403563,-75.11820525502448],[163.28024580307158,-75.1756177713008],[163.09658776270624,-75.1900354959102],[163.0670288434353,-75.17086353952995],[163.07064619369572,-75.13934091583187],[163.18774498926916,-75.04797698353983],[163.0945723818469,-75.00637745554488],[163.12227094955534,-75.04518645619612],[162.75924401270498,-75.10290903106608],[162.90843387273156,-75.17887338653517],[162.7016764671318,-75.15169158314961],[162.65439253158473,-75.165747572733],[162.50876834538622,-75.18119882598835],[162.5335730328863,-75.16709115997259],[162.60400801010013,-74.82313282663787],[162.75200931218404,-74.73616139109065],[162.96119551010162,-74.65606292103828],[163.16733279851388,-74.60195769642871],[163.26546634343612,-74.42625782663634],[163.3977580101033,-74.38212615345907],[163.55650801010393,-74.41742115671441],[163.73525678940155,-74.56376881296502]]]},"properties":{"featurecla":"Ice Shelf","scalerank":0,"min_zoom":0}},{"type":"Feature","geometry":{"bbox":[37.99983076350787,-70.1718921853433,38.911609734865806,-69.76292490018537],"type":"Polygon","coordinates":[[[38.23464847184221,-69.84576222114922],[38.38792077001989,-69.9136133767485],[38.526413608562166,-69.82617685331067],[38.61870771663541,-69.81728850695646],[38.798645053875646,-69.85800953560239],[38.73012210465669,-69.97138762805075],[38.75389326351092,-70.02451100044681],[38.81507815934458,-70.05427662544699],[38.90246300635005,-70.08187184029083],[38.911609734865806,-70.09789153430128],[38.88546146012602,-70.1718921853433],[38.49933515804116,-70.05613697700947],[38.144318068196014,-69.8242648253158],[37.99983076350787,-69.78437061958648],[38.08778405126873,-69.76292490018537],[38.24395022965473,-69.7707797178937],[38.271442091634015,-69.77460377388336],[38.227207065592154,-69.821629327269],[38.23464847184221,-69.84576222114922]]]},"properties":{"featurecla":"Ice Shelf","scalerank":0,"min_zoom":0}},{"type":"Feature","geometry":{"bbox":[-154.91330359598777,-77.79747324006124,-145.51576351619758,-76.37864511505563],"type":"Polygon","coordinates":[[[-149.04588395892,-76.45802011505596],[-148.60107906796773,-76.49326344187901],[-147.34043250220742,-76.43838307078502],[-146.77666846411927,-76.50700937286865],[-146.1664731516168,-76.65759449656713],[-145.75050370988345,-76.74906178172375],[-145.67572791235708,-76.79670745229686],[-145.68570146378937,-76.88445403432841],[-145.6292707997266,-76.95375213003189],[-145.80639177140708,-77.01209482208938],[-145.93398088273568,-77.02904469188113],[-145.96702796118643,-77.06878386831357],[-145.8643210520063,-77.09415699656883],[-145.75313920793033,-77.10330372508449],[-145.56322831925763,-77.16169809357439],[-145.51576351619758,-77.19926685985052],[-145.63459347225276,-77.22128102000691],[-145.80799374080812,-77.27326751089254],[-145.79432532446688,-77.330008233549],[-145.7138651193885,-77.33837981558025],[-145.64968299048198,-77.39837615347109],[-145.6006678944531,-77.45527190542451],[-145.67717485246123,-77.48808643992983],[-146.07363644100448,-77.48669117625792],[-146.39067135311518,-77.47248015737767],[-146.92761532284385,-77.25983163849662],[-147.20726233619126,-77.28587656037173],[-147.44231258847097,-77.32070647573647],[-147.5664135406198,-77.32530567821044],[-147.73025366920123,-77.30975107209052],[-148.19637508847393,-77.21130746857456],[-148.572450324478,-77.10511240021478],[-148.77750240781216,-77.12495615021486],[-148.83904903867185,-77.20236744578804],[-148.84364824114581,-77.28370615021542],[-148.7444294911454,-77.34323740021566],[-148.55929867245973,-77.36137582795013],[-148.25985958554452,-77.41258717235142],[-148.1557315744764,-77.46229990021615],[-148.33998389381307,-77.55118336375816],[-149.12598242897246,-77.6426506489148],[-149.47404903867437,-77.71479094839424],[-149.5885123362009,-77.7742705219622],[-149.7177292551467,-77.79747324006124],[-150.08437354225748,-77.77101490672781],[-150.30557451068285,-77.73143075959223],[-150.956439175399,-77.57350758250828],[-151.7190282867302,-77.42591969188265],[-151.9984169179162,-77.41258717235142],[-153.07698157449605,-77.44245615021607],[-153.46062740783094,-77.41599781688265],[-153.573075324498,-77.36308115021575],[-153.60614824116482,-77.31016448354893],[-153.71260169168613,-77.27419768667374],[-153.9099798248249,-77.22696542755895],[-154.81496334533637,-77.12691985464193],[-154.91330359598777,-77.1243877094596],[-154.8944416982012,-77.10268360789702],[-154.69590084533587,-77.06614837026666],[-154.5246968251529,-77.08862761831365],[-154.38666907450136,-77.08526865021469],[-154.27091386616752,-77.07865406688128],[-154.09968400776836,-77.08454518016256],[-153.82525631408237,-77.08020435985003],[-153.45370276590376,-77.11958180125646],[-153.4972401601097,-77.13069223419919],[-153.45140316466677,-77.13839202261067],[-153.4971884836774,-77.15699553823583],[-153.42267106831247,-77.20190235789745],[-153.2286519032727,-77.22164275503293],[-153.1230252756681,-77.20500294383494],[-152.9585908681154,-77.19223886505887],[-152.9748431060712,-77.17895802195983],[-152.91944597065424,-77.16841602977229],[-152.45500403543105,-77.19301401154321],[-152.41622087299598,-77.20774179474643],[-152.4802996490379,-77.22071257925167],[-152.53574846088708,-77.22743051544964],[-152.53716956277515,-77.2613302550331],[-152.35555274148538,-77.2644825174029],[-152.3056333078914,-77.24706755972048],[-152.27137183328193,-77.20200571076201],[-152.15925981342468,-77.16061288849622],[-151.98017513731716,-77.15560027456394],[-151.8197456532671,-77.19828500763703],[-151.80910030821497,-77.21425302521519],[-151.84674658913957,-77.2392644184444],[-151.736882494087,-77.22743051544964],[-151.51188330788824,-77.27672983185607],[-151.48953325092202,-77.27641977326233],[-151.34450334369478,-77.29631519969472],[-150.4748923410872,-77.37372649526787],[-150.39711931048797,-77.3691789692262],[-150.35626909076123,-77.34902516063238],[-150.4991285878321,-77.33507252391358],[-151.0215773183029,-77.22004078563188],[-151.1244134185638,-77.22339975373085],[-151.13084713438406,-77.21632008250683],[-151.3292071197364,-77.1984917133662],[-151.3764393788512,-77.16986296987646],[-151.55505896706813,-77.1431979308139],[-151.7805232411575,-77.10867807404288],[-151.82661861876187,-77.09550058380842],[-151.68453426817538,-77.03581430451132],[-151.7106050282666,-77.01059620555293],[-151.60159359434695,-76.97922861115171],[-151.618956875597,-76.95860971466729],[-151.72150875548024,-76.96289885854753],[-151.7007348296989,-76.93928272899011],[-151.13399939675386,-76.93814584747966],[-150.86504940489084,-77.00289641714144],[-150.8011773345781,-76.98904713328722],[-150.7727811350337,-76.98842701609966],[-150.73583248594502,-77.00434335724562],[-150.4618182037173,-77.07565683380835],[-149.85635128476963,-77.09942799266264],[-149.81689632871482,-77.11415577586587],[-149.72865882057636,-77.12847014761067],[-149.2934657460304,-77.13663502391276],[-149.23070471901195,-77.12051197703775],[-149.28837561744962,-77.09312346792305],[-149.41645565488508,-77.07886077261051],[-149.44175126849194,-77.04925017690722],[-149.50577836810157,-77.00165618276642],[-149.74261145729525,-76.92703541453693],[-149.78986955462614,-76.88920826609926],[-149.87063981829834,-76.8750489236513],[-150.06742367246574,-76.88393727000553],[-150.0693873768929,-76.87876962677637],[-150.2953167388729,-76.86078622833878],[-150.4030621002015,-76.81319223419797],[-150.43109656471987,-76.78678557729687],[-150.4291586985089,-76.78228972768746],[-150.23255571185447,-76.77645029083845],[-150.084812791932,-76.73510914500497],[-150.1035971750701,-76.718831068833],[-150.17741695859905,-76.69128753042142],[-150.3932435780661,-76.69872893667149],[-150.39068559466756,-76.69278614695789],[-150.00019263405403,-76.58178517039491],[-150.05318681536943,-76.56865935659283],[-150.01719418027812,-76.53589649851972],[-150.49530453184246,-76.56933115021258],[-150.57571306048868,-76.53320932404061],[-150.51308122455092,-76.50070484812896],[-149.63980119525056,-76.42897796010783],[-149.57600663958618,-76.37864511505563],[-149.3396903147155,-76.41895273224326],[-149.04588395892,-76.45802011505596]],[[-147.135328742441,-76.53155567820728],[-147.2786274891864,-76.55258798615],[-147.3553411529237,-76.61883717234825],[-147.22137000220704,-76.67092701609846],[-146.90782324927608,-76.71402516062986],[-146.79005266008286,-76.63309986766077],[-146.8779025949791,-76.56323333120213],[-146.9475107492762,-76.55501677846776],[-147.135328742441,-76.53155567820728]],[[-147.76970862525604,-76.5768759093272],[-147.8997265289024,-76.55796233510841],[-148.00111568905913,-76.57718596792094],[-147.95434851783494,-76.59713307078559],[-147.72968522844604,-76.65346038198375],[-147.57886756080222,-76.66276213979629],[-147.58832434791162,-76.64984303172335],[-147.6491475087191,-76.61087900177523],[-147.76970862525604,-76.5768759093272]],[[-149.238507860288,-76.81779143667195],[-148.9839239166021,-76.84528329865122],[-148.8146319244139,-76.84073577260955],[-148.66955034075448,-76.80208180125516],[-148.37098975318816,-76.79495045359894],[-148.32081193743272,-76.77169605906761],[-148.38421891985485,-76.7444109028175],[-148.66259986061124,-76.72053639109862],[-148.92793250221385,-76.7300448546403],[-149.3332824371113,-76.7174358051611],[-149.4689589100936,-76.75712330516126],[-149.238507860288,-76.81779143667195]],[[-147.08667538143823,-76.8373251280783],[-147.11566585995396,-76.86626393016167],[-147.10150651750607,-76.88646941518786],[-147.0441715158782,-76.92972258901614],[-147.07894975481054,-76.9927678364122],[-146.981462165292,-77.0056869444852],[-146.60678219295977,-76.9612968891465],[-146.16396684465067,-76.94853281037035],[-146.24440121151298,-76.88311044708882],[-146.86653377987483,-76.83711842234905],[-147.08667538143823,-76.8373251280783]],[[-148.7041218739577,-76.93561370229742],[-149.2380944488297,-76.90016366974521],[-149.30256079811375,-76.91576995229734],[-149.2448640614599,-76.99307789500594],[-149.01469723203184,-77.01912281688104],[-148.59585974830628,-77.00682382599557],[-148.47431677955575,-76.9977287739122],[-148.43979692278484,-76.97716155386007],[-148.50896582740745,-76.95463062938079],[-148.7041218739577,-76.93561370229742]],[[-149.43867652077054,-77.37062590933036],[-148.92886267799506,-77.38685230907005],[-149.21812150774883,-77.33631275828861],[-149.24915320534012,-77.31502206818433],[-149.37545040586141,-77.27998544709044],[-149.5186974761745,-77.27471445099663],[-149.66235795794591,-77.30096607860096],[-149.43867652077054,-77.37062590933036]]]},"properties":{"featurecla":"Ice Shelf","scalerank":0,"min_zoom":0}},{"type":"Feature","geometry":{"bbox":[164.7757100771661,-74.16658375436967,165.15258629787076,-73.97176360462933],"type":"Polygon","coordinates":[[[165.15258629787076,-74.12539763783303],[165.08411502508403,-74.16658375436967],[164.9993656761253,-74.14224415476018],[165.06008548406828,-74.13278736765079],[164.860149367531,-74.08266122832765],[164.8359131207862,-74.08260955189536],[164.7757100771661,-74.0285043272858],[164.9058830101094,-74.0029244933013],[164.93580366440636,-73.97176360462933],[165.04711469956305,-73.98080698028042],[165.09786095607365,-74.05573780710364],[165.15258629787076,-74.12539763783303]]]},"properties":{"featurecla":"Ice Shelf","scalerank":0,"min_zoom":0}},{"type":"Feature","geometry":{"bbox":[47.117103712763196,-67.98804615668874,48.647966342977554,-67.4057561176239],"type":"Polygon","coordinates":[[[47.55883385599412,-67.51985768012429],[47.538369988806494,-67.54207854600983],[47.6049292335984,-67.52290658962951],[47.83809329609937,-67.55654794705151],[47.869925978391166,-67.57763193142662],[47.91271406432884,-67.58822560004646],[47.97968672057914,-67.620368340932],[48.11414879740249,-67.62429574978623],[48.3015275408929,-67.56502288194743],[48.452319370320595,-67.5754098448381],[48.57179528177938,-67.52197641384831],[48.629776238810905,-67.525645440541],[48.62000939310775,-67.62522592556743],[48.647966342977554,-67.79405282986502],[48.55091800313346,-67.92634449653218],[48.37454633972129,-67.98804615668874],[48.32162967305442,-67.91750782661026],[48.32162967305442,-67.7852161599431],[48.2098535500071,-67.69932992947403],[47.95849938333947,-67.66005584093217],[47.703424513546736,-67.71617644640116],[47.48984581888442,-67.72795867296367],[47.31414594909211,-67.66491342556759],[47.117103712763196,-67.57261931749434],[47.23130862812815,-67.46828460069707],[47.40292605976947,-67.40916676215514],[47.399257033076765,-67.4057561176239],[47.44101159036859,-67.40839161567071],[47.55883385599412,-67.51985768012429]]]},"properties":{"featurecla":"Ice Shelf","scalerank":0,"min_zoom":0}},{"type":"Feature","geometry":{"bbox":[-148.40956620989408,-76.42882293081097,-142.41708960667995,-75.34480641062433],"type":"Polygon","coordinates":[[[-143.20962521052428,-75.34480641062433],[-142.48062578018278,-75.43203622833309],[-142.41708960667995,-75.49756194447912],[-143.02216895238553,-75.5434506163543],[-143.574305793208,-75.56360442494821],[-144.22062293188247,-75.73144947703214],[-144.7213158843585,-75.83211516713672],[-145.10555599666472,-75.8789340147932],[-145.98777604875158,-75.88875253692862],[-146.32349199113574,-76.02032073354371],[-146.3830232411359,-76.09969573354405],[-145.86041948136824,-76.26661060984678],[-145.6423449370965,-76.32567677195642],[-145.44212460018167,-76.40918588654013],[-145.6868900217321,-76.42882293081097],[-145.8857926096235,-76.42427540476928],[-146.59742875871495,-76.33782073354502],[-146.8173636545491,-76.31802865997723],[-147.8602457346314,-76.1309082986484],[-148.29432776588314,-76.10600025828364],[-148.28655046282327,-76.08693165476798],[-148.1458872141248,-76.01308603302292],[-148.29515458879985,-75.90079314565263],[-148.40956620989408,-75.7689148904438],[-148.39023922421688,-75.75025969838644],[-148.0340077382129,-75.72793547963632],[-147.99964291073874,-75.72095916127697],[-147.94083513079062,-75.71785857533936],[-147.84151302792566,-75.7661760395323],[-147.780147264579,-75.72349130645921],[-147.28335588274115,-75.7203390440894],[-147.2417046783138,-75.74230152781342],[-146.99453630266186,-75.64980071401102],[-146.6390024484937,-75.61233530059937],[-146.54296179907928,-75.56758351023461],[-146.4297904123601,-75.57812550242218],[-146.12177303768436,-75.54655120229181],[-146.1068902251843,-75.55006519968771],[-146.1508410308486,-75.57352629994821],[-146.04278561092624,-75.61187021270877],[-145.54118832088514,-75.69269215281327],[-145.34840939022035,-75.71615325307374],[-145.2381318837095,-75.71119231557377],[-145.25229122615747,-75.68277027781318],[-145.3154398264181,-75.64142913197969],[-145.4174232655462,-75.58799570098988],[-145.76083899634182,-75.51389169708338],[-145.82352250871182,-75.50965422963543],[-145.81830318905034,-75.49322112416667],[-145.80119828996175,-75.48484954213535],[-145.8170629546753,-75.42459482208305],[-145.56754330135396,-75.370592950338],[-145.54294531958314,-75.39317555124956],[-145.4654306711453,-75.37514047637967],[-145.40737219946544,-75.40516448354128],[-145.31531063533743,-75.38862802520786],[-145.00445105688564,-75.41751515085903],[-144.74444108780904,-75.38330535268184],[-144.47737728572469,-75.35896575307237],[-143.587224901281,-75.3898165831506],[-143.20962521052428,-75.34480641062433]],[[-147.1509350249932,-76.19746754344027],[-146.89451656796092,-76.26097787872703],[-146.69016211646272,-76.24635344838839],[-146.94903520402886,-76.09814544057528],[-147.3606638254497,-76.06279876088766],[-147.41807634172602,-76.07344410593979],[-147.4209443837182,-76.09023894643465],[-147.40779273169994,-76.10460499461175],[-147.34544511613979,-76.14666961049738],[-147.1509350249932,-76.19746754344027]]]},"properties":{"featurecla":"Ice Shelf","scalerank":0,"min_zoom":0}},{"type":"Feature","geometry":{"bbox":[168.42835534085262,-72.72408782337433,170.17625898669291,-72.37914763782605],"type":"Polygon","coordinates":[[[169.77483646064962,-72.53381519967562],[170.04773969958302,-72.60063282662902],[170.1391553083074,-72.58032398873834],[170.151661004922,-72.61665252063946],[170.16809411039077,-72.61598072701972],[170.09388675361964,-72.63024342233223],[170.17625898669291,-72.66652027780115],[170.1432894228907,-72.70238372181169],[169.91617150296793,-72.68486541126478],[169.86547692288963,-72.69256519967627],[169.80398196846232,-72.72408782337433],[169.2694409528351,-72.62125172311343],[168.81990766832814,-72.55241871530066],[168.62157352119198,-72.47268198027432],[168.42835534085262,-72.38338510527399],[168.5761499372074,-72.37914763782605],[168.71872521390065,-72.38447031035216],[169.07229536364162,-72.4687028949879],[169.4402832379921,-72.48678964628998],[169.77483646064962,-72.53381519967562]]]},"properties":{"featurecla":"Ice Shelf","scalerank":0,"min_zoom":0}},{"type":"Feature","geometry":{"bbox":[166.452713657902,-73.59757455840385,169.1847949567411,-72.93601287220326],"type":"Polygon","coordinates":[[[166.88271325100266,-73.01120208118792],[167.15556481350382,-73.14731780384471],[167.85298994371493,-73.12240976348005],[168.20444135973196,-73.12979949329781],[168.38138146389934,-73.06592742298503],[168.7358817894215,-73.0911971983758],[168.9942122744486,-73.18597177519909],[168.99385053942257,-73.18705698027716],[169.00769982327682,-73.26999765410568],[169.10862389554285,-73.3112871235069],[168.9919385114278,-73.36001799915815],[169.1847949567411,-73.38322071725717],[169.15389245023056,-73.41128101999163],[169.15435753812113,-73.46135548288248],[168.96610029528188,-73.50502206816907],[168.66699710517645,-73.35428191517371],[168.56591800361355,-73.35526376738721],[168.61712934801477,-73.43505217884594],[168.56524620999377,-73.44729949329911],[168.62948001533258,-73.4819743793669],[168.56524620999377,-73.54476124460152],[168.54007978746762,-73.57354501738811],[168.39771121650352,-73.59757455840385],[167.95272545803823,-73.54026539499212],[167.5467554059532,-73.53168710723172],[167.4345658714476,-73.50223154082538],[167.2651705263948,-73.4693136534554],[167.25106286037914,-73.45577442819493],[167.29643476793143,-73.44001311634594],[167.53419803290637,-73.44729949329911],[167.70907107978206,-73.39422779733533],[167.61579511949515,-73.33681528105902],[167.2255863792593,-73.27573373809003],[166.83387902248683,-73.22431568795966],[166.46697635321453,-72.99750782663057],[166.452713657902,-72.93601287220326],[166.88271325100266,-73.01120208118792]]]},"properties":{"featurecla":"Ice Shelf","scalerank":0,"min_zoom":0}},{"type":"Feature","geometry":{"bbox":[33.77197513198064,-69.81046721789387,38.06256595231025,-68.78344980252524],"type":"Polygon","coordinates":[[[34.2171675961751,-68.78344980252524],[34.3848576189622,-68.79321664822837],[34.52118004734825,-68.78644703559817],[34.68892174656759,-68.81771127713472],[34.76343916193247,-68.87600229275994],[34.8433309262557,-68.88034311307247],[34.844364454901495,-68.91408782335907],[34.855939975734884,-68.97609954210935],[34.903999057766384,-69.02777597440115],[34.877850783026645,-69.04823984158878],[34.9295272153185,-69.07071908963569],[35.02306155776688,-69.07149423612012],[35.07845869318368,-69.03325367622412],[35.45259606297685,-69.0952653949744],[35.639251336415214,-69.20208058052164],[35.6683968442278,-69.2035791970581],[35.6508268572486,-69.17557057075594],[35.697438999175745,-69.15500335070381],[35.8446134783431,-69.1483370909381],[36.179890171052705,-69.24864104601667],[36.51506351089779,-69.30057586046999],[36.65520999527337,-69.35876352323064],[36.71081383641939,-69.41669280382985],[36.60549726740857,-69.43467620226744],[36.39228030777235,-69.41168018989747],[36.37636396662646,-69.41715789172045],[36.42442304865784,-69.45317636502793],[36.48509118016858,-69.4707980284394],[36.52333174006452,-69.5462456195855],[36.81974775569074,-69.6019011371639],[36.80941246923237,-69.6184892719296],[36.98232181168095,-69.6347156716692],[37.060766635899995,-69.6778654926329],[37.10758548355648,-69.60572519315346],[37.64119632340237,-69.3288945453659],[37.953011915851505,-69.27644296658968],[38.06256595231025,-69.28434946073031],[37.58249189631874,-69.47115976346542],[37.290003289546746,-69.66143238716415],[37.26623213069246,-69.71104176216431],[37.281011590328035,-69.72737151476858],[37.31005374527598,-69.76338998807596],[37.11482018407725,-69.81046721789387],[36.85571455256593,-69.72556283963837],[36.71866865412784,-69.6522339822162],[36.58586022313773,-69.6379196104713],[36.33114708837104,-69.63931487414318],[36.01778120295313,-69.66184579862247],[35.56762780125865,-69.66008879992455],[35.35704633966924,-69.6813794900288],[35.224754673001996,-69.63729949328382],[35.13132368341837,-69.48692107531451],[34.74948652521363,-69.16771575304759],[34.59580081557772,-69.09454192492228],[34.058572625471356,-69.1105616189328],[33.81367801284017,-69.09929615669313],[33.77197513198064,-69.02002450955737],[33.884836460106044,-68.97930348091143],[34.074230584455734,-68.88535572700476],[34.21933800633133,-68.79063282661375],[34.2171675961751,-68.78344980252524]]]},"properties":{"featurecla":"Ice Shelf","scalerank":0,"min_zoom":0}},{"type":"Feature","geometry":{"bbox":[-157.6493639801133,-77.24210662222049,-156.7520285715811,-76.96450082794858],"type":"Polygon","coordinates":[[[-156.7520285715811,-77.21818043406941],[-157.13931759339255,-77.24210662222049],[-157.46539588115425,-77.2312028950069],[-157.6493639801133,-77.15694386180354],[-157.63063127340746,-77.13823699331381],[-157.56270260315978,-77.1135356586783],[-157.62846086325126,-77.04589120880826],[-157.26093807679146,-76.96450082794858],[-157.1844569569995,-76.96739470815695],[-157.13797400615294,-76.98656666453718],[-157.0972529775069,-77.00227629995388],[-157.15551815491602,-77.03338551219365],[-157.10482357483772,-77.04702809031872],[-157.11037879130907,-77.08004933055317],[-157.00152238668625,-77.11415577586587],[-156.96113725485014,-77.1498641905795],[-156.79662533264894,-77.17089649852232],[-156.7520285715811,-77.21818043406941]]]},"properties":{"featurecla":"Ice Shelf","scalerank":0,"min_zoom":0}},{"type":"Feature","geometry":{"bbox":[163.8426920921363,-77.88852711375955,164.52885176010784,-77.6574301085503],"type":"Polygon","coordinates":[[[164.49608890203484,-77.85297372834276],[164.42591230698247,-77.88852711375955],[164.4208996930501,-77.88346282339498],[164.23191898015875,-77.87705494579072],[164.03632368393403,-77.85302540477505],[164.04516035385586,-77.77458058055592],[163.8426920921363,-77.72037200308179],[163.90914798406374,-77.69685922638902],[164.19150801010647,-77.6574301085503],[164.32772708562783,-77.67396656688372],[164.45779666570655,-77.7319992003475],[164.4729895368003,-77.78042001740492],[164.52885176010784,-77.82734221792597],[164.49608890203484,-77.85297372834276]]]},"properties":{"featurecla":"Ice Shelf","scalerank":0,"min_zoom":0}},{"type":"Feature","geometry":{"bbox":[55.802671746652095,-67.26457610460244,57.09985355004267,-66.60342782986025],"type":"Polygon","coordinates":[[[56.36584150576891,-67.21248626085223],[56.15484663272116,-67.26457610460244],[55.802671746652095,-67.19930877061785],[56.39142133975333,-66.97384449652836],[56.47963300967558,-66.85917449327269],[56.453174676342144,-66.77979949327238],[56.2918408547269,-66.72114674262113],[56.14585493350239,-66.62606210720409],[56.29442467634152,-66.60342782986025],[56.510018751863306,-66.65923837673542],[56.78106163923417,-66.70543710720442],[56.78245690290595,-66.71220671983463],[56.80777835472901,-66.74517628363688],[56.64406741722837,-66.79530242295992],[56.68861250186393,-66.85938119900186],[56.70194502139526,-66.90253101996564],[57.01996178571949,-66.91307301215318],[57.09985355004267,-66.95451751085126],[56.964254591708766,-66.97668670030443],[56.98347822452138,-66.98955413194507],[56.93335208519824,-67.04634653103392],[56.93087161644821,-67.05590667100789],[56.89159752790647,-67.05621672960163],[56.760029331291264,-67.07332162869022],[56.56216027204567,-67.11595468533102],[56.36584150576891,-67.21248626085223]]]},"properties":{"featurecla":"Ice Shelf","scalerank":0,"min_zoom":0}},{"type":"Feature","geometry":{"bbox":[165.86008833237884,-73.79673552845671,167.05531253485753,-73.52693287546089],"type":"Polygon","coordinates":[[[166.85790856350258,-73.58439706816938],[166.8770805198829,-73.61090707793518],[167.05531253485753,-73.63405811960193],[166.9984167829042,-73.6673894184302],[166.92581139553414,-73.668784682102],[166.7247900739187,-73.6458920225967],[166.654200067408,-73.59845305775278],[166.59528893459526,-73.60687631621639],[166.50547529527205,-73.6521448709041],[166.61332400946515,-73.65121469512282],[166.5896562034755,-73.66935312285727],[166.66133141506427,-73.66640756621663],[166.80132287014303,-73.73668751413358],[166.44697757391765,-73.79673552845671],[166.38052168199027,-73.7783387185608],[166.40424116441227,-73.7554460590555],[166.29417036363049,-73.72475025827413],[166.07284020412447,-73.70960906361262],[165.97052086818655,-73.63080250436755],[165.86008833237884,-73.59266529733614],[166.0010099632387,-73.57664560332562],[166.15929487534876,-73.53375416452337],[166.42878746975083,-73.52693287546089],[166.85553144761712,-73.54000701283067],[166.85790856350258,-73.58439706816938]]]},"properties":{"featurecla":"Ice Shelf","scalerank":0,"min_zoom":0}},{"type":"Feature","geometry":{"bbox":[161.0289620302761,-71.0395911599561,162.28650801009883,-70.1391293272702],"type":"Polygon","coordinates":[[[161.59652428613776,-70.1552523741453],[161.60670454329926,-70.21173471464033],[161.64008751855982,-70.20956430448402],[161.66339358952348,-70.24630624784353],[161.7630257509822,-70.28697560005727],[161.7592016949926,-70.32289072050008],[161.80813927637303,-70.29079965604683],[161.93474653548805,-70.31575937284387],[161.96756106999345,-70.4000436339119],[162.0040446311915,-70.42247120552659],[162.03070967025405,-70.43502857857351],[162.0219246767645,-70.43983448677665],[162.0396496930406,-70.6250428201107],[162.28650801009883,-70.96900115344542],[162.27777469304158,-71.02191782011232],[162.18945967025473,-71.0395911599561],[161.9160913434307,-70.90729949328896],[161.6250496767629,-70.9160844867785],[161.42449344303816,-70.8267359353459],[161.03702355371374,-70.31715463651575],[161.0289620302761,-70.31198699328651],[161.06105309472935,-70.30397714628128],[161.1133496442087,-70.30444223417189],[161.2294149111363,-70.25126718534362],[161.17577477441733,-70.22150156034346],[161.12223799056295,-70.21085621529133],[161.14652591374016,-70.17907520943182],[161.56665530827308,-70.1391293272702],[161.59652428613776,-70.1552523741453]]]},"properties":{"featurecla":"Ice Shelf","scalerank":0,"min_zoom":0}},{"type":"Feature","geometry":{"bbox":[-134.8691523914805,-74.89139739369548,-114.88267208541093,-73.65359181100818],"type":"Polygon","coordinates":[[[-126.49609758187674,-73.70020395293551],[-126.4655826486083,-73.74624765410755],[-126.47170630583496,-73.81213510527968],[-126.2441232980215,-73.89088998809254],[-125.88690995980394,-73.95460702910836],[-125.68273637581872,-74.03542896921286],[-125.54933366585733,-74.06271412546299],[-125.42081437874734,-74.06994882598387],[-125.08959428597261,-74.18239674265095],[-124.87304419645352,-74.20833831166146],[-124.1994160633128,-74.22559824004702],[-123.9824784005515,-74.25603565866685],[-123.93741655159303,-74.25613901153152],[-123.83675086148843,-74.22570159291159],[-123.83881791878007,-74.168237400203],[-123.81106767463936,-74.11738779082782],[-123.80044816780342,-74.07625335072348],[-123.85119442431403,-74.05697804147857],[-123.93235226122843,-74.00804046009816],[-124.12936865934118,-73.97109181100949],[-124.15182206917198,-73.94422006621777],[-124.1005590483385,-73.9068580056707],[-124.04206132698403,-73.88039967233728],[-124.07469499397637,-73.86288136179029],[-124.02704932340329,-73.85538827910796],[-123.34923539924691,-73.84438119902981],[-123.34507544644741,-73.84314096465478],[-123.19084713427235,-73.84929046009759],[-123.03468095588623,-73.83761158639962],[-122.99158281135482,-73.84412281686835],[-122.95119767951873,-73.86655038848306],[-122.62470598029871,-73.96551075632193],[-122.71002377001261,-73.99362273548877],[-122.88076270230492,-74.0990426573642],[-122.87525916226582,-74.14121062611432],[-122.79420467821606,-74.19045826608854],[-122.76474911180972,-74.21867359811986],[-122.89065873908879,-74.2270451801512],[-122.95608110237033,-74.24032602325013],[-122.93843360074266,-74.30202768340669],[-122.85911027717461,-74.34269703562035],[-122.28666459846139,-74.4031067849696],[-121.06242407925076,-74.33732268666205],[-121.00245357957603,-74.32641895944846],[-121.00472734259691,-74.29288095489103],[-121.03645667202414,-74.27929005319825],[-121.05413001186791,-74.25996306752107],[-121.01909339077402,-74.17345671986443],[-120.9895344715031,-74.15707529082798],[-120.27247229702107,-73.98912688587937],[-120.31231482631807,-73.92194752389993],[-120.37815060105792,-73.85585336699864],[-120.47708513068068,-73.8004045551494],[-120.3760060291178,-73.79823414499317],[-120.07571428106975,-73.84391611113921],[-119.89688798712368,-73.8277930642641],[-119.7786523100399,-73.84432952259752],[-119.66157935268266,-73.98933359160853],[-119.69379960821671,-74.00618010853567],[-119.79668738490979,-74.02922779733785],[-119.90515621629045,-74.0815243468172],[-119.88722449428514,-74.097233982234],[-119.82102698451926,-74.1196615538486],[-119.75836931036534,-74.12203866973408],[-119.54892473028643,-74.1102564431715],[-119.4485432605594,-74.07614999785889],[-119.05859290248493,-73.99770517363986],[-118.98981157110444,-73.96700937285841],[-118.88888749883841,-73.88711760853519],[-118.87762203659882,-73.88773772572274],[-118.86010372605182,-73.9144544412176],[-118.66269975469689,-73.95378020619174],[-117.29611650273834,-74.06224903757239],[-117.29030290410545,-74.06395435983801],[-117.37647335495217,-74.08276458119222],[-117.39833248581168,-74.12245208119239],[-117.36303748255625,-74.16089934681753],[-117.23033240443081,-74.19273202910934],[-116.73863115117359,-74.1650334614009],[-116.57094112838651,-74.12565601999447],[-116.51414872929767,-74.09547698353609],[-116.53422502324308,-74.0832813455152],[-116.60866492395951,-74.06860523874428],[-116.58458370651148,-74.05558277780668],[-116.45143937871153,-74.01765227650453],[-116.16574622278593,-73.91435108835302],[-116.16109534387957,-73.91429941192072],[-116.1231648425774,-73.95729420358757],[-115.7369351876279,-74.06571135853592],[-115.12490536177908,-74.09387501413495],[-114.88267208541093,-74.11986825957777],[-114.99103756392701,-74.2750525857503],[-115.10521664107597,-74.45509327585522],[-115.22265133345921,-74.48744272246992],[-116.43301673059942,-74.44708342884991],[-117.06835262741188,-74.47323170358959],[-117.80621456589138,-74.40295175567273],[-118.34204749232586,-74.38155771270388],[-118.6558009509859,-74.39282317494349],[-118.80294959193705,-74.42227874134983],[-119.02244523809678,-74.51788014108985],[-119.42223995652286,-74.62159474069965],[-119.67703060593793,-74.6546159809341],[-121.54394507534644,-74.75001067494495],[-123.8894608224262,-74.77305836374711],[-124.31248409716743,-74.73574797963234],[-125.35345414925494,-74.71466399525724],[-126.3840114002356,-74.74256926869491],[-127.02022579639704,-74.69781747833008],[-127.86340430388738,-74.71921152129892],[-128.94062537322765,-74.82018726999723],[-129.23828162322886,-74.82886891062232],[-129.79083187550964,-74.89139739369548],[-130.195639207868,-74.89067392364343],[-130.85748511444623,-74.82597503041394],[-131.706580573434,-74.81088551218471],[-132.04937618704216,-74.76572031036166],[-132.35126990449123,-74.78938811635129],[-132.99167009166837,-74.80613128041387],[-133.47489641002966,-74.85181324655989],[-133.79637549531736,-74.85460377390368],[-134.11715694876915,-74.82969573353901],[-134.46512020560647,-74.77615894968463],[-134.84042029512622,-74.69409677520511],[-134.8691523914805,-74.69389006947594],[-134.75401730033425,-74.61844247832975],[-134.60009904675283,-74.60691863392871],[-134.48723771862745,-74.54072112416284],[-133.3498394438833,-74.49689950957932],[-132.8858625965507,-74.42858326608942],[-132.83679582408953,-74.429565118303],[-132.8572080148448,-74.46175953562084],[-132.54632259817694,-74.49844980254807],[-132.39126746308514,-74.44191578562075],[-132.3623286610017,-74.40997975046437],[-132.37452429902265,-74.40848113392789],[-132.34380266002512,-74.40408863718308],[-132.16533810110514,-74.41860971465715],[-132.14590776256335,-74.42005665476131],[-132.16267676484205,-74.42579273874574],[-132.04932451060986,-74.46382659291248],[-132.02511410208115,-74.48863128041265],[-131.9525345529272,-74.51431446726164],[-131.8408876209606,-74.54258147572534],[-131.59798255097266,-74.55374358510038],[-131.17893836151785,-74.60479990020471],[-131.06672298879604,-74.58381926869426],[-130.9673233712826,-74.51508961374606],[-130.95680721731125,-74.45628183379786],[-130.9811468169207,-74.41411386504774],[-130.98137936086596,-74.41411386504774],[-130.9770902169858,-74.41059986765192],[-130.94807390025386,-74.3797490375736],[-130.88347835988907,-74.37375457142774],[-129.9781847807838,-74.41432057077691],[-128.25792802621964,-74.31747893666196],[-128.20400366912315,-74.29649830515143],[-127.95789466033304,-74.15376799916132],[-127.60489295134724,-74.03501555775455],[-127.49572648813067,-73.93021575306659],[-127.31075069874194,-73.83776661569647],[-127.25863501677554,-73.77756357207647],[-127.2579373849396,-73.72521534616473],[-127.23173743376763,-73.7065084776751],[-127.23165991911922,-73.71348479603455],[-127.2116353016061,-73.72438852324811],[-127.12210588266045,-73.73420704538353],[-127.00642818897508,-73.7258354633523],[-126.9017058989356,-73.67679452910731],[-126.83827307829733,-73.65736419056554],[-126.7109681873463,-73.65359181100818],[-126.58268144418174,-73.66997324004473],[-126.53839474170762,-73.68015349720626],[-126.49609758187674,-73.70020395293551]],[[-128.13349117726085,-74.32740081166196],[-128.09628414601073,-74.46620370879795],[-128.0704976062971,-74.47819264108968],[-128.00008846729935,-74.48945810332927],[-127.91526160369226,-74.54258147572534],[-127.81710222055389,-74.5746208637463],[-127.51776648650315,-74.64055999135073],[-127.36583777556507,-74.62267994577772],[-127.23196997771299,-74.57839324330357],[-127.1452052478949,-74.48015634551675],[-127.22977372934056,-74.42517262155818],[-127.48647640675041,-74.40522551869353],[-127.85299150278058,-74.33184498483907],[-128.0429023914532,-74.31220794056813],[-128.13349117726085,-74.32740081166196]]]},"properties":{"featurecla":"Ice Shelf","scalerank":0,"min_zoom":0}},{"type":"Feature","geometry":{"bbox":[163.63236901270847,-70.6399256326108,164.2136771995597,-70.48158904406844],"type":"Polygon","coordinates":[[[163.90330854721475,-70.51130299263633],[163.98795454330877,-70.55016366971978],[164.03627200750174,-70.54225717557912],[164.2092330263826,-70.56768198026678],[164.2136771995597,-70.56943897896468],[163.9983415061995,-70.63651498807945],[163.74383507716203,-70.6399256326108],[163.67763756739606,-70.58954111112621],[163.80166100489657,-70.58411508573553],[163.69386396713577,-70.54339405708959],[163.6527295270314,-70.56287607206355],[163.63236901270847,-70.53455738716764],[163.69179690984413,-70.48158904406844],[163.90330854721475,-70.51130299263633]]]},"properties":{"featurecla":"Ice Shelf","scalerank":0,"min_zoom":0}},{"type":"Feature","geometry":{"bbox":[12.86214033371985,-71.03736907336759,32.989335564920225,-69.0432789040888],"type":"Polygon","coordinates":[[[30.900729200979473,-69.0432789040888],[31.458524611138046,-69.13670989367247],[31.58864586764895,-69.09159636828164],[32.05631757989045,-69.1415674783079],[32.46445804213158,-69.11986337674534],[32.51344729994429,-69.09345671984411],[32.575510695126866,-69.08265634549512],[32.73798139825249,-69.25484221789168],[32.90308759942502,-69.37871062609531],[32.9759513689566,-69.51694508247603],[32.989335564920225,-69.62417367948166],[32.91145918145634,-69.73372771594046],[32.809811639138275,-69.90932423286826],[32.62124433770515,-70.00063648872802],[32.45649987155866,-70.025957940551],[32.15946373874499,-70.09985523872842],[31.37873619967934,-70.2257390277914],[31.062786492646865,-70.22470549914554],[30.83406660332298,-70.24625457141124],[30.003316277798888,-70.30004973742716],[29.463814324671663,-70.4062964822192],[28.911496616336162,-70.58313323352203],[28.386360711386175,-70.68204192492861],[27.69772057466463,-70.77247568143937],[27.50863650890861,-70.81330006294999],[27.206794467891825,-70.91091684354936],[26.917974887812534,-70.95370492948703],[26.75431562674416,-70.9672958311798],[26.49882734549317,-71.01948902779458],[25.97410485200149,-71.03736907336759],[25.650093621531425,-70.99065357857569],[25.187382846789973,-70.97101653430477],[24.75671146006954,-70.89205494576285],[24.58840132009493,-70.82043141060629],[24.385674676213853,-70.70441782011103],[24.385674676213853,-70.53688282662074],[24.23576134613515,-70.44867115669857],[24.02409467946765,-70.41337615344314],[23.803591342878264,-70.40459115995358],[23.664840122174553,-70.57496835721986],[23.406871372173498,-70.72327971789753],[23.149884474386027,-70.79624684029369],[22.978938836364478,-70.81030282987706],[22.445379672950878,-70.73971282336638],[22.277844679460685,-70.69563282662139],[22.23371300628341,-70.64271615995447],[22.396442091570464,-70.56137745552708],[22.366004672950567,-70.47512949003197],[22.21578128427811,-70.41730356229735],[21.96225670745423,-70.3003597960209],[21.84887861500579,-70.27674366646347],[21.704908074640656,-70.25850188586442],[21.33733361174859,-70.49507659289664],[21.1859733415657,-70.68059498482444],[21.07078657398705,-70.84342742297618],[20.128053419686438,-70.91758310331497],[19.94418867359198,-70.91014169706493],[19.65185509611686,-70.9205803363879],[19.409234246506486,-70.9169629861275],[19.265057000412185,-70.90239023222115],[19.152970818771053,-70.8208448220646],[19.02657026538509,-70.67403207792339],[19.132248569422046,-70.49192433052684],[19.196327345464,-70.2931250955],[19.00936201343194,-70.21209644966635],[18.877173699629367,-70.20134775174964],[18.627266473065816,-70.26945728951029],[18.432549676190064,-70.28992115669791],[18.351366001059517,-70.41549488716716],[18.23194176603303,-70.51827931099567],[18.12455813973054,-70.54034514758436],[17.166683790768303,-70.45084156685479],[16.709140659256093,-70.39725310656812],[16.584807163161855,-70.20382822049967],[16.380995314202636,-70.14512379341606],[16.025203077873158,-70.193441257609],[15.806870151439966,-70.32397592557824],[15.562854038157724,-70.33074553820843],[15.063866407947417,-70.29477874133335],[14.491704949611803,-70.29963632596875],[13.822598504296593,-70.34314788195857],[13.532590366274661,-70.28754404081245],[13.297876010804913,-70.22961476021325],[13.06553877122073,-70.05360483182713],[12.995723911194377,-70.055516859822],[12.999496290751665,-70.04776539497814],[12.930043165751414,-70.0089047178947],[12.928182814188917,-69.97547006620184],[12.957121616272303,-69.95454111112369],[12.879090203511566,-69.96957895292056],[12.86214033371985,-69.93232024523815],[13.039080437887236,-69.81558318469084],[13.270177443096486,-69.76039275500302],[13.250747104554705,-69.7246326638571],[13.26924726731528,-69.67171599719026],[13.581166212629029,-69.73656991971652],[13.741879917056764,-69.65688486112246],[13.782394239973542,-69.66184579862247],[13.715731642317081,-69.6469113096901],[13.746944207421336,-69.6396766091693],[13.714491407942063,-69.62634408963797],[13.852674187890502,-69.63518075955989],[13.73474856940044,-69.57978362414295],[14.20727786627734,-69.4942074522676],[14.861398146227886,-69.46542367948109],[15.464462111074027,-69.52485157661667],[15.504459669667911,-69.56867319120022],[15.44244795091771,-69.57471933377836],[15.426428256907172,-69.59957569771073],[15.418470086334253,-69.61926441841395],[15.573706088939078,-69.65791838976824],[15.566057976959883,-69.71083505643516],[15.524510125397226,-69.72985198351853],[15.506113315501326,-69.76519866320625],[15.560580275136912,-69.78307870877917],[15.55127851732439,-69.79863331489909],[15.504356316803326,-69.80478281034183],[15.579493849355712,-69.84560719185235],[15.562543979563971,-69.86276376737332],[15.570915561595314,-69.88472625109733],[15.613807000397571,-69.93903818143605],[15.66341637539773,-69.95505787544658],[15.844904005606793,-69.98203297310287],[16.159200066806022,-70.07194996529076],[16.222555372795824,-70.00766448351968],[16.315366245192052,-69.8444703103419],[16.625424838943307,-69.75031585070616],[16.58175825365663,-69.72762989693001],[16.585633986078477,-69.72680307401339],[16.96731611498629,-69.69817433052367],[17.335769077227354,-69.73905038846657],[17.46340986498825,-69.7052540017476],[17.659366896239106,-69.7039104145081],[17.701741570718383,-69.69259327583612],[17.73068037280183,-69.65125213000263],[17.786697625406248,-69.71941334419564],[18.821466505618673,-69.9289096007069],[19.03023929207788,-69.99123137805083],[19.350426466558275,-69.92870289497773],[19.923414747810597,-69.95330087674867],[19.567260776455015,-69.83000090930022],[19.646429070726185,-69.8202340635971],[19.613149448330176,-69.79470590604488],[19.643018426194942,-69.77537892036769],[19.72384036629944,-69.78896982206047],[19.711024611091005,-69.760031019977],[19.911735874112622,-69.72256560656544],[20.663421258230244,-69.8018372537012],[21.19000410328448,-69.81516977323243],[21.380793491306008,-69.87315073026392],[21.341105991305852,-69.89640512479525],[21.443425327243773,-69.94022673937879],[21.271342807711875,-70.00404713325926],[21.7715706722972,-70.16305551542136],[22.298773634538833,-70.25643482857276],[22.666399773863276,-70.20661874784338],[22.72324384938432,-70.16780974719221],[22.726861199644787,-70.09489430122835],[22.954237501728983,-70.1031625303951],[23.060794305114854,-70.07716928495228],[23.048598667093955,-70.0874528949783],[23.160013055115257,-70.13473683052538],[23.65217939626308,-70.19116749458811],[23.709850294700743,-70.21550709419759],[23.686595900169408,-70.22258676542161],[23.73000410329456,-70.2792241352135],[23.793256056419864,-70.30878305448442],[23.917072788191206,-70.30382211698442],[23.96688886892051,-70.27643360786972],[24.240463901473703,-70.31074675891148],[24.252142775171677,-70.28475351346867],[24.3113639665782,-70.27674366646347],[24.62597008637107,-70.34516326281792],[24.632377963975333,-70.31896331164594],[24.738107944444494,-70.27488331490096],[24.650154656683668,-70.23679778430184],[24.660593296006653,-70.20413827909341],[24.71247643402771,-70.18997893664537],[24.92745039236192,-70.24274057401541],[24.813038771267713,-70.18310597115061],[24.8076644223093,-70.13287647896288],[24.852622918403284,-70.10843352648882],[24.80332360199685,-70.07995981229607],[24.843527866319903,-70.06673064562932],[25.104700555122974,-70.04668018990007],[25.145111525175253,-70.0367583149],[25.112452019966838,-70.02342579536875],[25.204642775175504,-70.0030136046134],[25.55614586762485,-70.04120248807709],[25.746831902781793,-70.02621632271243],[25.836542189240504,-70.0466285134678],[25.859589878042698,-70.09877003365028],[25.785485874136185,-70.13974944445775],[25.612369825958325,-70.18439788195792],[25.874162631949048,-70.17835173937976],[25.92108483247,-70.19044402453606],[25.888425327261558,-70.27240284615092],[25.91219648611579,-70.28387501411976],[25.962064243277467,-70.28764739367702],[25.96418297700149,-70.29457203560418],[26.005317417105744,-70.37291350695864],[26.357543979607215,-70.43430510852137],[26.470198602003425,-70.44794768664644],[26.608794793410286,-70.41239430122965],[26.79296959809855,-70.41931894315671],[26.85715172700506,-70.3811817361254],[26.874721713984258,-70.33002206815638],[26.737365756952443,-70.18605152779125],[26.68620608898354,-70.11442799263469],[26.668532749139676,-70.10657317492634],[26.67308027518135,-70.10161223742634],[26.694267612421044,-70.0941708311763],[26.63246259939999,-70.05220956815525],[26.676284213983454,-70.0371717263584],[26.59432539236849,-70.01123015734787],[26.623574253045774,-69.98627044055084],[26.520014682732835,-70.00528736763428],[26.552674187941278,-69.96808033638408],[26.454488966586723,-69.97681365344144],[26.40353600434696,-69.96017384224345],[26.49458987804519,-69.92870289497773],[26.79224612804643,-69.94219044380586],[27.070058628047576,-70.01324553820723],[27.369575229611176,-69.93976165148818],[27.509825066851363,-69.96957895292056],[27.750120477008636,-69.97004404081125],[28.137693719197642,-69.91351002388393],[27.973362664509438,-69.85103321724304],[28.034444207478458,-69.82209441515958],[28.162188348103996,-69.83925099068045],[28.346983269979745,-69.81620330187829],[28.430802443157177,-69.78545582466464],[28.390081414511144,-69.75000579211243],[28.442274611125924,-69.75295134875307],[28.380986362427794,-69.73005868924777],[28.498085158001203,-69.68422169380489],[28.560510288209798,-69.67491993599235],[28.70148359550203,-69.74979908638328],[28.814654982221214,-69.71672616971645],[28.938885125450867,-69.74401132596657],[29.137115919722422,-69.72287566515917],[29.315916375452336,-69.67621184679966],[29.24201907727496,-69.63936655057547],[29.356017286910795,-69.633785495888],[29.285323927535618,-69.59311614367427],[29.277985874150144,-69.56588266385643],[29.34619876477535,-69.5013387999239],[29.290491570764797,-69.48030649198108],[29.322324253056596,-69.47281340929877],[29.243259311649975,-69.41808806750174],[29.265376824670962,-69.39457529080887],[29.39177737805682,-69.39442026151202],[29.631866082484862,-69.30093759549602],[29.741626824672835,-69.29334115994911],[29.993084344205045,-69.20828175239666],[30.156795281705683,-69.25096648546975],[30.489901564259128,-69.26936329536565],[30.537133823373892,-69.2583562152875],[30.491658562957127,-69.21339771919361],[30.519253777800884,-69.20140878690188],[30.546642286915585,-69.1236357563026],[30.6121680030617,-69.10265512479208],[30.69485029472878,-69.11242197049529],[30.66250084811401,-69.0971774229692],[30.74828372571858,-69.05252898546902],[30.900729200979473,-69.0432789040888]]]},"properties":{"featurecla":"Ice Shelf","scalerank":0,"min_zoom":0}},{"type":"Feature","geometry":{"bbox":[77.83171471549014,-68.81171681098886,78.4893489928366,-68.62459644966],"type":"Polygon","coordinates":[[[78.22848636262717,-68.75611296984283],[78.14115319205393,-68.81171681098886],[78.11862226757466,-68.76288258247303],[78.08802981965783,-68.73714771919165],[77.87615644726122,-68.71859587999889],[77.83171471549014,-68.68629810981648],[78.4893489928366,-68.62459644966],[78.4889355813782,-68.62578500760274],[78.22848636262717,-68.75611296984283]]]},"properties":{"featurecla":"Ice Shelf","scalerank":0,"min_zoom":0}},{"type":"Feature","geometry":{"bbox":[-125.85993486214757,-73.82975676869125,-124.55572506396526,-73.62108733509662],"type":"Polygon","coordinates":[[[-124.59207943408258,-73.68666472767501],[-124.55572506396526,-73.73885792428979],[-124.61750423877021,-73.7352922504617],[-124.69442460823667,-73.74955494577421],[-124.99345028369359,-73.82975676869125],[-125.108792080569,-73.82593271270161],[-125.22444393603827,-73.80076629017552],[-125.32689246305695,-73.79554697051398],[-125.55240841357865,-73.82014495228489],[-125.67441647021977,-73.82216033314435],[-125.79859493701713,-73.80195484811824],[-125.85706682015542,-73.78014739369102],[-125.85993486214757,-73.7486764464253],[-125.82846391488178,-73.71834238066995],[-125.72319902230332,-73.70268442168555],[-125.61240475146948,-73.71069426869076],[-125.27609453011395,-73.69048878366466],[-125.26397640674156,-73.66645924264891],[-125.31368913460629,-73.62765024199774],[-125.22563249398101,-73.62108733509662],[-124.59207943408258,-73.68666472767501]]]},"properties":{"featurecla":"Ice Shelf","scalerank":0,"min_zoom":0}},{"type":"Feature","geometry":{"bbox":[81.3193571308687,-67.80268279405772,88.76345055537763,-66.3013274066819],"type":"Polygon","coordinates":[[[86.03472822463766,-66.3013274066819],[86.20867109573197,-66.32220468532785],[86.43656416213918,-66.31217945746329],[86.6619767597964,-66.3628223611093],[86.71261966344235,-66.39775562933853],[86.82351728714076,-66.38493987413018],[87.34214196162196,-66.43150033962522],[87.86614098506158,-66.54002084743814],[88.33267581579264,-66.56864959092778],[88.60056644079367,-66.68099415473037],[88.53359378454337,-66.70388681423566],[88.54961347855391,-66.71592742295968],[88.63405276891882,-66.7266244444441],[88.75766279496099,-66.78615569444435],[88.76345055537763,-66.79333871853285],[88.31407230016754,-66.81747161241319],[87.980242547562,-66.78842945746514],[87.08479332880847,-66.94015146267407],[86.94655887242766,-66.98557504665865],[86.75018842971855,-67.03709644965367],[86.11834069208584,-67.0549764952266],[85.71071699416751,-67.16127491645102],[85.42897708531223,-67.1609648578573],[85.11674808140475,-67.12561817816957],[84.74829511916363,-67.10220875434138],[84.4851587259335,-67.11450774522685],[84.16073408400513,-67.24411223741488],[83.90369550978528,-67.29196461371714],[83.49359134311698,-67.44125782660839],[83.30424889519963,-67.60305673611427],[83.15779788608444,-67.61049814236429],[82.60692711785299,-67.61308196397883],[82.2732007181121,-67.69173349392712],[82.01698896680904,-67.69007984809379],[81.35542728060847,-67.80268279405772],[81.35594404493133,-67.8014425596827],[81.38002526237938,-67.77529428494302],[81.3193571308687,-67.69777963650526],[81.4015226582128,-67.62517424913514],[81.35677086784807,-67.57494475694742],[81.3430249368584,-67.50631845486382],[81.54497643425503,-67.46518401475956],[81.669619988943,-67.3793494607227],[81.76811526889134,-67.35687021267577],[81.70806725456822,-67.3289132628059],[81.69370120639104,-67.3078292784308],[81.71612877800573,-67.29950937283175],[82.02856448764237,-67.2651445453577],[82.16943444206998,-67.21765390408147],[82.3263240905082,-67.21171111436789],[82.61705569858226,-67.24834970486285],[83.31778812046002,-67.14706389757079],[83.48129235223149,-67.16406544379481],[83.53017825717961,-67.11207895290917],[83.58237145379451,-67.1200887999144],[83.55891035353392,-67.08231332790902],[83.80302981968077,-67.02045663845567],[84.49838789260025,-66.96588632595544],[84.46872562046468,-66.93705087673655],[84.50314212437098,-66.92387338650218],[84.11835940952574,-66.89994719835101],[84.11711917515072,-66.85581552517374],[84.13825483595815,-66.8452735329862],[84.07536461785895,-66.80455250434025],[83.95650882358763,-66.79654265733494],[84.00415449416067,-66.75520151150144],[83.9600228209834,-66.7100363096784],[84.08001549676521,-66.66595631293342],[84.38082400913612,-66.63841277452184],[84.55347496942329,-66.56895964952152],[84.75987063999702,-66.5712334125424],[84.95045332228949,-66.61732879014674],[85.02352379755024,-66.66921192816778],[85.07282311395664,-66.65324391058964],[85.07313317255041,-66.61422820420924],[85.07964440301913,-66.60425465277686],[85.13607506708189,-66.63712086371453],[85.222323032577,-66.64342538845415],[85.32841474807225,-66.61190276475614],[85.19395267124878,-66.55609221788087],[85.16470381057161,-66.52157236110986],[85.1349898620038,-66.51955698025051],[85.13664350783716,-66.51702483506827],[85.3892895853121,-66.42793466579701],[85.68663577671947,-66.39176116319277],[85.83370690302223,-66.32752735785397],[86.03472822463766,-66.3013274066819]],[[86.27771080927398,-66.69665211371478],[86.23223554885709,-66.73292896918369],[86.33688032424817,-66.78760263454843],[86.4266422871392,-66.79204680772554],[86.54177737828549,-66.76744882595462],[86.65195153193174,-66.7181495095482],[86.55666019078558,-66.70574716579816],[86.5206417174781,-66.68688526801165],[86.38323408401396,-66.67484465928763],[86.27771080927398,-66.69665211371478]],[[85.55279381708357,-66.7284847960066],[85.34030032749939,-66.72331715277735],[85.31446211135346,-66.7760271137151],[85.35869713739532,-66.854265232205],[85.61733768101612,-66.95090016059078],[85.62224694208385,-66.96536956163254],[85.65004886265694,-66.97973560980965],[85.82233808791796,-66.95327727647623],[85.93767988479345,-66.8941594379343],[85.80616336461065,-66.77458017361093],[85.55279381708357,-66.7284847960066]]]},"properties":{"featurecla":"Ice Shelf","scalerank":0,"min_zoom":0}},{"type":"Feature","geometry":{"bbox":[-142.03372799372272,-75.75082813914162,-140.8743672352545,-75.4064047179163],"type":"Polygon","coordinates":[[[-140.8743672352545,-75.74586720164163],[-141.00898434137486,-75.75082813914162],[-141.13463558649258,-75.74602223093848],[-141.50574988499665,-75.69041838979246],[-142.03372799372272,-75.54634449656265],[-141.99210262751154,-75.44082122182265],[-141.36330379938408,-75.4064047179163],[-141.31676917210524,-75.42185597117157],[-141.34250403538658,-75.47859669382802],[-141.29883745009994,-75.50061085398434],[-141.19403764541207,-75.5425204405731],[-141.22338985895382,-75.54587940867205],[-140.8743672352545,-75.74586720164163]]]},"properties":{"featurecla":"Ice Shelf","scalerank":0,"min_zoom":0}},{"type":"Feature","geometry":{"bbox":[158.5603788596933,-84.35159514763961,179.99994876537812,-77.44684864696089],"type":"Polygon","coordinates":[[[171.26885379464005,-77.48519255972145],[171.68614098539695,-77.49826669709134],[172.09552168201313,-77.51113412873198],[172.50619428943662,-77.524053236805],[172.8768176618339,-77.53568043407061],[173.22067264230418,-77.5464808084196],[173.53135135324277,-77.55619597769055],[173.88864220610884,-77.56740976349786],[174.2188546084539,-77.57779672638854],[174.59645429921062,-77.58968230581569],[175.0516719912697,-77.60394500112821],[175.6215596865846,-77.62177337026894],[176.04804528228942,-77.63515756623246],[176.23175499908695,-77.70032154735256],[176.6204651227864,-77.71820159292557],[177.06379723541846,-77.73861378368082],[177.48687218659205,-77.7580441222226],[177.82447431875488,-77.77359872834244],[178.16853600495412,-77.78941171662372],[178.49285729401788,-77.80429452912381],[178.81666181875883,-77.81917734162388],[179.1669763532654,-77.8353003884989],[179.54380089753766,-77.85266366974903],[179.99994876537812,-77.87364430125947],[179.99994876537812,-78.04572682079144],[179.99994876537812,-78.74888803498698],[179.99994876537812,-79.45204924918244],[179.99994876537812,-80.15515878694568],[179.99994876537812,-80.85826832470892],[179.99994876537812,-81.56137786247217],[179.99994876537812,-82.26448740023541],[179.99994876537812,-82.96764861443094],[179.99994876537812,-83.6708098286264],[179.99994876537812,-84.35159514763961],[179.62023034089748,-84.26834441521734],[179.40298261954246,-84.2061776671702],[178.9444059593843,-84.18142465610241],[178.4959062035232,-84.13569101352408],[178.35260745677772,-84.12669931430538],[178.20853356354797,-84.12990325310747],[177.58097496979553,-84.07491952914891],[175.9112060895805,-83.97311695753388],[175.60564334543852,-83.96753590284632],[175.3228182315051,-83.94004404086705],[175.18737430246824,-83.8774122049293],[175.01100263905613,-83.83906829216873],[173.82239301991058,-83.81012949008527],[173.6617309919152,-83.76098520297572],[173.39719933501306,-83.75876311638721],[172.8738721051933,-83.67318694451185],[172.45002200753538,-83.67540903110039],[171.91713463774153,-83.64404143669925],[171.53710615466713,-83.58130624789693],[171.28926598539533,-83.55546803175098],[171.22069135974397,-83.4750078266725],[171.0357414085714,-83.4484461404745],[170.81746015857055,-83.43578541456301],[170.33201175362063,-83.47878020622984],[169.83783003161346,-83.3990434712035],[168.10997684150237,-83.36199146925016],[167.84280968655338,-83.31625782667186],[167.65760135321932,-83.27212615349465],[167.6743961937142,-83.23140512484864],[167.82523969957418,-83.24292896924976],[167.97298261949658,-83.24313567497892],[168.24014977444563,-83.22985483187988],[168.31993818590422,-83.21073455193184],[168.40825320869106,-83.15513071078581],[168.48158206611328,-83.12676034945763],[168.6072591494471,-83.06531707146252],[168.27590986559153,-82.9872339822695],[168.09168338447108,-82.97472828565488],[167.8274617861627,-83.03074553825931],[167.6018941592087,-83.04748870232187],[167.4044385114214,-82.99880950310293],[167.29736494371264,-82.98583871859762],[167.23256269761868,-82.95230071404018],[167.27121666897295,-82.8793852680764],[167.1163424013942,-82.80130217888339],[166.95671390204467,-82.76461191195617],[166.74210167873645,-82.75706715284154],[166.44584069240722,-82.72213388461222],[165.98157962469696,-82.62963307080972],[164.97993533758358,-82.38499684034],[164.74713301010877,-82.3544043924232],[164.0013387392724,-82.39677906690257],[163.26846357650908,-82.46328663526225],[163.17461917546706,-82.51889047640827],[163.01173506088304,-82.534961846851],[162.64369551010032,-82.4815284158613],[161.2832100771522,-82.48995167432481],[161.1665246930371,-82.407837823413],[162.42655114160982,-82.31440683382931],[163.6800663597138,-82.1873344868236],[163.60229332911456,-82.12062021273485],[163.00434533106528,-81.96894988395812],[162.85432864812196,-81.92073577262985],[162.82110070215828,-81.86616546012961],[162.57661950098543,-81.83205901481699],[162.42515587793793,-81.76498300570213],[161.99608646061859,-81.65305185335795],[161.7301595400446,-81.61047047314943],[161.58200320866376,-81.6097470030974],[160.907832472984,-81.39027719515377],[160.46982303287803,-81.34066782015361],[160.47860802636774,-81.27012949007512],[160.5399479514981,-81.24170745231464],[160.71673302636862,-81.19959115999673],[160.72784345931137,-81.11292978304331],[160.7168363792332,-80.90741261181847],[160.6072306663421,-80.90115976351117],[160.27567467675755,-80.84679615674018],[160.2601200706377,-80.78674814241695],[160.50248253808655,-80.77930673616692],[160.71998864160304,-80.75310678499494],[160.83026614811388,-80.7299040668959],[160.82313480045764,-80.67399016715615],[160.60128787662865,-80.6365247537445],[160.52124108300848,-80.58345305778072],[160.603303257488,-80.5075920551763],[160.63735802636833,-80.44992115673854],[160.5421183616544,-80.4249614399416],[159.06515425032035,-80.4425314269208],[158.57360802636003,-80.42346282340513],[158.5603788596933,-80.34889373160794],[158.76744632388687,-80.2933415668942],[160.17940148339778,-80.08803110139851],[160.3817663922527,-80.0544930968411],[160.55875817285238,-80.01056812939306],[160.557983026368,-79.9295911599917],[160.387295770508,-79.87951669710085],[160.11134362206934,-79.89248748160615],[159.89652469303206,-79.85900115348102],[159.87182335839645,-79.78980641064213],[160.26482262597625,-79.73657968538157],[160.34631635970044,-79.69146615999071],[160.32275190657538,-79.63550058381858],[160.083490025064,-79.63255502717803],[159.97589969303237,-79.58563282665698],[160.06793541894422,-79.56124155061521],[160.20911543196559,-79.55436858512034],[160.64609134342567,-79.42688282665632],[160.670224237306,-79.35892831819255],[160.5673364606128,-79.30229094840067],[160.48269046451873,-79.20147022899921],[160.87351932194213,-79.04969654735791],[161.19050255762056,-78.97869312938892],[161.54598473535629,-79.01507333772243],[161.7372392112685,-79.05992848095173],[161.86415652897745,-79.06091033316531],[161.95148969955062,-79.0300078266547],[161.95148969955062,-78.96825449006595],[161.81335859603445,-78.90743132925839],[161.50169803288225,-78.67721282339815],[161.5104830263718,-78.57137949006433],[161.66923302637247,-78.53608448680897],[161.75734134343014,-78.54492115673091],[161.9744340354883,-78.69426604605447],[162.63940636622004,-78.89771615998754],[162.89504967676794,-78.84479949332064],[163.50312625554642,-78.75855152782553],[163.90170657781368,-78.71710702912746],[164.3005452822423,-78.63008391714794],[164.6346850934416,-78.60321217235612],[166.1167134951403,-78.57106943147059],[166.28647057521903,-78.62781015412705],[166.52459557521996,-78.6949378396742],[166.84989871649736,-78.67984832144496],[167.0490596865502,-78.68604949331998],[167.13024336168075,-78.60615772899678],[167.05794803290445,-78.5184628233975],[166.80111616441383,-78.52161508576728],[166.5102812034752,-78.49737883902239],[166.20859419175514,-78.45164519644408],[165.66294274318534,-78.30565927521957],[165.53416507391393,-78.15383391714607],[165.5239848167525,-78.06360686636438],[165.41753136623117,-78.04221282339554],[165.27392256089206,-78.1286158181876],[165.0504219912297,-78.22607756949009],[164.62807051010827,-78.31558115021957],[164.29734134344028,-78.23620615021923],[163.9775675804181,-78.2238038064692],[164.107843866226,-78.14680592235433],[164.3759928733885,-78.05962778107795],[164.41655887273765,-78.06639739370814],[164.78790571518698,-78.04996428823941],[165.18638268458966,-77.97110605256196],[165.30291303940783,-77.8828943826397],[165.84344852118085,-77.82315642691032],[166.7088737327729,-77.91178150829087],[166.83966678290352,-77.88273935334284],[166.76737145412721,-77.84542896922815],[166.76592451402303,-77.83912444448855],[167.02503014553446,-77.75644215282156],[167.27948489813963,-77.70259531037335],[167.3922428734005,-77.64864511506066],[167.91758548407972,-77.64409758901897],[168.32252200751884,-77.6825448546441],[168.51878909736337,-77.68120126740452],[168.75453698147896,-77.65329599396694],[169.11725385973563,-77.56058847443536],[169.35274336168962,-77.52472503042475],[169.2941422874706,-77.4714983051641],[169.31109215726235,-77.4651937804245],[169.4487581728879,-77.45211964305471],[169.68657311429513,-77.47036142365374],[169.93151940335864,-77.48906829214339],[169.99900882393177,-77.48477914826314],[170.04939334541638,-77.44684864696089],[170.48321699450668,-77.46049122508595],[170.87900678943015,-77.47294524526828],[171.26885379464005,-77.48519255972145]],[[167.42226688056212,-78.00645273224958],[167.3639758649369,-78.04583017365601],[167.13789147365992,-78.1299594054272],[166.86359297105463,-78.19641529735449],[166.75982669501263,-78.19796559032326],[166.56707360256394,-78.14804615672936],[166.11108076402047,-78.08965178823956],[166.01284386623354,-78.10195077912502],[166.01253380763978,-78.13130299266679],[166.05051598537432,-78.21336516714624],[166.12182946193718,-78.27465341584438],[166.28481692938567,-78.30648609813619],[166.62598473537662,-78.28426523225073],[166.93614668199245,-78.2224602192296],[167.37694664944212,-78.24902190542768],[167.51735151597916,-78.21605234162543],[167.64261518785463,-78.14143157339595],[167.6397729840786,-78.11166594839587],[167.5937809593388,-78.02226572053097],[167.4977661481405,-77.99239674266622],[167.42226688056212,-78.00645273224958]]]},"properties":{"featurecla":"Ice Shelf","scalerank":0,"min_zoom":0}},{"type":"Feature","geometry":{"bbox":[-179.99999999999994,-85.19216399529915,-148.02343990780915,-77.81493987417593],"type":"Polygon","coordinates":[[[-157.84805986227553,-78.07389047639049],[-157.26680335185657,-78.19977426545346],[-156.56927486878087,-78.18618336376078],[-155.34154619039057,-78.1919711241774],[-155.0366294016523,-78.22080657339626],[-154.6950740224192,-78.2169825174067],[-154.2930313791884,-78.25904713329226],[-154.53766760965811,-78.35888600048023],[-154.7164422271719,-78.39816008902199],[-155.91980546773658,-78.51040129995998],[-156.20792741597992,-78.55866708772056],[-156.4693843251606,-78.63530323680938],[-156.11457394104463,-78.74459889110673],[-155.20992631734313,-78.9648438455347],[-154.51774634500964,-79.0465959614204],[-153.51760067443274,-79.11728932079575],[-152.7013714263826,-79.13485930777495],[-152.24354407449272,-79.1027165668894],[-152.13771074115897,-79.11594573355615],[-152.05342648009088,-79.19273691194188],[-152.0914086578254,-79.24162281688997],[-151.90359066466064,-79.280586846838],[-151.63616512755016,-79.31769052522364],[-151.3683003407652,-79.3933448220989],[-151.0484749013108,-79.45969736116172],[-150.4906278147201,-79.54558359163079],[-149.05143917539135,-79.65689462678742],[-148.41749854225083,-79.73141204215233],[-148.17655717668995,-79.77590545035564],[-148.0829711578094,-79.85677906689241],[-148.12932491757516,-79.90768035269988],[-148.29644649960716,-79.90654347118952],[-148.43354407447742,-79.92953948355941],[-148.43028845924306,-79.9712940408512],[-148.3398288645162,-80.00276498811701],[-148.31714291074005,-80.07097787874221],[-148.4480393137353,-80.09051157014856],[-148.7661077544918,-80.10813323356014],[-149.57766028541948,-80.10596282340383],[-149.84537004290758,-80.11764169710182],[-150.2207218088596,-80.15004282014881],[-150.43548906146472,-80.21107268668553],[-150.57542884011104,-80.35375131624335],[-150.51615597227223,-80.40951018668633],[-150.28172583718015,-80.48051360465533],[-150.13279435931497,-80.51043425895236],[-149.4286512929059,-80.58624358512449],[-149.2644494292985,-80.59306487418706],[-149.21406490781396,-80.60422698356209],[-149.20745032448062,-80.67037281689565],[-149.14719560442825,-80.7186902810886],[-148.98420813697965,-80.74153126416161],[-148.54296891985547,-80.76008310335439],[-148.02343990780915,-80.83573740022965],[-148.12276201067414,-80.90074635205286],[-152.0347712880335,-81.0290072570013],[-155.92114905497618,-81.13339365023086],[-156.5282437815411,-81.16233245231432],[-156.81509965719323,-81.23095875439793],[-157.03252824606136,-81.3191704243201],[-156.49258704325973,-81.37699635205473],[-154.9078258941648,-81.51032154736782],[-154.4851901926657,-81.5662354471076],[-154.23210486551625,-81.62323455192549],[-153.95666948140058,-81.70023243604045],[-154.06141760965625,-81.76539641716045],[-154.18848995666195,-81.81056161898358],[-154.45147132059535,-81.86756072380149],[-154.71744991760158,-81.9407345519268],[-153.8826171539264,-82.1765341124746],[-153.00987972716507,-82.44964405713719],[-153.39866736551295,-82.58622486768458],[-153.8223107574418,-82.66932057080989],[-155.15029171447833,-82.85835296013359],[-155.45944597066438,-82.98072275180074],[-156.03703345439067,-83.02681812940509],[-157.01826555074882,-83.07518727003031],[-157.52187822164927,-83.10660654086372],[-157.67951717835558,-83.12944752393673],[-157.58923845114168,-83.18742848096822],[-157.35581600647924,-83.19848723747866],[-157.0278256907228,-83.23435068148927],[-157.42847307028165,-83.34638518669803],[-157.69930925192338,-83.38121510206277],[-159.44439653220383,-83.54316904086551],[-159.923540412414,-83.49469654737571],[-160.5947397532371,-83.48952890414655],[-162.19727759504036,-83.5189844705529],[-162.57420549217724,-83.41067066846912],[-162.9120660065015,-83.34710865675017],[-163.1110977854737,-83.32912525831257],[-163.73343705956475,-83.3730502257607],[-164.0584043040322,-83.42472665805249],[-164.44558997297906,-83.46766977328703],[-164.64436336978972,-83.41247934359932],[-164.9156388011059,-83.29005787549987],[-165.61921342675976,-83.21554046013506],[-166.2169288808637,-83.20076100049955],[-167.72430457260154,-83.21740081169754],[-168.05477535710807,-83.2265992166455],[-168.19102027084554,-83.21331837354646],[-168.41769894109387,-83.22876962680172],[-168.60378577377693,-83.20153614698388],[-168.79018266505372,-83.18789356885883],[-169.0161120270338,-83.1502731261504],[-169.44081478582456,-83.09601287224388],[-171.03133785711995,-82.94299895622765],[-171.82131547756583,-82.84744923292001],[-172.12437191474154,-82.86243539828467],[-172.39208167222955,-82.89307952263376],[-172.59294796454802,-82.88419117627953],[-172.85156266995273,-82.91685068148797],[-173.07116166897706,-82.9158171528422],[-174.23594845283588,-82.79344736117504],[-174.17202470609084,-82.84775929151375],[-174.06601050524412,-82.9001075174254],[-171.5394463776298,-83.2037065571402],[-171.18789160874817,-83.25646819451015],[-169.16770484116196,-83.44984140414638],[-168.78501502182448,-83.5293197570113],[-168.49730648503953,-83.61138193149073],[-168.34736731674462,-83.63680673617836],[-168.05275997624864,-83.73545704542362],[-167.8012507802841,-83.79080250440818],[-167.55289384668941,-83.81085296013741],[-166.64948645736285,-83.7920427387832],[-165.92180477604478,-83.7902857400852],[-165.5363502675797,-83.75659270623099],[-164.950882127929,-83.80589202263741],[-164.0829506093708,-83.94614185987749],[-164.01135291243045,-84.01564666131011],[-164.1239558583944,-84.05352548618008],[-164.50256323958078,-84.07161223748216],[-164.60284135644315,-84.09667530714377],[-164.68508439843575,-84.15455291131067],[-164.52834977929444,-84.19098479607646],[-164.03215267642793,-84.27397714633719],[-163.82141618554164,-84.2905652811029],[-163.75762162987735,-84.30549977003518],[-163.76519222720808,-84.32420663852491],[-163.89921505435703,-84.35262867628538],[-165.12516089583335,-84.37464283644178],[-165.1848471751304,-84.36957854607711],[-165.24047685449258,-84.38120574334282],[-165.135366991211,-84.40988616326483],[-164.91687903548092,-84.43138355909824],[-164.11416317447507,-84.44543954868162],[-163.8970446442008,-84.47045094191085],[-163.75899105533304,-84.49282683709326],[-163.6854813303978,-84.51308399855165],[-163.56853756412136,-84.52869028110379],[-158.30345842184767,-84.77802906691207],[-156.9863553538085,-84.81110198357891],[-156.62100297750504,-84.83967905063633],[-156.48969316305138,-84.8892367492042],[-157.14965287985086,-84.89130380649594],[-157.45392371318542,-84.91238779087095],[-156.98831905823567,-84.9822543273296],[-156.64278459371602,-85.07935434360607],[-156.45915239156687,-85.18606617628872],[-156.81034542542238,-85.19216399529915],[-157.12753536683,-85.18565276483041],[-160.82090165916242,-84.98659514764212],[-162.93343421125425,-84.90122568149593],[-163.46376359764957,-84.9009156229022],[-166.91112423405662,-84.81926685988098],[-167.49222571517873,-84.83368458449047],[-168.04862586166533,-84.72862639764107],[-168.66781287338657,-84.6835645486826],[-171.70369991766952,-84.54238453566114],[-174.66320919502508,-84.46269947706708],[-174.98672949938842,-84.46538665154628],[-175.38104651599153,-84.47975269972338],[-175.87463395902734,-84.51034514764017],[-176.10738461007,-84.47530852654627],[-176.28902726957585,-84.41836109816064],[-176.98557390043808,-84.39934417107727],[-177.73043799549313,-84.39521005649391],[-178.06904781808564,-84.35231861769165],[-178.38954505115979,-84.33753915805615],[-179.9999893871038,-84.35154347120732],[-179.99999999999994,-84.21173979005862],[-179.99999999999994,-77.8736475382306],[-179.257295702205,-77.93219369904622],[-178.3184382803262,-78.00614267365586],[-177.4416959300623,-78.0751823871978],[-176.86049109607552,-78.12101938264068],[-176.84325700590625,-78.12959767040117],[-176.9155264964664,-78.20287485139104],[-176.86829423735168,-78.21253834422961],[-176.95666093657073,-78.25909880972455],[-176.91457048246903,-78.26865894969852],[-176.21931576241417,-78.28860605256327],[-175.63968705961236,-78.30519418732888],[-174.70075212308512,-78.33216928498527],[-173.86602271227446,-78.35614714956873],[-172.58183753160532,-78.39299244579283],[-171.83389868882892,-78.41448984162625],[-170.6146707835506,-78.44952646272014],[-169.7370499339377,-78.47474456167853],[-169.15941077377911,-78.49122934357965],[-168.3249914215623,-78.51515553173083],[-167.59715471094736,-78.53603281037668],[-166.65617855534467,-78.56300790803307],[-165.6074828766295,-78.59308359162696],[-164.98385169173125,-78.6109636371999],[-164.7121886871728,-78.56533334748626],[-163.78630204979927,-78.60104176219991],[-163.0603256907469,-78.58083627717382],[-162.27347449445472,-78.45655445751187],[-161.45675432029785,-78.32746672964672],[-160.64357398175292,-78.19899911896911],[-159.91713253480987,-78.0841740864166],[-159.18792639873922,-77.96893564240574],[-158.77456661683655,-77.90366830842108],[-158.73451738181035,-77.87390268342091],[-158.63710730694015,-77.86351572053032],[-158.46918474020777,-77.81493987417593],[-158.40696631572834,-77.88775196727514],[-158.28591427308456,-77.95074553823899],[-157.84805986227553,-78.07389047639049]],[[-160.80671647849837,-79.81202727652767],[-160.30212195538434,-79.84448007600695],[-159.05294755759286,-79.80742807405369],[-159.00961686911612,-79.7804529763973],[-158.9966202463947,-79.73518442170968],[-159.05139726462411,-79.69456674592823],[-159.11878333233273,-79.674516290199],[-159.18973507386943,-79.63725758251658],[-159.2561392893645,-79.59100717561529],[-159.36641679587538,-79.54522185660468],[-159.4188425364355,-79.50806650178686],[-159.68412350160582,-79.40243987418228],[-159.963537971008,-79.32435678498925],[-160.2496187001758,-79.27149179475464],[-160.7644451568836,-79.13160369254058],[-161.28345740460702,-79.00706349071712],[-161.64299618227767,-78.90102345165421],[-162.1607165191938,-78.79348479605486],[-162.39005652570515,-78.7601534972266],[-162.62159278058894,-78.74175668733068],[-162.87276607974357,-78.72516855256497],[-163.1241460846274,-78.7191740864191],[-163.25612769270083,-78.72206796662746],[-163.34532121483664,-78.7798422179298],[-163.66026323143944,-78.85575489696659],[-163.81467241112756,-78.92877369579494],[-164.12555782779543,-78.9953329405869],[-164.19955847883745,-79.05073007600379],[-164.24487870995736,-79.13764983511872],[-164.28164649153308,-79.2455502257441],[-164.2257842682255,-79.32079111116116],[-163.97091610416206,-79.3887972960572],[-163.7124305898381,-79.44202402131785],[-163.31726091210209,-79.50475921012018],[-161.86554073794264,-79.70350676871473],[-160.80671647849837,-79.81202727652767]],[[-155.75118526916822,-79.82959726350686],[-155.52535926005274,-79.84644378043402],[-155.0448201161706,-79.89977385855923],[-154.94169979553214,-79.96628142691893],[-154.52947689513985,-80.00049122509611],[-154.34886776427976,-80.0260710590806],[-154.11407589416166,-80.03599293408061],[-153.9304953684448,-80.03330575960149],[-154.02539913634877,-79.98767546988776],[-154.5351096262597,-79.93553394970527],[-155.16222897033776,-79.85068124788197],[-155.6743165761341,-79.76551848746493],[-155.75118526916822,-79.82959726350686]],[[-163.25310462141178,-81.48246795036243],[-160.57104610903127,-81.59786142367024],[-160.46717648012458,-81.58948984163891],[-160.48549577537202,-81.56701059359202],[-160.61690894269026,-81.52210377393031],[-160.93789710187127,-81.46350269971136],[-161.55860856834508,-81.39668507275795],[-162.45651241763255,-81.31322763460662],[-163.20067888085165,-81.2813949523148],[-163.86903601789857,-81.32397633252333],[-163.93004004621918,-81.35219166455465],[-163.95125322167493,-81.39094898877352],[-163.9392901275994,-81.4040748025757],[-163.89017167870594,-81.42366017041434],[-163.76607072655707,-81.44479583122173],[-163.25310462141178,-81.48246795036243]],[[-158.1541135325242,-82.05845346468769],[-158.07626298727644,-82.11204192497436],[-157.9875087148152,-82.10501393018262],[-157.83459815166358,-82.03075489697926],[-158.26085120342304,-81.94729745882785],[-158.34673743389214,-81.90047861117147],[-158.91375708721478,-81.77976246533764],[-158.98873959047026,-81.77934905387924],[-158.92636613669396,-81.81862314242109],[-158.77319719138086,-81.87546721794214],[-158.5453299631898,-81.94884775179659],[-158.1541135325242,-82.05845346468769]],[[-163.79599138085405,-82.84264332471689],[-163.7353490875595,-82.85680266716483],[-163.7039556549422,-82.87928191521183],[-163.6343733388612,-82.90227792758171],[-163.60220475975945,-82.92739267367551],[-163.60176551008504,-82.96852711377986],[-163.5521044586525,-82.98769907016019],[-163.34842180077416,-83.02154713331134],[-163.24217505598202,-83.05963266391046],[-163.04657975975726,-83.0967880187283],[-162.3049454417205,-83.14174651482219],[-161.99380164289107,-83.11869882602002],[-161.82823035382793,-83.04252776482187],[-161.63519304100163,-83.02692148226966],[-162.33982703351745,-82.92274179476925],[-162.41062374575736,-82.89917734164419],[-162.79850704654012,-82.86486419060236],[-163.79599138085405,-82.84264332471689]]]},"properties":{"featurecla":"Ice Shelf","scalerank":0,"min_zoom":0}}],"fileName":"ne_50m_antarctic_ice_shelves_polys"}